ISO-10303-21;
HEADER;
/* Generated by software containing ST-Developer
 * from STEP Tools, Inc. (www.steptools.com) 
 */

FILE_DESCRIPTION(
/* description */ (''),
/* implementation_level */ '2;1');

FILE_NAME(
/* name */ 'BlareCase_Bottom.step',
/* time_stamp */ '2026-09-19T16:50:00-04:00',
/* author */ (''),
/* organization */ (''),
/* preprocessor_version */ 'ST-DEVELOPER v20.2',
/* originating_system */ 'Autodesk Translation Framework v15.15.0.0',
/* authorisation */ '');

FILE_SCHEMA (('AUTOMOTIVE_DESIGN { 1 0 10303 214 3 1 1 }'));
ENDSEC;

DATA;
#10=MECHANICAL_DESIGN_GEOMETRIC_PRESENTATION_REPRESENTATION('',(#13),#4055);
#11=SHAPE_REPRESENTATION_RELATIONSHIP('SRR','None',#4062,#12);
#12=ADVANCED_BREP_SHAPE_REPRESENTATION('',(#14),#4054);
#13=STYLED_ITEM('',(#4084),#14);
#14=MANIFOLD_SOLID_BREP('Case (Bottom)',#2279);
#15=B_SPLINE_SURFACE_WITH_KNOTS('',3,3,((#3456,#3457,#3458,#3459,#3460,
#3461,#3462),(#3463,#3464,#3465,#3466,#3467,#3468,#3469),(#3470,#3471,#3472,
#3473,#3474,#3475,#3476),(#3477,#3478,#3479,#3480,#3481,#3482,#3483),(#3484,
#3485,#3486,#3487,#3488,#3489,#3490),(#3491,#3492,#3493,#3494,#3495,#3496,
#3497),(#3498,#3499,#3500,#3501,#3502,#3503,#3504)),.UNSPECIFIED.,.F.,.F.,
 .F.,(4,1,1,1,4),(4,1,1,1,4),(0.,0.285714285714286,0.571428571428571,0.714285714285714,
1.),(0.701227927273123,0.740381848880024,0.759958809683475,0.799112731290377,
0.838266652897279),.UNSPECIFIED.);
#16=B_SPLINE_SURFACE_WITH_KNOTS('',3,3,((#3534,#3535,#3536,#3537,#3538,
#3539,#3540,#3541),(#3542,#3543,#3544,#3545,#3546,#3547,#3548,#3549),(#3550,
#3551,#3552,#3553,#3554,#3555,#3556,#3557),(#3558,#3559,#3560,#3561,#3562,
#3563,#3564,#3565),(#3566,#3567,#3568,#3569,#3570,#3571,#3572,#3573),(#3574,
#3575,#3576,#3577,#3578,#3579,#3580,#3581),(#3582,#3583,#3584,#3585,#3586,
#3587,#3588,#3589)),.UNSPECIFIED.,.F.,.F.,.F.,(4,1,1,1,4),(4,1,1,1,1,4),
(0.,0.285714285714286,0.571428571428571,0.714285714285714,1.),(0.579296501404357,
0.598886372582252,0.63806611493804,0.677245857293829,0.691938260677249,
0.716425599649617),.UNSPECIFIED.);
#17=B_SPLINE_SURFACE_WITH_KNOTS('',3,3,((#3609,#3610,#3611,#3612,#3613,
#3614,#3615,#3616),(#3617,#3618,#3619,#3620,#3621,#3622,#3623,#3624),(#3625,
#3626,#3627,#3628,#3629,#3630,#3631,#3632),(#3633,#3634,#3635,#3636,#3637,
#3638,#3639,#3640),(#3641,#3642,#3643,#3644,#3645,#3646,#3647,#3648),(#3649,
#3650,#3651,#3652,#3653,#3654,#3655,#3656),(#3657,#3658,#3659,#3660,#3661,
#3662,#3663,#3664)),.UNSPECIFIED.,.F.,.F.,.F.,(4,1,1,1,4),(4,1,1,1,1,4),
(0.,0.285714285714286,0.571428571428571,0.714285714285714,1.),(0.5794799306587,
0.599061967401756,0.638226040887869,0.677390114373981,0.692076641931273,
0.716554187860093),.UNSPECIFIED.);
#18=B_SPLINE_SURFACE_WITH_KNOTS('',3,3,((#3696,#3697,#3698,#3699,#3700,
#3701,#3702,#3703),(#3704,#3705,#3706,#3707,#3708,#3709,#3710,#3711),(#3712,
#3713,#3714,#3715,#3716,#3717,#3718,#3719),(#3720,#3721,#3722,#3723,#3724,
#3725,#3726,#3727),(#3728,#3729,#3730,#3731,#3732,#3733,#3734,#3735),(#3736,
#3737,#3738,#3739,#3740,#3741,#3742,#3743),(#3744,#3745,#3746,#3747,#3748,
#3749,#3750,#3751)),.UNSPECIFIED.,.F.,.F.,.F.,(4,1,1,1,4),(4,1,1,1,1,4),
(0.,0.285714285714286,0.571428571428571,0.714285714285714,1.),(0.579287845328917,
0.598878297515449,0.638059201888513,0.677240106261577,0.691932945401477,
0.716421010634642),.UNSPECIFIED.);
#19=FACE_BOUND('',#336,.T.);
#20=FACE_BOUND('',#340,.T.);
#21=FACE_BOUND('',#345,.T.);
#22=FACE_BOUND('',#351,.T.);
#23=FACE_BOUND('',#356,.T.);
#24=FACE_BOUND('',#360,.T.);
#25=FACE_BOUND('',#364,.T.);
#26=FACE_BOUND('',#368,.T.);
#27=FACE_BOUND('',#369,.T.);
#28=FACE_BOUND('',#370,.T.);
#29=FACE_BOUND('',#371,.T.);
#30=FACE_BOUND('',#376,.T.);
#31=FACE_BOUND('',#388,.T.);
#32=FACE_BOUND('',#411,.T.);
#33=FACE_BOUND('',#415,.T.);
#34=FACE_BOUND('',#425,.T.);
#35=FACE_BOUND('',#427,.T.);
#36=FACE_BOUND('',#438,.T.);
#37=FACE_BOUND('',#440,.T.);
#38=FACE_BOUND('',#452,.T.);
#39=FACE_BOUND('',#464,.T.);
#40=FACE_BOUND('',#470,.T.);
#41=FACE_BOUND('',#471,.T.);
#42=FACE_BOUND('',#472,.T.);
#43=FACE_BOUND('',#473,.T.);
#44=B_SPLINE_CURVE_WITH_KNOTS('',3,(#3161,#3162,#3163,#3164,#3165,#3166,
#3167,#3168,#3169,#3170,#3171,#3172,#3173,#3174,#3175,#3176),
 .UNSPECIFIED.,.F.,.F.,(4,2,2,2,2,2,2,4),(5.04370284894566,5.08643871694149,
5.16711671181149,5.24779470668149,5.36807937220452,5.51307832578482,5.65807727936512,
5.67702982370489),.UNSPECIFIED.);
#45=B_SPLINE_CURVE_WITH_KNOTS('',3,(#3234,#3235,#3236,#3237,#3238,#3239,
#3240,#3241,#3242,#3243,#3244,#3245,#3246,#3247,#3248,#3249,#3250,#3251),
 .UNSPECIFIED.,.F.,.F.,(4,2,2,2,2,2,2,2,4),(3.49695687777367,3.51362011246805,
3.64034934485119,3.72146519677244,3.80258104869369,3.88404384122602,3.96550663375836,
4.0892146400314,4.12570878652443),.UNSPECIFIED.);
#46=B_SPLINE_CURVE_WITH_KNOTS('',3,(#3303,#3304,#3305,#3306,#3307,#3308,
#3309,#3310,#3311,#3312,#3313,#3314,#3315,#3316,#3317,#3318,#3319,#3320),
 .UNSPECIFIED.,.F.,.F.,(4,2,2,2,2,2,2,2,4),(3.49695687777363,3.51362011246801,
3.64034934485115,3.7214651967724,3.80258104869364,3.88404384122598,3.96550663375832,
4.08921464003136,4.12570878652438),.UNSPECIFIED.);
#47=B_SPLINE_CURVE_WITH_KNOTS('',3,(#3362,#3363,#3364,#3365,#3366,#3367,
#3368,#3369,#3370,#3371),.UNSPECIFIED.,.F.,.F.,(4,2,2,2,4),(1.23691369767266,
1.37109921426523,1.57361468846967,1.77942359781025,1.8748955050234),
 .UNSPECIFIED.);
#48=B_SPLINE_CURVE_WITH_KNOTS('',3,(#3509,#3510,#3511,#3512,#3513,#3514,
#3515),.UNSPECIFIED.,.F.,.F.,(4,1,1,1,4),(0.701227927273123,0.740381848880024,
0.759958809683475,0.799112731290377,0.838266652897279),.UNSPECIFIED.);
#49=B_SPLINE_CURVE_WITH_KNOTS('',3,(#3517,#3518,#3519,#3520,#3521,#3522,
#3523),.UNSPECIFIED.,.F.,.F.,(4,1,1,1,4),(-0.838266652897279,-0.799112731290377,
-0.759958809683475,-0.740381848880024,-0.701227927273123),.UNSPECIFIED.);
#50=B_SPLINE_CURVE_WITH_KNOTS('',3,(#3593,#3594,#3595,#3596,#3597,#3598,
#3599,#3600),.UNSPECIFIED.,.F.,.F.,(4,1,1,1,1,4),(0.579296501404357,0.598886372582252,
0.63806611493804,0.677245857293829,0.691938260677249,0.716425599649617),
 .UNSPECIFIED.);
#51=B_SPLINE_CURVE_WITH_KNOTS('',3,(#3601,#3602,#3603,#3604,#3605,#3606,
#3607,#3608),.UNSPECIFIED.,.F.,.F.,(4,1,1,1,1,4),(-0.716425599649617,-0.691938260677249,
-0.677245857293829,-0.63806611493804,-0.598886372582252,-0.579296501404357),
 .UNSPECIFIED.);
#52=B_SPLINE_CURVE_WITH_KNOTS('',3,(#3668,#3669,#3670,#3671,#3672,#3673,
#3674,#3675),.UNSPECIFIED.,.F.,.F.,(4,1,1,1,1,4),(0.5794799306587,0.599061967401756,
0.638226040887869,0.677390114373981,0.692076641931273,0.716554187860093),
 .UNSPECIFIED.);
#53=B_SPLINE_CURVE_WITH_KNOTS('',3,(#3676,#3677,#3678,#3679,#3680,#3681,
#3682,#3683),.UNSPECIFIED.,.F.,.F.,(4,1,1,1,1,4),(-0.716554187860093,-0.692076641931273,
-0.677390114373981,-0.638226040887869,-0.599061967401756,-0.5794799306587),
 .UNSPECIFIED.);
#54=B_SPLINE_CURVE_WITH_KNOTS('',3,(#3752,#3753,#3754,#3755,#3756,#3757,
#3758,#3759),.UNSPECIFIED.,.F.,.F.,(4,1,1,1,1,4),(0.579287845328917,0.598878297515449,
0.638059201888513,0.677240106261577,0.691932945401477,0.716421010634642),
 .UNSPECIFIED.);
#55=B_SPLINE_CURVE_WITH_KNOTS('',3,(#3760,#3761,#3762,#3763,#3764,#3765,
#3766,#3767),.UNSPECIFIED.,.F.,.F.,(4,1,1,1,1,4),(-0.716421010634642,-0.691932945401477,
-0.677240106261577,-0.638059201888513,-0.598878297515449,-0.579287845328917),
 .UNSPECIFIED.);
#56=CIRCLE('',#2310,1.5);
#57=CIRCLE('',#2312,1.5);
#58=CIRCLE('',#2314,1.5);
#59=CIRCLE('',#2316,1.5);
#60=CIRCLE('',#2320,5.);
#61=CIRCLE('',#2324,2.5);
#62=CIRCLE('',#2328,2.5);
#63=CIRCLE('',#2329,1.5);
#64=CIRCLE('',#2334,5.);
#65=CIRCLE('',#2337,2.5);
#66=CIRCLE('',#2343,2.5);
#67=CIRCLE('',#2344,1.5);
#68=CIRCLE('',#2347,5.00000000000001);
#69=CIRCLE('',#2352,2.5);
#70=CIRCLE('',#2356,2.5);
#71=CIRCLE('',#2357,1.5);
#72=CIRCLE('',#2359,4.99999999999999);
#73=CIRCLE('',#2364,2.5);
#74=CIRCLE('',#2372,2.5);
#75=CIRCLE('',#2373,1.5);
#76=CIRCLE('',#2374,3.99999999999999);
#77=CIRCLE('',#2375,4.);
#78=CIRCLE('',#2377,4.00000000000001);
#79=CIRCLE('',#2379,4.);
#80=CIRCLE('',#2380,4.00000000000002);
#81=CIRCLE('',#2381,4.);
#82=CIRCLE('',#2383,4.);
#83=CIRCLE('',#2385,4.);
#84=CIRCLE('',#2410,2.5);
#85=CIRCLE('',#2411,2.5);
#86=CIRCLE('',#2413,1.5);
#87=CIRCLE('',#2415,1.5);
#88=CIRCLE('',#2424,1.5);
#89=CIRCLE('',#2426,1.5);
#90=CIRCLE('',#2428,2.5);
#91=CIRCLE('',#2429,2.5);
#92=CIRCLE('',#2439,1.5);
#93=CIRCLE('',#2441,1.5);
#94=CIRCLE('',#2443,2.5);
#95=CIRCLE('',#2444,2.5);
#96=PLANE('',#2296);
#97=PLANE('',#2300);
#98=PLANE('',#2301);
#99=PLANE('',#2308);
#100=PLANE('',#2309);
#101=PLANE('',#2311);
#102=PLANE('',#2313);
#103=PLANE('',#2315);
#104=PLANE('',#2317);
#105=PLANE('',#2322);
#106=PLANE('',#2323);
#107=PLANE('',#2325);
#108=PLANE('',#2326);
#109=PLANE('',#2327);
#110=PLANE('',#2330);
#111=PLANE('',#2331);
#112=PLANE('',#2336);
#113=PLANE('',#2338);
#114=PLANE('',#2339);
#115=PLANE('',#2340);
#116=PLANE('',#2341);
#117=PLANE('',#2342);
#118=PLANE('',#2349);
#119=PLANE('',#2350);
#120=PLANE('',#2351);
#121=PLANE('',#2353);
#122=PLANE('',#2354);
#123=PLANE('',#2355);
#124=PLANE('',#2361);
#125=PLANE('',#2362);
#126=PLANE('',#2365);
#127=PLANE('',#2366);
#128=PLANE('',#2367);
#129=PLANE('',#2368);
#130=PLANE('',#2369);
#131=PLANE('',#2370);
#132=PLANE('',#2371);
#133=PLANE('',#2386);
#134=PLANE('',#2388);
#135=PLANE('',#2390);
#136=PLANE('',#2391);
#137=PLANE('',#2392);
#138=PLANE('',#2395);
#139=PLANE('',#2396);
#140=PLANE('',#2397);
#141=PLANE('',#2398);
#142=PLANE('',#2399);
#143=PLANE('',#2400);
#144=PLANE('',#2401);
#145=PLANE('',#2402);
#146=PLANE('',#2403);
#147=PLANE('',#2404);
#148=PLANE('',#2405);
#149=PLANE('',#2406);
#150=PLANE('',#2407);
#151=PLANE('',#2408);
#152=PLANE('',#2412);
#153=PLANE('',#2414);
#154=PLANE('',#2417);
#155=PLANE('',#2418);
#156=PLANE('',#2419);
#157=PLANE('',#2420);
#158=PLANE('',#2421);
#159=PLANE('',#2422);
#160=PLANE('',#2423);
#161=PLANE('',#2430);
#162=PLANE('',#2431);
#163=PLANE('',#2432);
#164=PLANE('',#2433);
#165=PLANE('',#2434);
#166=PLANE('',#2435);
#167=PLANE('',#2436);
#168=PLANE('',#2437);
#169=PLANE('',#2438);
#170=PLANE('',#2445);
#171=PLANE('',#2446);
#172=PLANE('',#2447);
#173=PLANE('',#2448);
#174=PLANE('',#2457);
#175=PLANE('',#2458);
#176=PLANE('',#2459);
#177=PLANE('',#2460);
#178=PLANE('',#2461);
#179=PLANE('',#2462);
#180=PLANE('',#2463);
#181=PLANE('',#2464);
#182=PLANE('',#2465);
#183=PLANE('',#2466);
#184=PLANE('',#2467);
#185=PLANE('',#2468);
#186=PLANE('',#2469);
#187=PLANE('',#2470);
#188=PLANE('',#2471);
#189=PLANE('',#2472);
#190=PLANE('',#2473);
#191=FACE_OUTER_BOUND('',#320,.T.);
#192=FACE_OUTER_BOUND('',#321,.T.);
#193=FACE_OUTER_BOUND('',#322,.T.);
#194=FACE_OUTER_BOUND('',#323,.T.);
#195=FACE_OUTER_BOUND('',#324,.T.);
#196=FACE_OUTER_BOUND('',#325,.T.);
#197=FACE_OUTER_BOUND('',#326,.T.);
#198=FACE_OUTER_BOUND('',#327,.T.);
#199=FACE_OUTER_BOUND('',#328,.T.);
#200=FACE_OUTER_BOUND('',#329,.T.);
#201=FACE_OUTER_BOUND('',#330,.T.);
#202=FACE_OUTER_BOUND('',#331,.T.);
#203=FACE_OUTER_BOUND('',#332,.T.);
#204=FACE_OUTER_BOUND('',#333,.T.);
#205=FACE_OUTER_BOUND('',#334,.T.);
#206=FACE_OUTER_BOUND('',#335,.T.);
#207=FACE_OUTER_BOUND('',#337,.T.);
#208=FACE_OUTER_BOUND('',#338,.T.);
#209=FACE_OUTER_BOUND('',#339,.T.);
#210=FACE_OUTER_BOUND('',#341,.T.);
#211=FACE_OUTER_BOUND('',#342,.T.);
#212=FACE_OUTER_BOUND('',#343,.T.);
#213=FACE_OUTER_BOUND('',#344,.T.);
#214=FACE_OUTER_BOUND('',#346,.T.);
#215=FACE_OUTER_BOUND('',#347,.T.);
#216=FACE_OUTER_BOUND('',#348,.T.);
#217=FACE_OUTER_BOUND('',#349,.T.);
#218=FACE_OUTER_BOUND('',#350,.T.);
#219=FACE_OUTER_BOUND('',#352,.T.);
#220=FACE_OUTER_BOUND('',#353,.T.);
#221=FACE_OUTER_BOUND('',#354,.T.);
#222=FACE_OUTER_BOUND('',#355,.T.);
#223=FACE_OUTER_BOUND('',#357,.T.);
#224=FACE_OUTER_BOUND('',#358,.T.);
#225=FACE_OUTER_BOUND('',#359,.T.);
#226=FACE_OUTER_BOUND('',#361,.T.);
#227=FACE_OUTER_BOUND('',#362,.T.);
#228=FACE_OUTER_BOUND('',#363,.T.);
#229=FACE_OUTER_BOUND('',#365,.T.);
#230=FACE_OUTER_BOUND('',#366,.T.);
#231=FACE_OUTER_BOUND('',#367,.T.);
#232=FACE_OUTER_BOUND('',#372,.T.);
#233=FACE_OUTER_BOUND('',#373,.T.);
#234=FACE_OUTER_BOUND('',#374,.T.);
#235=FACE_OUTER_BOUND('',#375,.T.);
#236=FACE_OUTER_BOUND('',#377,.T.);
#237=FACE_OUTER_BOUND('',#378,.T.);
#238=FACE_OUTER_BOUND('',#379,.T.);
#239=FACE_OUTER_BOUND('',#380,.T.);
#240=FACE_OUTER_BOUND('',#381,.T.);
#241=FACE_OUTER_BOUND('',#382,.T.);
#242=FACE_OUTER_BOUND('',#383,.T.);
#243=FACE_OUTER_BOUND('',#384,.T.);
#244=FACE_OUTER_BOUND('',#385,.T.);
#245=FACE_OUTER_BOUND('',#386,.T.);
#246=FACE_OUTER_BOUND('',#387,.T.);
#247=FACE_OUTER_BOUND('',#389,.T.);
#248=FACE_OUTER_BOUND('',#390,.T.);
#249=FACE_OUTER_BOUND('',#391,.T.);
#250=FACE_OUTER_BOUND('',#392,.T.);
#251=FACE_OUTER_BOUND('',#393,.T.);
#252=FACE_OUTER_BOUND('',#394,.T.);
#253=FACE_OUTER_BOUND('',#395,.T.);
#254=FACE_OUTER_BOUND('',#396,.T.);
#255=FACE_OUTER_BOUND('',#397,.T.);
#256=FACE_OUTER_BOUND('',#398,.T.);
#257=FACE_OUTER_BOUND('',#399,.T.);
#258=FACE_OUTER_BOUND('',#400,.T.);
#259=FACE_OUTER_BOUND('',#401,.T.);
#260=FACE_OUTER_BOUND('',#402,.T.);
#261=FACE_OUTER_BOUND('',#403,.T.);
#262=FACE_OUTER_BOUND('',#404,.T.);
#263=FACE_OUTER_BOUND('',#405,.T.);
#264=FACE_OUTER_BOUND('',#406,.T.);
#265=FACE_OUTER_BOUND('',#407,.T.);
#266=FACE_OUTER_BOUND('',#408,.T.);
#267=FACE_OUTER_BOUND('',#409,.T.);
#268=FACE_OUTER_BOUND('',#410,.T.);
#269=FACE_OUTER_BOUND('',#412,.T.);
#270=FACE_OUTER_BOUND('',#413,.T.);
#271=FACE_OUTER_BOUND('',#414,.T.);
#272=FACE_OUTER_BOUND('',#416,.T.);
#273=FACE_OUTER_BOUND('',#417,.T.);
#274=FACE_OUTER_BOUND('',#418,.T.);
#275=FACE_OUTER_BOUND('',#419,.T.);
#276=FACE_OUTER_BOUND('',#420,.T.);
#277=FACE_OUTER_BOUND('',#421,.T.);
#278=FACE_OUTER_BOUND('',#422,.T.);
#279=FACE_OUTER_BOUND('',#423,.T.);
#280=FACE_OUTER_BOUND('',#424,.T.);
#281=FACE_OUTER_BOUND('',#426,.T.);
#282=FACE_OUTER_BOUND('',#428,.T.);
#283=FACE_OUTER_BOUND('',#429,.T.);
#284=FACE_OUTER_BOUND('',#430,.T.);
#285=FACE_OUTER_BOUND('',#431,.T.);
#286=FACE_OUTER_BOUND('',#432,.T.);
#287=FACE_OUTER_BOUND('',#433,.T.);
#288=FACE_OUTER_BOUND('',#434,.T.);
#289=FACE_OUTER_BOUND('',#435,.T.);
#290=FACE_OUTER_BOUND('',#436,.T.);
#291=FACE_OUTER_BOUND('',#437,.T.);
#292=FACE_OUTER_BOUND('',#439,.T.);
#293=FACE_OUTER_BOUND('',#441,.T.);
#294=FACE_OUTER_BOUND('',#442,.T.);
#295=FACE_OUTER_BOUND('',#443,.T.);
#296=FACE_OUTER_BOUND('',#444,.T.);
#297=FACE_OUTER_BOUND('',#445,.T.);
#298=FACE_OUTER_BOUND('',#446,.T.);
#299=FACE_OUTER_BOUND('',#447,.T.);
#300=FACE_OUTER_BOUND('',#448,.T.);
#301=FACE_OUTER_BOUND('',#449,.T.);
#302=FACE_OUTER_BOUND('',#450,.T.);
#303=FACE_OUTER_BOUND('',#451,.T.);
#304=FACE_OUTER_BOUND('',#453,.T.);
#305=FACE_OUTER_BOUND('',#454,.T.);
#306=FACE_OUTER_BOUND('',#455,.T.);
#307=FACE_OUTER_BOUND('',#456,.T.);
#308=FACE_OUTER_BOUND('',#457,.T.);
#309=FACE_OUTER_BOUND('',#458,.T.);
#310=FACE_OUTER_BOUND('',#459,.T.);
#311=FACE_OUTER_BOUND('',#460,.T.);
#312=FACE_OUTER_BOUND('',#461,.T.);
#313=FACE_OUTER_BOUND('',#462,.T.);
#314=FACE_OUTER_BOUND('',#463,.T.);
#315=FACE_OUTER_BOUND('',#465,.T.);
#316=FACE_OUTER_BOUND('',#466,.T.);
#317=FACE_OUTER_BOUND('',#467,.T.);
#318=FACE_OUTER_BOUND('',#468,.T.);
#319=FACE_OUTER_BOUND('',#469,.T.);
#320=EDGE_LOOP('',(#1494,#1495,#1496,#1497));
#321=EDGE_LOOP('',(#1498,#1499,#1500,#1501));
#322=EDGE_LOOP('',(#1502,#1503,#1504,#1505));
#323=EDGE_LOOP('',(#1506,#1507,#1508,#1509));
#324=EDGE_LOOP('',(#1510,#1511,#1512,#1513));
#325=EDGE_LOOP('',(#1514,#1515,#1516,#1517));
#326=EDGE_LOOP('',(#1518,#1519,#1520,#1521));
#327=EDGE_LOOP('',(#1522,#1523,#1524,#1525));
#328=EDGE_LOOP('',(#1526));
#329=EDGE_LOOP('',(#1527));
#330=EDGE_LOOP('',(#1528));
#331=EDGE_LOOP('',(#1529));
#332=EDGE_LOOP('',(#1530,#1531,#1532,#1533));
#333=EDGE_LOOP('',(#1534,#1535,#1536,#1537));
#334=EDGE_LOOP('',(#1538,#1539,#1540,#1541));
#335=EDGE_LOOP('',(#1542,#1543,#1544,#1545,#1546,#1547,#1548));
#336=EDGE_LOOP('',(#1549));
#337=EDGE_LOOP('',(#1550,#1551,#1552,#1553));
#338=EDGE_LOOP('',(#1554,#1555,#1556,#1557));
#339=EDGE_LOOP('',(#1558));
#340=EDGE_LOOP('',(#1559));
#341=EDGE_LOOP('',(#1560,#1561,#1562,#1563));
#342=EDGE_LOOP('',(#1564,#1565,#1566,#1567));
#343=EDGE_LOOP('',(#1568,#1569,#1570,#1571));
#344=EDGE_LOOP('',(#1572,#1573,#1574,#1575,#1576,#1577,#1578,#1579,#1580,
#1581));
#345=EDGE_LOOP('',(#1582));
#346=EDGE_LOOP('',(#1583,#1584,#1585,#1586,#1587));
#347=EDGE_LOOP('',(#1588,#1589,#1590,#1591));
#348=EDGE_LOOP('',(#1592,#1593,#1594,#1595));
#349=EDGE_LOOP('',(#1596,#1597,#1598,#1599));
#350=EDGE_LOOP('',(#1600));
#351=EDGE_LOOP('',(#1601));
#352=EDGE_LOOP('',(#1602,#1603,#1604,#1605));
#353=EDGE_LOOP('',(#1606,#1607,#1608,#1609));
#354=EDGE_LOOP('',(#1610,#1611,#1612,#1613));
#355=EDGE_LOOP('',(#1614,#1615,#1616,#1617,#1618,#1619,#1620));
#356=EDGE_LOOP('',(#1621));
#357=EDGE_LOOP('',(#1622,#1623,#1624,#1625));
#358=EDGE_LOOP('',(#1626,#1627,#1628,#1629));
#359=EDGE_LOOP('',(#1630));
#360=EDGE_LOOP('',(#1631));
#361=EDGE_LOOP('',(#1632,#1633,#1634));
#362=EDGE_LOOP('',(#1635,#1636,#1637,#1638));
#363=EDGE_LOOP('',(#1639,#1640,#1641,#1642,#1643,#1644,#1645,#1646,#1647,
#1648));
#364=EDGE_LOOP('',(#1649));
#365=EDGE_LOOP('',(#1650,#1651,#1652,#1653));
#366=EDGE_LOOP('',(#1654,#1655,#1656,#1657,#1658,#1659,#1660,#1661));
#367=EDGE_LOOP('',(#1662,#1663,#1664,#1665,#1666,#1667,#1668));
#368=EDGE_LOOP('',(#1669,#1670,#1671,#1672,#1673,#1674,#1675,#1676));
#369=EDGE_LOOP('',(#1677,#1678,#1679,#1680));
#370=EDGE_LOOP('',(#1681,#1682,#1683,#1684));
#371=EDGE_LOOP('',(#1685,#1686,#1687,#1688));
#372=EDGE_LOOP('',(#1689,#1690,#1691,#1692,#1693,#1694));
#373=EDGE_LOOP('',(#1695,#1696,#1697,#1698));
#374=EDGE_LOOP('',(#1699,#1700,#1701,#1702));
#375=EDGE_LOOP('',(#1703));
#376=EDGE_LOOP('',(#1704));
#377=EDGE_LOOP('',(#1705,#1706,#1707,#1708));
#378=EDGE_LOOP('',(#1709,#1710,#1711,#1712));
#379=EDGE_LOOP('',(#1713,#1714,#1715,#1716));
#380=EDGE_LOOP('',(#1717,#1718,#1719,#1720));
#381=EDGE_LOOP('',(#1721,#1722,#1723,#1724));
#382=EDGE_LOOP('',(#1725,#1726,#1727,#1728));
#383=EDGE_LOOP('',(#1729,#1730,#1731,#1732));
#384=EDGE_LOOP('',(#1733,#1734,#1735,#1736));
#385=EDGE_LOOP('',(#1737,#1738,#1739,#1740,#1741,#1742,#1743,#1744));
#386=EDGE_LOOP('',(#1745,#1746,#1747,#1748));
#387=EDGE_LOOP('',(#1749,#1750,#1751,#1752,#1753,#1754,#1755,#1756));
#388=EDGE_LOOP('',(#1757,#1758,#1759,#1760));
#389=EDGE_LOOP('',(#1761,#1762,#1763,#1764));
#390=EDGE_LOOP('',(#1765,#1766,#1767,#1768,#1769,#1770,#1771,#1772));
#391=EDGE_LOOP('',(#1773,#1774,#1775,#1776));
#392=EDGE_LOOP('',(#1777,#1778,#1779,#1780));
#393=EDGE_LOOP('',(#1781,#1782,#1783,#1784,#1785));
#394=EDGE_LOOP('',(#1786,#1787,#1788,#1789));
#395=EDGE_LOOP('',(#1790,#1791,#1792,#1793));
#396=EDGE_LOOP('',(#1794,#1795,#1796,#1797));
#397=EDGE_LOOP('',(#1798,#1799,#1800,#1801));
#398=EDGE_LOOP('',(#1802,#1803,#1804,#1805));
#399=EDGE_LOOP('',(#1806,#1807,#1808,#1809));
#400=EDGE_LOOP('',(#1810,#1811,#1812,#1813));
#401=EDGE_LOOP('',(#1814,#1815,#1816,#1817));
#402=EDGE_LOOP('',(#1818,#1819,#1820,#1821));
#403=EDGE_LOOP('',(#1822,#1823,#1824,#1825));
#404=EDGE_LOOP('',(#1826,#1827,#1828,#1829));
#405=EDGE_LOOP('',(#1830,#1831,#1832,#1833));
#406=EDGE_LOOP('',(#1834,#1835,#1836,#1837));
#407=EDGE_LOOP('',(#1838,#1839,#1840,#1841));
#408=EDGE_LOOP('',(#1842,#1843,#1844,#1845));
#409=EDGE_LOOP('',(#1846,#1847,#1848,#1849));
#410=EDGE_LOOP('',(#1850));
#411=EDGE_LOOP('',(#1851));
#412=EDGE_LOOP('',(#1852));
#413=EDGE_LOOP('',(#1853,#1854,#1855,#1856));
#414=EDGE_LOOP('',(#1857,#1858,#1859,#1860));
#415=EDGE_LOOP('',(#1861));
#416=EDGE_LOOP('',(#1862,#1863,#1864,#1865));
#417=EDGE_LOOP('',(#1866,#1867,#1868,#1869));
#418=EDGE_LOOP('',(#1870,#1871,#1872,#1873));
#419=EDGE_LOOP('',(#1874,#1875,#1876,#1877));
#420=EDGE_LOOP('',(#1878,#1879,#1880,#1881));
#421=EDGE_LOOP('',(#1882));
#422=EDGE_LOOP('',(#1883,#1884,#1885,#1886));
#423=EDGE_LOOP('',(#1887,#1888,#1889,#1890));
#424=EDGE_LOOP('',(#1891));
#425=EDGE_LOOP('',(#1892));
#426=EDGE_LOOP('',(#1893,#1894,#1895,#1896,#1897,#1898));
#427=EDGE_LOOP('',(#1899));
#428=EDGE_LOOP('',(#1900,#1901,#1902,#1903));
#429=EDGE_LOOP('',(#1904,#1905,#1906,#1907,#1908,#1909));
#430=EDGE_LOOP('',(#1910,#1911,#1912,#1913,#1914,#1915));
#431=EDGE_LOOP('',(#1916,#1917,#1918,#1919));
#432=EDGE_LOOP('',(#1920,#1921,#1922,#1923));
#433=EDGE_LOOP('',(#1924,#1925,#1926,#1927));
#434=EDGE_LOOP('',(#1928));
#435=EDGE_LOOP('',(#1929,#1930,#1931,#1932));
#436=EDGE_LOOP('',(#1933,#1934,#1935,#1936));
#437=EDGE_LOOP('',(#1937));
#438=EDGE_LOOP('',(#1938));
#439=EDGE_LOOP('',(#1939,#1940,#1941,#1942,#1943,#1944));
#440=EDGE_LOOP('',(#1945));
#441=EDGE_LOOP('',(#1946,#1947,#1948,#1949));
#442=EDGE_LOOP('',(#1950,#1951,#1952,#1953,#1954,#1955));
#443=EDGE_LOOP('',(#1956,#1957,#1958,#1959));
#444=EDGE_LOOP('',(#1960,#1961,#1962,#1963));
#445=EDGE_LOOP('',(#1964,#1965,#1966,#1967));
#446=EDGE_LOOP('',(#1968,#1969,#1970,#1971));
#447=EDGE_LOOP('',(#1972,#1973,#1974,#1975));
#448=EDGE_LOOP('',(#1976,#1977,#1978,#1979));
#449=EDGE_LOOP('',(#1980,#1981,#1982,#1983));
#450=EDGE_LOOP('',(#1984,#1985,#1986,#1987));
#451=EDGE_LOOP('',(#1988,#1989,#1990,#1991,#1992,#1993,#1994,#1995,#1996,
#1997,#1998,#1999,#2000,#2001,#2002,#2003,#2004,#2005,#2006,#2007));
#452=EDGE_LOOP('',(#2008,#2009,#2010,#2011));
#453=EDGE_LOOP('',(#2012,#2013,#2014,#2015,#2016,#2017,#2018,#2019));
#454=EDGE_LOOP('',(#2020,#2021,#2022,#2023,#2024,#2025));
#455=EDGE_LOOP('',(#2026,#2027,#2028,#2029,#2030));
#456=EDGE_LOOP('',(#2031,#2032,#2033,#2034,#2035));
#457=EDGE_LOOP('',(#2036,#2037,#2038,#2039));
#458=EDGE_LOOP('',(#2040,#2041,#2042,#2043,#2044,#2045));
#459=EDGE_LOOP('',(#2046,#2047,#2048,#2049));
#460=EDGE_LOOP('',(#2050,#2051,#2052,#2053));
#461=EDGE_LOOP('',(#2054,#2055,#2056,#2057));
#462=EDGE_LOOP('',(#2058,#2059,#2060,#2061));
#463=EDGE_LOOP('',(#2062,#2063,#2064,#2065,#2066,#2067));
#464=EDGE_LOOP('',(#2068,#2069,#2070,#2071));
#465=EDGE_LOOP('',(#2072,#2073,#2074,#2075));
#466=EDGE_LOOP('',(#2076,#2077,#2078,#2079));
#467=EDGE_LOOP('',(#2080,#2081,#2082,#2083,#2084,#2085));
#468=EDGE_LOOP('',(#2086,#2087,#2088,#2089,#2090,#2091,#2092));
#469=EDGE_LOOP('',(#2093,#2094,#2095,#2096,#2097,#2098,#2099));
#470=EDGE_LOOP('',(#2100,#2101,#2102,#2103,#2104,#2105,#2106,#2107));
#471=EDGE_LOOP('',(#2108,#2109,#2110,#2111));
#472=EDGE_LOOP('',(#2112,#2113,#2114,#2115));
#473=EDGE_LOOP('',(#2116,#2117,#2118,#2119));
#474=LINE('',#3089,#719);
#475=LINE('',#3092,#720);
#476=LINE('',#3095,#721);
#477=LINE('',#3097,#722);
#478=LINE('',#3098,#723);
#479=LINE('',#3104,#724);
#480=LINE('',#3107,#725);
#481=LINE('',#3109,#726);
#482=LINE('',#3110,#727);
#483=LINE('',#3113,#728);
#484=LINE('',#3115,#729);
#485=LINE('',#3116,#730);
#486=LINE('',#3121,#731);
#487=LINE('',#3128,#732);
#488=LINE('',#3130,#733);
#489=LINE('',#3131,#734);
#490=LINE('',#3147,#735);
#491=LINE('',#3149,#736);
#492=LINE('',#3151,#737);
#493=LINE('',#3152,#738);
#494=LINE('',#3180,#739);
#495=LINE('',#3182,#740);
#496=LINE('',#3184,#741);
#497=LINE('',#3185,#742);
#498=LINE('',#3187,#743);
#499=LINE('',#3189,#744);
#500=LINE('',#3190,#745);
#501=LINE('',#3191,#746);
#502=LINE('',#3196,#747);
#503=LINE('',#3198,#748);
#504=LINE('',#3199,#749);
#505=LINE('',#3202,#750);
#506=LINE('',#3204,#751);
#507=LINE('',#3205,#752);
#508=LINE('',#3214,#753);
#509=LINE('',#3216,#754);
#510=LINE('',#3218,#755);
#511=LINE('',#3219,#756);
#512=LINE('',#3222,#757);
#513=LINE('',#3224,#758);
#514=LINE('',#3225,#759);
#515=LINE('',#3255,#760);
#516=LINE('',#3257,#761);
#517=LINE('',#3258,#762);
#518=LINE('',#3259,#763);
#519=LINE('',#3260,#764);
#520=LINE('',#3262,#765);
#521=LINE('',#3263,#766);
#522=LINE('',#3268,#767);
#523=LINE('',#3270,#768);
#524=LINE('',#3272,#769);
#525=LINE('',#3273,#770);
#526=LINE('',#3276,#771);
#527=LINE('',#3278,#772);
#528=LINE('',#3279,#773);
#529=LINE('',#3282,#774);
#530=LINE('',#3283,#775);
#531=LINE('',#3286,#776);
#532=LINE('',#3288,#777);
#533=LINE('',#3289,#778);
#534=LINE('',#3324,#779);
#535=LINE('',#3326,#780);
#536=LINE('',#3328,#781);
#537=LINE('',#3329,#782);
#538=LINE('',#3332,#783);
#539=LINE('',#3334,#784);
#540=LINE('',#3335,#785);
#541=LINE('',#3337,#786);
#542=LINE('',#3339,#787);
#543=LINE('',#3340,#788);
#544=LINE('',#3341,#789);
#545=LINE('',#3346,#790);
#546=LINE('',#3348,#791);
#547=LINE('',#3349,#792);
#548=LINE('',#3352,#793);
#549=LINE('',#3353,#794);
#550=LINE('',#3377,#795);
#551=LINE('',#3378,#796);
#552=LINE('',#3382,#797);
#553=LINE('',#3384,#798);
#554=LINE('',#3386,#799);
#555=LINE('',#3388,#800);
#556=LINE('',#3390,#801);
#557=LINE('',#3392,#802);
#558=LINE('',#3393,#803);
#559=LINE('',#3397,#804);
#560=LINE('',#3398,#805);
#561=LINE('',#3400,#806);
#562=LINE('',#3402,#807);
#563=LINE('',#3404,#808);
#564=LINE('',#3405,#809);
#565=LINE('',#3408,#810);
#566=LINE('',#3410,#811);
#567=LINE('',#3411,#812);
#568=LINE('',#3414,#813);
#569=LINE('',#3416,#814);
#570=LINE('',#3418,#815);
#571=LINE('',#3419,#816);
#572=LINE('',#3422,#817);
#573=LINE('',#3424,#818);
#574=LINE('',#3426,#819);
#575=LINE('',#3427,#820);
#576=LINE('',#3430,#821);
#577=LINE('',#3432,#822);
#578=LINE('',#3434,#823);
#579=LINE('',#3435,#824);
#580=LINE('',#3438,#825);
#581=LINE('',#3440,#826);
#582=LINE('',#3442,#827);
#583=LINE('',#3443,#828);
#584=LINE('',#3446,#829);
#585=LINE('',#3448,#830);
#586=LINE('',#3449,#831);
#587=LINE('',#3528,#832);
#588=LINE('',#3529,#833);
#589=LINE('',#3533,#834);
#590=LINE('',#3688,#835);
#591=LINE('',#3689,#836);
#592=LINE('',#3694,#837);
#593=LINE('',#3695,#838);
#594=LINE('',#3769,#839);
#595=LINE('',#3770,#840);
#596=LINE('',#3771,#841);
#597=LINE('',#3773,#842);
#598=LINE('',#3775,#843);
#599=LINE('',#3776,#844);
#600=LINE('',#3779,#845);
#601=LINE('',#3781,#846);
#602=LINE('',#3783,#847);
#603=LINE('',#3784,#848);
#604=LINE('',#3790,#849);
#605=LINE('',#3792,#850);
#606=LINE('',#3795,#851);
#607=LINE('',#3797,#852);
#608=LINE('',#3798,#853);
#609=LINE('',#3801,#854);
#610=LINE('',#3802,#855);
#611=LINE('',#3805,#856);
#612=LINE('',#3806,#857);
#613=LINE('',#3808,#858);
#614=LINE('',#3811,#859);
#615=LINE('',#3813,#860);
#616=LINE('',#3814,#861);
#617=LINE('',#3817,#862);
#618=LINE('',#3818,#863);
#619=LINE('',#3821,#864);
#620=LINE('',#3822,#865);
#621=LINE('',#3824,#866);
#622=LINE('',#3827,#867);
#623=LINE('',#3829,#868);
#624=LINE('',#3830,#869);
#625=LINE('',#3833,#870);
#626=LINE('',#3834,#871);
#627=LINE('',#3837,#872);
#628=LINE('',#3838,#873);
#629=LINE('',#3840,#874);
#630=LINE('',#3844,#875);
#631=LINE('',#3846,#876);
#632=LINE('',#3848,#877);
#633=LINE('',#3849,#878);
#634=LINE('',#3852,#879);
#635=LINE('',#3854,#880);
#636=LINE('',#3855,#881);
#637=LINE('',#3860,#882);
#638=LINE('',#3869,#883);
#639=LINE('',#3872,#884);
#640=LINE('',#3873,#885);
#641=LINE('',#3876,#886);
#642=LINE('',#3877,#887);
#643=LINE('',#3879,#888);
#644=LINE('',#3883,#889);
#645=LINE('',#3885,#890);
#646=LINE('',#3887,#891);
#647=LINE('',#3888,#892);
#648=LINE('',#3891,#893);
#649=LINE('',#3893,#894);
#650=LINE('',#3894,#895);
#651=LINE('',#3897,#896);
#652=LINE('',#3899,#897);
#653=LINE('',#3900,#898);
#654=LINE('',#3906,#899);
#655=LINE('',#3912,#900);
#656=LINE('',#3917,#901);
#657=LINE('',#3919,#902);
#658=LINE('',#3920,#903);
#659=LINE('',#3923,#904);
#660=LINE('',#3924,#905);
#661=LINE('',#3927,#906);
#662=LINE('',#3928,#907);
#663=LINE('',#3929,#908);
#664=LINE('',#3931,#909);
#665=LINE('',#3934,#910);
#666=LINE('',#3936,#911);
#667=LINE('',#3937,#912);
#668=LINE('',#3940,#913);
#669=LINE('',#3942,#914);
#670=LINE('',#3943,#915);
#671=LINE('',#3946,#916);
#672=LINE('',#3948,#917);
#673=LINE('',#3949,#918);
#674=LINE('',#3955,#919);
#675=LINE('',#3961,#920);
#676=LINE('',#3966,#921);
#677=LINE('',#3967,#922);
#678=LINE('',#3970,#923);
#679=LINE('',#3971,#924);
#680=LINE('',#3974,#925);
#681=LINE('',#3975,#926);
#682=LINE('',#3977,#927);
#683=LINE('',#3979,#928);
#684=LINE('',#3981,#929);
#685=LINE('',#3983,#930);
#686=LINE('',#3985,#931);
#687=LINE('',#3987,#932);
#688=LINE('',#3989,#933);
#689=LINE('',#3991,#934);
#690=LINE('',#3995,#935);
#691=LINE('',#3996,#936);
#692=LINE('',#3997,#937);
#693=LINE('',#3999,#938);
#694=LINE('',#4000,#939);
#695=LINE('',#4003,#940);
#696=LINE('',#4005,#941);
#697=LINE('',#4007,#942);
#698=LINE('',#4008,#943);
#699=LINE('',#4011,#944);
#700=LINE('',#4013,#945);
#701=LINE('',#4015,#946);
#702=LINE('',#4017,#947);
#703=LINE('',#4018,#948);
#704=LINE('',#4020,#949);
#705=LINE('',#4021,#950);
#706=LINE('',#4023,#951);
#707=LINE('',#4026,#952);
#708=LINE('',#4028,#953);
#709=LINE('',#4029,#954);
#710=LINE('',#4031,#955);
#711=LINE('',#4032,#956);
#712=LINE('',#4034,#957);
#713=LINE('',#4037,#958);
#714=LINE('',#4038,#959);
#715=LINE('',#4041,#960);
#716=LINE('',#4042,#961);
#717=LINE('',#4044,#962);
#718=LINE('',#4048,#963);
#719=VECTOR('',#2480,10.);
#720=VECTOR('',#2483,10.);
#721=VECTOR('',#2486,10.);
#722=VECTOR('',#2487,10.);
#723=VECTOR('',#2488,10.);
#724=VECTOR('',#2495,10.);
#725=VECTOR('',#2498,10.);
#726=VECTOR('',#2499,10.);
#727=VECTOR('',#2500,10.);
#728=VECTOR('',#2503,10.);
#729=VECTOR('',#2504,10.);
#730=VECTOR('',#2505,10.);
#731=VECTOR('',#2510,10.);
#732=VECTOR('',#2519,10.);
#733=VECTOR('',#2522,10.);
#734=VECTOR('',#2523,10.);
#735=VECTOR('',#2542,10.);
#736=VECTOR('',#2543,10.);
#737=VECTOR('',#2544,10.);
#738=VECTOR('',#2545,10.);
#739=VECTOR('',#2556,10.);
#740=VECTOR('',#2557,10.);
#741=VECTOR('',#2558,10.);
#742=VECTOR('',#2559,10.);
#743=VECTOR('',#2562,10.);
#744=VECTOR('',#2563,10.);
#745=VECTOR('',#2564,10.);
#746=VECTOR('',#2565,10.);
#747=VECTOR('',#2570,10.);
#748=VECTOR('',#2571,10.);
#749=VECTOR('',#2572,10.);
#750=VECTOR('',#2575,10.);
#751=VECTOR('',#2576,10.);
#752=VECTOR('',#2577,10.);
#753=VECTOR('',#2586,10.);
#754=VECTOR('',#2587,10.);
#755=VECTOR('',#2588,10.);
#756=VECTOR('',#2589,10.);
#757=VECTOR('',#2592,10.);
#758=VECTOR('',#2593,10.);
#759=VECTOR('',#2594,10.);
#760=VECTOR('',#2605,10.);
#761=VECTOR('',#2606,10.);
#762=VECTOR('',#2607,10.);
#763=VECTOR('',#2608,10.);
#764=VECTOR('',#2609,10.);
#765=VECTOR('',#2610,10.);
#766=VECTOR('',#2611,10.);
#767=VECTOR('',#2616,10.);
#768=VECTOR('',#2617,10.);
#769=VECTOR('',#2618,10.);
#770=VECTOR('',#2619,10.);
#771=VECTOR('',#2622,10.);
#772=VECTOR('',#2623,10.);
#773=VECTOR('',#2624,10.);
#774=VECTOR('',#2627,10.);
#775=VECTOR('',#2628,10.);
#776=VECTOR('',#2631,10.);
#777=VECTOR('',#2632,10.);
#778=VECTOR('',#2633,10.);
#779=VECTOR('',#2650,10.);
#780=VECTOR('',#2651,10.);
#781=VECTOR('',#2652,10.);
#782=VECTOR('',#2653,10.);
#783=VECTOR('',#2656,10.);
#784=VECTOR('',#2657,10.);
#785=VECTOR('',#2658,10.);
#786=VECTOR('',#2661,10.);
#787=VECTOR('',#2662,10.);
#788=VECTOR('',#2663,10.);
#789=VECTOR('',#2664,10.);
#790=VECTOR('',#2669,10.);
#791=VECTOR('',#2670,10.);
#792=VECTOR('',#2671,10.);
#793=VECTOR('',#2674,10.);
#794=VECTOR('',#2675,10.);
#795=VECTOR('',#2690,10.);
#796=VECTOR('',#2691,10.);
#797=VECTOR('',#2696,10.);
#798=VECTOR('',#2697,10.);
#799=VECTOR('',#2698,10.);
#800=VECTOR('',#2699,10.);
#801=VECTOR('',#2700,10.);
#802=VECTOR('',#2701,10.);
#803=VECTOR('',#2702,10.);
#804=VECTOR('',#2707,10.);
#805=VECTOR('',#2708,10.);
#806=VECTOR('',#2711,10.);
#807=VECTOR('',#2712,10.);
#808=VECTOR('',#2713,4.);
#809=VECTOR('',#2714,10.);
#810=VECTOR('',#2717,10.);
#811=VECTOR('',#2718,10.);
#812=VECTOR('',#2719,10.);
#813=VECTOR('',#2720,10.);
#814=VECTOR('',#2721,10.);
#815=VECTOR('',#2722,10.);
#816=VECTOR('',#2723,10.);
#817=VECTOR('',#2724,10.);
#818=VECTOR('',#2725,10.);
#819=VECTOR('',#2726,10.);
#820=VECTOR('',#2727,10.);
#821=VECTOR('',#2728,10.);
#822=VECTOR('',#2729,10.);
#823=VECTOR('',#2730,10.);
#824=VECTOR('',#2731,10.);
#825=VECTOR('',#2734,10.);
#826=VECTOR('',#2735,10.);
#827=VECTOR('',#2736,10.);
#828=VECTOR('',#2737,10.);
#829=VECTOR('',#2740,10.);
#830=VECTOR('',#2741,10.);
#831=VECTOR('',#2742,10.);
#832=VECTOR('',#2759,4.);
#833=VECTOR('',#2760,4.);
#834=VECTOR('',#2765,4.);
#835=VECTOR('',#2774,4.);
#836=VECTOR('',#2775,4.);
#837=VECTOR('',#2780,4.);
#838=VECTOR('',#2781,4.);
#839=VECTOR('',#2784,10.);
#840=VECTOR('',#2785,10.);
#841=VECTOR('',#2786,10.);
#842=VECTOR('',#2789,10.);
#843=VECTOR('',#2792,10.);
#844=VECTOR('',#2793,10.);
#845=VECTOR('',#2794,10.);
#846=VECTOR('',#2795,10.);
#847=VECTOR('',#2796,10.);
#848=VECTOR('',#2797,10.);
#849=VECTOR('',#2808,10.);
#850=VECTOR('',#2811,10.);
#851=VECTOR('',#2814,10.);
#852=VECTOR('',#2815,10.);
#853=VECTOR('',#2816,10.);
#854=VECTOR('',#2819,10.);
#855=VECTOR('',#2820,10.);
#856=VECTOR('',#2823,10.);
#857=VECTOR('',#2824,10.);
#858=VECTOR('',#2827,10.);
#859=VECTOR('',#2830,10.);
#860=VECTOR('',#2831,10.);
#861=VECTOR('',#2832,10.);
#862=VECTOR('',#2835,10.);
#863=VECTOR('',#2836,10.);
#864=VECTOR('',#2839,10.);
#865=VECTOR('',#2840,10.);
#866=VECTOR('',#2843,10.);
#867=VECTOR('',#2846,10.);
#868=VECTOR('',#2847,10.);
#869=VECTOR('',#2848,10.);
#870=VECTOR('',#2851,10.);
#871=VECTOR('',#2852,10.);
#872=VECTOR('',#2855,10.);
#873=VECTOR('',#2856,10.);
#874=VECTOR('',#2859,10.);
#875=VECTOR('',#2862,10.);
#876=VECTOR('',#2863,10.);
#877=VECTOR('',#2864,10.);
#878=VECTOR('',#2865,10.);
#879=VECTOR('',#2868,10.);
#880=VECTOR('',#2869,10.);
#881=VECTOR('',#2870,10.);
#882=VECTOR('',#2875,2.5);
#883=VECTOR('',#2888,2.5);
#884=VECTOR('',#2891,10.);
#885=VECTOR('',#2892,10.);
#886=VECTOR('',#2895,10.);
#887=VECTOR('',#2896,10.);
#888=VECTOR('',#2899,10.);
#889=VECTOR('',#2902,10.);
#890=VECTOR('',#2903,10.);
#891=VECTOR('',#2904,10.);
#892=VECTOR('',#2905,10.);
#893=VECTOR('',#2908,10.);
#894=VECTOR('',#2909,10.);
#895=VECTOR('',#2910,10.);
#896=VECTOR('',#2913,10.);
#897=VECTOR('',#2914,10.);
#898=VECTOR('',#2915,10.);
#899=VECTOR('',#2922,2.5);
#900=VECTOR('',#2929,2.5);
#901=VECTOR('',#2936,10.);
#902=VECTOR('',#2937,10.);
#903=VECTOR('',#2938,10.);
#904=VECTOR('',#2941,10.);
#905=VECTOR('',#2942,10.);
#906=VECTOR('',#2945,10.);
#907=VECTOR('',#2946,10.);
#908=VECTOR('',#2947,10.);
#909=VECTOR('',#2950,10.);
#910=VECTOR('',#2953,10.);
#911=VECTOR('',#2954,10.);
#912=VECTOR('',#2955,10.);
#913=VECTOR('',#2958,10.);
#914=VECTOR('',#2959,10.);
#915=VECTOR('',#2960,10.);
#916=VECTOR('',#2963,10.);
#917=VECTOR('',#2964,10.);
#918=VECTOR('',#2965,10.);
#919=VECTOR('',#2972,2.5);
#920=VECTOR('',#2979,2.5);
#921=VECTOR('',#2986,10.);
#922=VECTOR('',#2987,10.);
#923=VECTOR('',#2990,10.);
#924=VECTOR('',#2991,10.);
#925=VECTOR('',#2994,10.);
#926=VECTOR('',#2995,10.);
#927=VECTOR('',#2998,2.5);
#928=VECTOR('',#3001,2.5);
#929=VECTOR('',#3004,2.5);
#930=VECTOR('',#3007,2.5);
#931=VECTOR('',#3010,2.5);
#932=VECTOR('',#3013,2.5);
#933=VECTOR('',#3016,2.5);
#934=VECTOR('',#3019,2.5);
#935=VECTOR('',#3022,10.);
#936=VECTOR('',#3023,10.);
#937=VECTOR('',#3024,10.);
#938=VECTOR('',#3025,10.);
#939=VECTOR('',#3026,10.);
#940=VECTOR('',#3029,10.);
#941=VECTOR('',#3030,10.);
#942=VECTOR('',#3031,10.);
#943=VECTOR('',#3032,10.);
#944=VECTOR('',#3035,10.);
#945=VECTOR('',#3036,10.);
#946=VECTOR('',#3037,10.);
#947=VECTOR('',#3038,10.);
#948=VECTOR('',#3039,10.);
#949=VECTOR('',#3042,10.);
#950=VECTOR('',#3043,10.);
#951=VECTOR('',#3046,10.);
#952=VECTOR('',#3049,1000.);
#953=VECTOR('',#3050,10.);
#954=VECTOR('',#3051,10.);
#955=VECTOR('',#3054,10.);
#956=VECTOR('',#3055,10.);
#957=VECTOR('',#3058,10.);
#958=VECTOR('',#3061,10.);
#959=VECTOR('',#3062,1000.);
#960=VECTOR('',#3065,10.);
#961=VECTOR('',#3066,1000.);
#962=VECTOR('',#3069,10.);
#963=VECTOR('',#3076,10.);
#964=ELLIPSE('',#2294,4.6281576079251,4.);
#965=ELLIPSE('',#2295,4.62809149548059,4.);
#966=ELLIPSE('',#2298,4.6281576079251,4.);
#967=ELLIPSE('',#2299,4.62809149548059,4.);
#968=ELLIPSE('',#2303,4.6281576079251,4.);
#969=ELLIPSE('',#2304,4.62809149548059,4.);
#970=ELLIPSE('',#2306,4.6281576079251,4.);
#971=ELLIPSE('',#2307,4.62809149548059,4.);
#972=ELLIPSE('',#2319,9.94038288872356,5.);
#973=ELLIPSE('',#2321,10.2480453380876,5.);
#974=ELLIPSE('',#2333,10.2480453380876,5.);
#975=ELLIPSE('',#2335,9.94038288872356,5.);
#976=ELLIPSE('',#2346,10.2480453380876,5.);
#977=ELLIPSE('',#2348,9.94038288872354,5.);
#978=ELLIPSE('',#2360,10.2480453380876,4.99999999999999);
#979=ELLIPSE('',#2363,6.42478467603384,5.);
#980=VERTEX_POINT('',#3085);
#981=VERTEX_POINT('',#3086);
#982=VERTEX_POINT('',#3088);
#983=VERTEX_POINT('',#3090);
#984=VERTEX_POINT('',#3094);
#985=VERTEX_POINT('',#3096);
#986=VERTEX_POINT('',#3100);
#987=VERTEX_POINT('',#3102);
#988=VERTEX_POINT('',#3106);
#989=VERTEX_POINT('',#3108);
#990=VERTEX_POINT('',#3112);
#991=VERTEX_POINT('',#3114);
#992=VERTEX_POINT('',#3118);
#993=VERTEX_POINT('',#3120);
#994=VERTEX_POINT('',#3124);
#995=VERTEX_POINT('',#3126);
#996=VERTEX_POINT('',#3133);
#997=VERTEX_POINT('',#3136);
#998=VERTEX_POINT('',#3139);
#999=VERTEX_POINT('',#3142);
#1000=VERTEX_POINT('',#3145);
#1001=VERTEX_POINT('',#3146);
#1002=VERTEX_POINT('',#3148);
#1003=VERTEX_POINT('',#3150);
#1004=VERTEX_POINT('',#3154);
#1005=VERTEX_POINT('',#3155);
#1006=VERTEX_POINT('',#3157);
#1007=VERTEX_POINT('',#3159);
#1008=VERTEX_POINT('',#3178);
#1009=VERTEX_POINT('',#3179);
#1010=VERTEX_POINT('',#3181);
#1011=VERTEX_POINT('',#3183);
#1012=VERTEX_POINT('',#3188);
#1013=VERTEX_POINT('',#3192);
#1014=VERTEX_POINT('',#3195);
#1015=VERTEX_POINT('',#3197);
#1016=VERTEX_POINT('',#3201);
#1017=VERTEX_POINT('',#3203);
#1018=VERTEX_POINT('',#3207);
#1019=VERTEX_POINT('',#3209);
#1020=VERTEX_POINT('',#3212);
#1021=VERTEX_POINT('',#3213);
#1022=VERTEX_POINT('',#3215);
#1023=VERTEX_POINT('',#3217);
#1024=VERTEX_POINT('',#3221);
#1025=VERTEX_POINT('',#3223);
#1026=VERTEX_POINT('',#3227);
#1027=VERTEX_POINT('',#3228);
#1028=VERTEX_POINT('',#3230);
#1029=VERTEX_POINT('',#3232);
#1030=VERTEX_POINT('',#3253);
#1031=VERTEX_POINT('',#3254);
#1032=VERTEX_POINT('',#3256);
#1033=VERTEX_POINT('',#3261);
#1034=VERTEX_POINT('',#3264);
#1035=VERTEX_POINT('',#3267);
#1036=VERTEX_POINT('',#3269);
#1037=VERTEX_POINT('',#3271);
#1038=VERTEX_POINT('',#3275);
#1039=VERTEX_POINT('',#3277);
#1040=VERTEX_POINT('',#3281);
#1041=VERTEX_POINT('',#3285);
#1042=VERTEX_POINT('',#3287);
#1043=VERTEX_POINT('',#3291);
#1044=VERTEX_POINT('',#3293);
#1045=VERTEX_POINT('',#3296);
#1046=VERTEX_POINT('',#3297);
#1047=VERTEX_POINT('',#3299);
#1048=VERTEX_POINT('',#3301);
#1049=VERTEX_POINT('',#3322);
#1050=VERTEX_POINT('',#3323);
#1051=VERTEX_POINT('',#3325);
#1052=VERTEX_POINT('',#3327);
#1053=VERTEX_POINT('',#3331);
#1054=VERTEX_POINT('',#3333);
#1055=VERTEX_POINT('',#3338);
#1056=VERTEX_POINT('',#3342);
#1057=VERTEX_POINT('',#3345);
#1058=VERTEX_POINT('',#3347);
#1059=VERTEX_POINT('',#3351);
#1060=VERTEX_POINT('',#3355);
#1061=VERTEX_POINT('',#3357);
#1062=VERTEX_POINT('',#3360);
#1063=VERTEX_POINT('',#3361);
#1064=VERTEX_POINT('',#3372);
#1065=VERTEX_POINT('',#3376);
#1066=VERTEX_POINT('',#3380);
#1067=VERTEX_POINT('',#3383);
#1068=VERTEX_POINT('',#3385);
#1069=VERTEX_POINT('',#3387);
#1070=VERTEX_POINT('',#3389);
#1071=VERTEX_POINT('',#3391);
#1072=VERTEX_POINT('',#3394);
#1073=VERTEX_POINT('',#3401);
#1074=VERTEX_POINT('',#3403);
#1075=VERTEX_POINT('',#3407);
#1076=VERTEX_POINT('',#3409);
#1077=VERTEX_POINT('',#3412);
#1078=VERTEX_POINT('',#3413);
#1079=VERTEX_POINT('',#3415);
#1080=VERTEX_POINT('',#3417);
#1081=VERTEX_POINT('',#3420);
#1082=VERTEX_POINT('',#3421);
#1083=VERTEX_POINT('',#3423);
#1084=VERTEX_POINT('',#3425);
#1085=VERTEX_POINT('',#3428);
#1086=VERTEX_POINT('',#3429);
#1087=VERTEX_POINT('',#3431);
#1088=VERTEX_POINT('',#3433);
#1089=VERTEX_POINT('',#3437);
#1090=VERTEX_POINT('',#3439);
#1091=VERTEX_POINT('',#3441);
#1092=VERTEX_POINT('',#3445);
#1093=VERTEX_POINT('',#3447);
#1094=VERTEX_POINT('',#3452);
#1095=VERTEX_POINT('',#3454);
#1096=VERTEX_POINT('',#3505);
#1097=VERTEX_POINT('',#3506);
#1098=VERTEX_POINT('',#3508);
#1099=VERTEX_POINT('',#3525);
#1100=VERTEX_POINT('',#3526);
#1101=VERTEX_POINT('',#3531);
#1102=VERTEX_POINT('',#3590);
#1103=VERTEX_POINT('',#3591);
#1104=VERTEX_POINT('',#3665);
#1105=VERTEX_POINT('',#3666);
#1106=VERTEX_POINT('',#3685);
#1107=VERTEX_POINT('',#3686);
#1108=VERTEX_POINT('',#3691);
#1109=VERTEX_POINT('',#3692);
#1110=VERTEX_POINT('',#3777);
#1111=VERTEX_POINT('',#3778);
#1112=VERTEX_POINT('',#3780);
#1113=VERTEX_POINT('',#3782);
#1114=VERTEX_POINT('',#3794);
#1115=VERTEX_POINT('',#3796);
#1116=VERTEX_POINT('',#3800);
#1117=VERTEX_POINT('',#3804);
#1118=VERTEX_POINT('',#3810);
#1119=VERTEX_POINT('',#3812);
#1120=VERTEX_POINT('',#3816);
#1121=VERTEX_POINT('',#3820);
#1122=VERTEX_POINT('',#3826);
#1123=VERTEX_POINT('',#3828);
#1124=VERTEX_POINT('',#3832);
#1125=VERTEX_POINT('',#3836);
#1126=VERTEX_POINT('',#3842);
#1127=VERTEX_POINT('',#3843);
#1128=VERTEX_POINT('',#3845);
#1129=VERTEX_POINT('',#3847);
#1130=VERTEX_POINT('',#3851);
#1131=VERTEX_POINT('',#3853);
#1132=VERTEX_POINT('',#3857);
#1133=VERTEX_POINT('',#3859);
#1134=VERTEX_POINT('',#3863);
#1135=VERTEX_POINT('',#3866);
#1136=VERTEX_POINT('',#3871);
#1137=VERTEX_POINT('',#3875);
#1138=VERTEX_POINT('',#3881);
#1139=VERTEX_POINT('',#3882);
#1140=VERTEX_POINT('',#3884);
#1141=VERTEX_POINT('',#3886);
#1142=VERTEX_POINT('',#3890);
#1143=VERTEX_POINT('',#3892);
#1144=VERTEX_POINT('',#3896);
#1145=VERTEX_POINT('',#3898);
#1146=VERTEX_POINT('',#3902);
#1147=VERTEX_POINT('',#3905);
#1148=VERTEX_POINT('',#3909);
#1149=VERTEX_POINT('',#3911);
#1150=VERTEX_POINT('',#3916);
#1151=VERTEX_POINT('',#3918);
#1152=VERTEX_POINT('',#3922);
#1153=VERTEX_POINT('',#3926);
#1154=VERTEX_POINT('',#3933);
#1155=VERTEX_POINT('',#3935);
#1156=VERTEX_POINT('',#3939);
#1157=VERTEX_POINT('',#3941);
#1158=VERTEX_POINT('',#3945);
#1159=VERTEX_POINT('',#3947);
#1160=VERTEX_POINT('',#3951);
#1161=VERTEX_POINT('',#3954);
#1162=VERTEX_POINT('',#3958);
#1163=VERTEX_POINT('',#3960);
#1164=VERTEX_POINT('',#3965);
#1165=VERTEX_POINT('',#3969);
#1166=VERTEX_POINT('',#3973);
#1167=VERTEX_POINT('',#3993);
#1168=VERTEX_POINT('',#3994);
#1169=VERTEX_POINT('',#3998);
#1170=VERTEX_POINT('',#4002);
#1171=VERTEX_POINT('',#4004);
#1172=VERTEX_POINT('',#4006);
#1173=VERTEX_POINT('',#4010);
#1174=VERTEX_POINT('',#4012);
#1175=VERTEX_POINT('',#4014);
#1176=VERTEX_POINT('',#4016);
#1177=VERTEX_POINT('',#4025);
#1178=VERTEX_POINT('',#4027);
#1179=VERTEX_POINT('',#4036);
#1180=VERTEX_POINT('',#4040);
#1181=EDGE_CURVE('',#980,#981,#964,.T.);
#1182=EDGE_CURVE('',#982,#980,#474,.T.);
#1183=EDGE_CURVE('',#983,#982,#965,.F.);
#1184=EDGE_CURVE('',#981,#983,#475,.T.);
#1185=EDGE_CURVE('',#981,#984,#476,.T.);
#1186=EDGE_CURVE('',#985,#983,#477,.F.);
#1187=EDGE_CURVE('',#985,#984,#478,.T.);
#1188=EDGE_CURVE('',#984,#986,#966,.T.);
#1189=EDGE_CURVE('',#987,#985,#967,.F.);
#1190=EDGE_CURVE('',#986,#987,#479,.T.);
#1191=EDGE_CURVE('',#986,#988,#480,.T.);
#1192=EDGE_CURVE('',#989,#987,#481,.F.);
#1193=EDGE_CURVE('',#989,#988,#482,.T.);
#1194=EDGE_CURVE('',#990,#980,#483,.F.);
#1195=EDGE_CURVE('',#990,#991,#484,.T.);
#1196=EDGE_CURVE('',#982,#991,#485,.T.);
#1197=EDGE_CURVE('',#992,#990,#968,.T.);
#1198=EDGE_CURVE('',#993,#992,#486,.T.);
#1199=EDGE_CURVE('',#991,#993,#969,.F.);
#1200=EDGE_CURVE('',#988,#994,#970,.T.);
#1201=EDGE_CURVE('',#995,#989,#971,.F.);
#1202=EDGE_CURVE('',#994,#995,#487,.T.);
#1203=EDGE_CURVE('',#994,#992,#488,.T.);
#1204=EDGE_CURVE('',#993,#995,#489,.F.);
#1205=EDGE_CURVE('',#996,#996,#56,.T.);
#1206=EDGE_CURVE('',#997,#997,#57,.T.);
#1207=EDGE_CURVE('',#998,#998,#58,.T.);
#1208=EDGE_CURVE('',#999,#999,#59,.T.);
#1209=EDGE_CURVE('',#1000,#1001,#490,.T.);
#1210=EDGE_CURVE('',#1002,#1000,#491,.T.);
#1211=EDGE_CURVE('',#1003,#1002,#492,.T.);
#1212=EDGE_CURVE('',#1001,#1003,#493,.T.);
#1213=EDGE_CURVE('',#1004,#1005,#972,.T.);
#1214=EDGE_CURVE('',#1006,#1004,#60,.T.);
#1215=EDGE_CURVE('',#1006,#1007,#973,.F.);
#1216=EDGE_CURVE('',#1007,#1005,#44,.F.);
#1217=EDGE_CURVE('',#1008,#1009,#494,.F.);
#1218=EDGE_CURVE('',#1010,#1008,#495,.T.);
#1219=EDGE_CURVE('',#1011,#1010,#496,.T.);
#1220=EDGE_CURVE('',#1009,#1011,#497,.T.);
#1221=EDGE_CURVE('',#1004,#1002,#498,.T.);
#1222=EDGE_CURVE('',#1012,#1000,#499,.T.);
#1223=EDGE_CURVE('',#1009,#1012,#500,.T.);
#1224=EDGE_CURVE('',#1006,#1011,#501,.T.);
#1225=EDGE_CURVE('',#1013,#1013,#61,.T.);
#1226=EDGE_CURVE('',#1008,#1014,#502,.T.);
#1227=EDGE_CURVE('',#1014,#1015,#503,.T.);
#1228=EDGE_CURVE('',#1015,#1010,#504,.T.);
#1229=EDGE_CURVE('',#1003,#1016,#505,.T.);
#1230=EDGE_CURVE('',#1016,#1017,#506,.T.);
#1231=EDGE_CURVE('',#1017,#1001,#507,.T.);
#1232=EDGE_CURVE('',#1018,#1018,#62,.T.);
#1233=EDGE_CURVE('',#1019,#1019,#63,.T.);
#1234=EDGE_CURVE('',#1020,#1021,#508,.T.);
#1235=EDGE_CURVE('',#1021,#1022,#509,.T.);
#1236=EDGE_CURVE('',#1023,#1022,#510,.T.);
#1237=EDGE_CURVE('',#1020,#1023,#511,.T.);
#1238=EDGE_CURVE('',#1024,#1017,#512,.T.);
#1239=EDGE_CURVE('',#1025,#1016,#513,.T.);
#1240=EDGE_CURVE('',#1025,#1024,#514,.T.);
#1241=EDGE_CURVE('',#1026,#1027,#974,.F.);
#1242=EDGE_CURVE('',#1028,#1027,#64,.T.);
#1243=EDGE_CURVE('',#1028,#1029,#975,.F.);
#1244=EDGE_CURVE('',#1026,#1029,#45,.T.);
#1245=EDGE_CURVE('',#1030,#1031,#515,.T.);
#1246=EDGE_CURVE('',#1032,#1030,#516,.T.);
#1247=EDGE_CURVE('',#1024,#1032,#517,.T.);
#1248=EDGE_CURVE('',#1025,#1028,#518,.T.);
#1249=EDGE_CURVE('',#1022,#1027,#519,.T.);
#1250=EDGE_CURVE('',#1033,#1021,#520,.T.);
#1251=EDGE_CURVE('',#1031,#1033,#521,.T.);
#1252=EDGE_CURVE('',#1034,#1034,#65,.T.);
#1253=EDGE_CURVE('',#1035,#1030,#522,.T.);
#1254=EDGE_CURVE('',#1036,#1035,#523,.T.);
#1255=EDGE_CURVE('',#1037,#1036,#524,.T.);
#1256=EDGE_CURVE('',#1037,#1032,#525,.T.);
#1257=EDGE_CURVE('',#1033,#1038,#526,.T.);
#1258=EDGE_CURVE('',#1039,#1038,#527,.T.);
#1259=EDGE_CURVE('',#1031,#1039,#528,.T.);
#1260=EDGE_CURVE('',#1021,#1040,#529,.T.);
#1261=EDGE_CURVE('',#1038,#1040,#530,.T.);
#1262=EDGE_CURVE('',#1023,#1041,#531,.T.);
#1263=EDGE_CURVE('',#1041,#1042,#532,.T.);
#1264=EDGE_CURVE('',#1042,#1020,#533,.T.);
#1265=EDGE_CURVE('',#1043,#1043,#66,.T.);
#1266=EDGE_CURVE('',#1044,#1044,#67,.T.);
#1267=EDGE_CURVE('',#1045,#1046,#976,.F.);
#1268=EDGE_CURVE('',#1047,#1046,#68,.T.);
#1269=EDGE_CURVE('',#1047,#1048,#977,.F.);
#1270=EDGE_CURVE('',#1045,#1048,#46,.T.);
#1271=EDGE_CURVE('',#1049,#1050,#534,.F.);
#1272=EDGE_CURVE('',#1051,#1049,#535,.T.);
#1273=EDGE_CURVE('',#1052,#1051,#536,.T.);
#1274=EDGE_CURVE('',#1050,#1052,#537,.T.);
#1275=EDGE_CURVE('',#1014,#1053,#538,.T.);
#1276=EDGE_CURVE('',#1054,#1053,#539,.T.);
#1277=EDGE_CURVE('',#1015,#1054,#540,.T.);
#1278=EDGE_CURVE('',#1054,#1046,#541,.T.);
#1279=EDGE_CURVE('',#1055,#1053,#542,.T.);
#1280=EDGE_CURVE('',#1050,#1055,#543,.T.);
#1281=EDGE_CURVE('',#1047,#1052,#544,.T.);
#1282=EDGE_CURVE('',#1056,#1056,#69,.T.);
#1283=EDGE_CURVE('',#1057,#1051,#545,.T.);
#1284=EDGE_CURVE('',#1057,#1058,#546,.T.);
#1285=EDGE_CURVE('',#1052,#1058,#547,.T.);
#1286=EDGE_CURVE('',#1049,#1059,#548,.T.);
#1287=EDGE_CURVE('',#1059,#1057,#549,.T.);
#1288=EDGE_CURVE('',#1060,#1060,#70,.T.);
#1289=EDGE_CURVE('',#1061,#1061,#71,.T.);
#1290=EDGE_CURVE('',#1062,#1063,#47,.T.);
#1291=EDGE_CURVE('',#1064,#1062,#72,.T.);
#1292=EDGE_CURVE('',#1063,#1064,#978,.T.);
#1293=EDGE_CURVE('',#1065,#1059,#550,.T.);
#1294=EDGE_CURVE('',#1058,#1065,#551,.T.);
#1295=EDGE_CURVE('',#1066,#1062,#979,.T.);
#1296=EDGE_CURVE('',#1058,#1066,#552,.T.);
#1297=EDGE_CURVE('',#1067,#1065,#553,.T.);
#1298=EDGE_CURVE('',#1068,#1067,#554,.T.);
#1299=EDGE_CURVE('',#1069,#1068,#555,.T.);
#1300=EDGE_CURVE('',#1070,#1069,#556,.T.);
#1301=EDGE_CURVE('',#1070,#1071,#557,.T.);
#1302=EDGE_CURVE('',#1064,#1071,#558,.T.);
#1303=EDGE_CURVE('',#1072,#1072,#73,.T.);
#1304=EDGE_CURVE('',#1042,#1070,#559,.T.);
#1305=EDGE_CURVE('',#1071,#1041,#560,.T.);
#1306=EDGE_CURVE('',#1071,#1022,#561,.T.);
#1307=EDGE_CURVE('',#1073,#1026,#562,.T.);
#1308=EDGE_CURVE('',#1074,#1073,#563,.T.);
#1309=EDGE_CURVE('',#1063,#1074,#564,.T.);
#1310=EDGE_CURVE('',#1050,#1075,#565,.F.);
#1311=EDGE_CURVE('',#1075,#1076,#566,.F.);
#1312=EDGE_CURVE('',#1067,#1076,#567,.T.);
#1313=EDGE_CURVE('',#1077,#1078,#568,.T.);
#1314=EDGE_CURVE('',#1078,#1079,#569,.T.);
#1315=EDGE_CURVE('',#1079,#1080,#570,.T.);
#1316=EDGE_CURVE('',#1080,#1077,#571,.T.);
#1317=EDGE_CURVE('',#1081,#1082,#572,.T.);
#1318=EDGE_CURVE('',#1082,#1083,#573,.T.);
#1319=EDGE_CURVE('',#1083,#1084,#574,.T.);
#1320=EDGE_CURVE('',#1084,#1081,#575,.T.);
#1321=EDGE_CURVE('',#1085,#1086,#576,.T.);
#1322=EDGE_CURVE('',#1086,#1087,#577,.T.);
#1323=EDGE_CURVE('',#1087,#1088,#578,.T.);
#1324=EDGE_CURVE('',#1088,#1085,#579,.T.);
#1325=EDGE_CURVE('',#1076,#1089,#580,.T.);
#1326=EDGE_CURVE('',#1089,#1090,#581,.T.);
#1327=EDGE_CURVE('',#1090,#1091,#582,.T.);
#1328=EDGE_CURVE('',#1068,#1091,#583,.T.);
#1329=EDGE_CURVE('',#1036,#1092,#584,.T.);
#1330=EDGE_CURVE('',#1092,#1093,#585,.T.);
#1331=EDGE_CURVE('',#1093,#1037,#586,.T.);
#1332=EDGE_CURVE('',#1094,#1094,#74,.T.);
#1333=EDGE_CURVE('',#1095,#1095,#75,.T.);
#1334=EDGE_CURVE('',#1096,#1097,#76,.T.);
#1335=EDGE_CURVE('',#1097,#1098,#48,.T.);
#1336=EDGE_CURVE('',#1098,#1073,#77,.T.);
#1337=EDGE_CURVE('',#1073,#1096,#49,.T.);
#1338=EDGE_CURVE('',#1099,#1100,#78,.T.);
#1339=EDGE_CURVE('',#1100,#1097,#587,.T.);
#1340=EDGE_CURVE('',#1096,#1099,#588,.T.);
#1341=EDGE_CURVE('',#1101,#1074,#79,.T.);
#1342=EDGE_CURVE('',#1098,#1101,#589,.T.);
#1343=EDGE_CURVE('',#1102,#1103,#80,.T.);
#1344=EDGE_CURVE('',#1103,#1100,#50,.T.);
#1345=EDGE_CURVE('',#1099,#1102,#51,.T.);
#1346=EDGE_CURVE('',#1104,#1105,#81,.T.);
#1347=EDGE_CURVE('',#1105,#1074,#52,.T.);
#1348=EDGE_CURVE('',#1101,#1104,#53,.T.);
#1349=EDGE_CURVE('',#1106,#1107,#82,.T.);
#1350=EDGE_CURVE('',#1107,#1103,#590,.T.);
#1351=EDGE_CURVE('',#1102,#1106,#591,.T.);
#1352=EDGE_CURVE('',#1108,#1109,#83,.T.);
#1353=EDGE_CURVE('',#1109,#1105,#592,.T.);
#1354=EDGE_CURVE('',#1104,#1108,#593,.T.);
#1355=EDGE_CURVE('',#1108,#1107,#54,.T.);
#1356=EDGE_CURVE('',#1106,#1109,#55,.T.);
#1357=EDGE_CURVE('',#1102,#1007,#594,.F.);
#1358=EDGE_CURVE('',#1011,#1054,#595,.T.);
#1359=EDGE_CURVE('',#1106,#1045,#596,.T.);
#1360=EDGE_CURVE('',#1099,#1005,#597,.T.);
#1361=EDGE_CURVE('',#1029,#1096,#598,.T.);
#1362=EDGE_CURVE('',#1002,#1025,#599,.T.);
#1363=EDGE_CURVE('',#1110,#1111,#600,.T.);
#1364=EDGE_CURVE('',#1111,#1112,#601,.T.);
#1365=EDGE_CURVE('',#1112,#1113,#602,.T.);
#1366=EDGE_CURVE('',#1113,#1110,#603,.T.);
#1367=EDGE_CURVE('',#1105,#1066,#604,.T.);
#1368=EDGE_CURVE('',#1048,#1109,#605,.T.);
#1369=EDGE_CURVE('',#1114,#1087,#606,.T.);
#1370=EDGE_CURVE('',#1115,#1114,#607,.T.);
#1371=EDGE_CURVE('',#1088,#1115,#608,.T.);
#1372=EDGE_CURVE('',#1116,#1115,#609,.T.);
#1373=EDGE_CURVE('',#1116,#1085,#610,.T.);
#1374=EDGE_CURVE('',#1117,#1116,#611,.T.);
#1375=EDGE_CURVE('',#1086,#1117,#612,.T.);
#1376=EDGE_CURVE('',#1114,#1117,#613,.T.);
#1377=EDGE_CURVE('',#1118,#1083,#614,.T.);
#1378=EDGE_CURVE('',#1119,#1118,#615,.T.);
#1379=EDGE_CURVE('',#1084,#1119,#616,.T.);
#1380=EDGE_CURVE('',#1120,#1119,#617,.T.);
#1381=EDGE_CURVE('',#1120,#1081,#618,.T.);
#1382=EDGE_CURVE('',#1121,#1120,#619,.T.);
#1383=EDGE_CURVE('',#1082,#1121,#620,.T.);
#1384=EDGE_CURVE('',#1118,#1121,#621,.T.);
#1385=EDGE_CURVE('',#1122,#1079,#622,.T.);
#1386=EDGE_CURVE('',#1123,#1122,#623,.T.);
#1387=EDGE_CURVE('',#1080,#1123,#624,.T.);
#1388=EDGE_CURVE('',#1124,#1123,#625,.T.);
#1389=EDGE_CURVE('',#1124,#1077,#626,.T.);
#1390=EDGE_CURVE('',#1125,#1124,#627,.T.);
#1391=EDGE_CURVE('',#1078,#1125,#628,.T.);
#1392=EDGE_CURVE('',#1122,#1125,#629,.T.);
#1393=EDGE_CURVE('',#1126,#1127,#630,.T.);
#1394=EDGE_CURVE('',#1128,#1126,#631,.T.);
#1395=EDGE_CURVE('',#1129,#1128,#632,.T.);
#1396=EDGE_CURVE('',#1129,#1127,#633,.T.);
#1397=EDGE_CURVE('',#1130,#1126,#634,.T.);
#1398=EDGE_CURVE('',#1131,#1130,#635,.T.);
#1399=EDGE_CURVE('',#1128,#1131,#636,.T.);
#1400=EDGE_CURVE('',#1132,#1132,#84,.T.);
#1401=EDGE_CURVE('',#1132,#1133,#637,.T.);
#1402=EDGE_CURVE('',#1133,#1133,#85,.T.);
#1403=EDGE_CURVE('',#1134,#1134,#86,.T.);
#1404=EDGE_CURVE('',#1135,#1135,#87,.T.);
#1405=EDGE_CURVE('',#1135,#1134,#638,.T.);
#1406=EDGE_CURVE('',#1131,#1136,#639,.T.);
#1407=EDGE_CURVE('',#1136,#1129,#640,.T.);
#1408=EDGE_CURVE('',#1127,#1137,#641,.T.);
#1409=EDGE_CURVE('',#1136,#1137,#642,.T.);
#1410=EDGE_CURVE('',#1137,#1130,#643,.T.);
#1411=EDGE_CURVE('',#1138,#1139,#644,.T.);
#1412=EDGE_CURVE('',#1140,#1138,#645,.T.);
#1413=EDGE_CURVE('',#1141,#1140,#646,.T.);
#1414=EDGE_CURVE('',#1139,#1141,#647,.T.);
#1415=EDGE_CURVE('',#1142,#1140,#648,.T.);
#1416=EDGE_CURVE('',#1143,#1142,#649,.T.);
#1417=EDGE_CURVE('',#1141,#1143,#650,.T.);
#1418=EDGE_CURVE('',#1144,#1142,#651,.T.);
#1419=EDGE_CURVE('',#1145,#1144,#652,.T.);
#1420=EDGE_CURVE('',#1143,#1145,#653,.T.);
#1421=EDGE_CURVE('',#1146,#1146,#88,.T.);
#1422=EDGE_CURVE('',#1146,#1147,#654,.T.);
#1423=EDGE_CURVE('',#1147,#1147,#89,.T.);
#1424=EDGE_CURVE('',#1148,#1148,#90,.T.);
#1425=EDGE_CURVE('',#1148,#1149,#655,.T.);
#1426=EDGE_CURVE('',#1149,#1149,#91,.T.);
#1427=EDGE_CURVE('',#1139,#1150,#656,.T.);
#1428=EDGE_CURVE('',#1145,#1151,#657,.T.);
#1429=EDGE_CURVE('',#1150,#1151,#658,.T.);
#1430=EDGE_CURVE('',#1151,#1152,#659,.T.);
#1431=EDGE_CURVE('',#1152,#1144,#660,.T.);
#1432=EDGE_CURVE('',#1053,#1153,#661,.T.);
#1433=EDGE_CURVE('',#1153,#1138,#662,.T.);
#1434=EDGE_CURVE('',#1150,#1055,#663,.T.);
#1435=EDGE_CURVE('',#1152,#1075,#664,.T.);
#1436=EDGE_CURVE('',#1154,#1089,#665,.T.);
#1437=EDGE_CURVE('',#1155,#1154,#666,.T.);
#1438=EDGE_CURVE('',#1090,#1155,#667,.T.);
#1439=EDGE_CURVE('',#1156,#1154,#668,.T.);
#1440=EDGE_CURVE('',#1157,#1156,#669,.T.);
#1441=EDGE_CURVE('',#1155,#1157,#670,.T.);
#1442=EDGE_CURVE('',#1158,#1156,#671,.T.);
#1443=EDGE_CURVE('',#1159,#1158,#672,.T.);
#1444=EDGE_CURVE('',#1157,#1159,#673,.T.);
#1445=EDGE_CURVE('',#1160,#1160,#92,.T.);
#1446=EDGE_CURVE('',#1160,#1161,#674,.T.);
#1447=EDGE_CURVE('',#1161,#1161,#93,.T.);
#1448=EDGE_CURVE('',#1162,#1162,#94,.T.);
#1449=EDGE_CURVE('',#1162,#1163,#675,.T.);
#1450=EDGE_CURVE('',#1163,#1163,#95,.T.);
#1451=EDGE_CURVE('',#1159,#1164,#676,.T.);
#1452=EDGE_CURVE('',#1091,#1164,#677,.T.);
#1453=EDGE_CURVE('',#1164,#1165,#678,.T.);
#1454=EDGE_CURVE('',#1165,#1158,#679,.T.);
#1455=EDGE_CURVE('',#1165,#1166,#680,.T.);
#1456=EDGE_CURVE('',#1069,#1166,#681,.F.);
#1457=EDGE_CURVE('',#998,#1095,#682,.T.);
#1458=EDGE_CURVE('',#999,#1019,#683,.T.);
#1459=EDGE_CURVE('',#997,#1061,#684,.T.);
#1460=EDGE_CURVE('',#996,#1044,#685,.T.);
#1461=EDGE_CURVE('',#1094,#1072,#686,.T.);
#1462=EDGE_CURVE('',#1043,#1034,#687,.T.);
#1463=EDGE_CURVE('',#1018,#1013,#688,.T.);
#1464=EDGE_CURVE('',#1060,#1056,#689,.T.);
#1465=EDGE_CURVE('',#1167,#1168,#690,.T.);
#1466=EDGE_CURVE('',#1039,#1168,#691,.F.);
#1467=EDGE_CURVE('',#1166,#1040,#692,.F.);
#1468=EDGE_CURVE('',#1169,#1153,#693,.F.);
#1469=EDGE_CURVE('',#1167,#1169,#694,.T.);
#1470=EDGE_CURVE('',#1168,#1170,#695,.T.);
#1471=EDGE_CURVE('',#1170,#1171,#696,.T.);
#1472=EDGE_CURVE('',#1171,#1172,#697,.T.);
#1473=EDGE_CURVE('',#1172,#1035,#698,.T.);
#1474=EDGE_CURVE('',#1170,#1173,#699,.T.);
#1475=EDGE_CURVE('',#1173,#1174,#700,.T.);
#1476=EDGE_CURVE('',#1174,#1175,#701,.T.);
#1477=EDGE_CURVE('',#1175,#1176,#702,.T.);
#1478=EDGE_CURVE('',#1176,#1171,#703,.T.);
#1479=EDGE_CURVE('',#1093,#1176,#704,.T.);
#1480=EDGE_CURVE('',#1172,#1092,#705,.T.);
#1481=EDGE_CURVE('',#1032,#1175,#706,.T.);
#1482=EDGE_CURVE('',#1113,#1177,#707,.T.);
#1483=EDGE_CURVE('',#1178,#1177,#708,.T.);
#1484=EDGE_CURVE('',#1178,#1110,#709,.T.);
#1485=EDGE_CURVE('',#1173,#1000,#710,.T.);
#1486=EDGE_CURVE('',#1167,#1012,#711,.T.);
#1487=EDGE_CURVE('',#1174,#1024,#712,.T.);
#1488=EDGE_CURVE('',#1179,#1178,#713,.T.);
#1489=EDGE_CURVE('',#1111,#1179,#714,.T.);
#1490=EDGE_CURVE('',#1177,#1180,#715,.T.);
#1491=EDGE_CURVE('',#1112,#1180,#716,.T.);
#1492=EDGE_CURVE('',#1180,#1179,#717,.T.);
#1493=EDGE_CURVE('',#1009,#1169,#718,.F.);
#1494=ORIENTED_EDGE('',*,*,#1181,.F.);
#1495=ORIENTED_EDGE('',*,*,#1182,.F.);
#1496=ORIENTED_EDGE('',*,*,#1183,.F.);
#1497=ORIENTED_EDGE('',*,*,#1184,.F.);
#1498=ORIENTED_EDGE('',*,*,#1185,.F.);
#1499=ORIENTED_EDGE('',*,*,#1184,.T.);
#1500=ORIENTED_EDGE('',*,*,#1186,.F.);
#1501=ORIENTED_EDGE('',*,*,#1187,.T.);
#1502=ORIENTED_EDGE('',*,*,#1188,.F.);
#1503=ORIENTED_EDGE('',*,*,#1187,.F.);
#1504=ORIENTED_EDGE('',*,*,#1189,.F.);
#1505=ORIENTED_EDGE('',*,*,#1190,.F.);
#1506=ORIENTED_EDGE('',*,*,#1191,.F.);
#1507=ORIENTED_EDGE('',*,*,#1190,.T.);
#1508=ORIENTED_EDGE('',*,*,#1192,.F.);
#1509=ORIENTED_EDGE('',*,*,#1193,.T.);
#1510=ORIENTED_EDGE('',*,*,#1194,.F.);
#1511=ORIENTED_EDGE('',*,*,#1195,.T.);
#1512=ORIENTED_EDGE('',*,*,#1196,.F.);
#1513=ORIENTED_EDGE('',*,*,#1182,.T.);
#1514=ORIENTED_EDGE('',*,*,#1197,.F.);
#1515=ORIENTED_EDGE('',*,*,#1198,.F.);
#1516=ORIENTED_EDGE('',*,*,#1199,.F.);
#1517=ORIENTED_EDGE('',*,*,#1195,.F.);
#1518=ORIENTED_EDGE('',*,*,#1200,.F.);
#1519=ORIENTED_EDGE('',*,*,#1193,.F.);
#1520=ORIENTED_EDGE('',*,*,#1201,.F.);
#1521=ORIENTED_EDGE('',*,*,#1202,.F.);
#1522=ORIENTED_EDGE('',*,*,#1203,.F.);
#1523=ORIENTED_EDGE('',*,*,#1202,.T.);
#1524=ORIENTED_EDGE('',*,*,#1204,.F.);
#1525=ORIENTED_EDGE('',*,*,#1198,.T.);
#1526=ORIENTED_EDGE('',*,*,#1205,.F.);
#1527=ORIENTED_EDGE('',*,*,#1206,.F.);
#1528=ORIENTED_EDGE('',*,*,#1207,.F.);
#1529=ORIENTED_EDGE('',*,*,#1208,.F.);
#1530=ORIENTED_EDGE('',*,*,#1209,.F.);
#1531=ORIENTED_EDGE('',*,*,#1210,.F.);
#1532=ORIENTED_EDGE('',*,*,#1211,.F.);
#1533=ORIENTED_EDGE('',*,*,#1212,.F.);
#1534=ORIENTED_EDGE('',*,*,#1213,.F.);
#1535=ORIENTED_EDGE('',*,*,#1214,.F.);
#1536=ORIENTED_EDGE('',*,*,#1215,.T.);
#1537=ORIENTED_EDGE('',*,*,#1216,.T.);
#1538=ORIENTED_EDGE('',*,*,#1217,.F.);
#1539=ORIENTED_EDGE('',*,*,#1218,.F.);
#1540=ORIENTED_EDGE('',*,*,#1219,.F.);
#1541=ORIENTED_EDGE('',*,*,#1220,.F.);
#1542=ORIENTED_EDGE('',*,*,#1214,.T.);
#1543=ORIENTED_EDGE('',*,*,#1221,.T.);
#1544=ORIENTED_EDGE('',*,*,#1210,.T.);
#1545=ORIENTED_EDGE('',*,*,#1222,.F.);
#1546=ORIENTED_EDGE('',*,*,#1223,.F.);
#1547=ORIENTED_EDGE('',*,*,#1220,.T.);
#1548=ORIENTED_EDGE('',*,*,#1224,.F.);
#1549=ORIENTED_EDGE('',*,*,#1225,.F.);
#1550=ORIENTED_EDGE('',*,*,#1218,.T.);
#1551=ORIENTED_EDGE('',*,*,#1226,.T.);
#1552=ORIENTED_EDGE('',*,*,#1227,.T.);
#1553=ORIENTED_EDGE('',*,*,#1228,.T.);
#1554=ORIENTED_EDGE('',*,*,#1212,.T.);
#1555=ORIENTED_EDGE('',*,*,#1229,.T.);
#1556=ORIENTED_EDGE('',*,*,#1230,.T.);
#1557=ORIENTED_EDGE('',*,*,#1231,.T.);
#1558=ORIENTED_EDGE('',*,*,#1232,.F.);
#1559=ORIENTED_EDGE('',*,*,#1233,.F.);
#1560=ORIENTED_EDGE('',*,*,#1234,.T.);
#1561=ORIENTED_EDGE('',*,*,#1235,.T.);
#1562=ORIENTED_EDGE('',*,*,#1236,.F.);
#1563=ORIENTED_EDGE('',*,*,#1237,.F.);
#1564=ORIENTED_EDGE('',*,*,#1238,.T.);
#1565=ORIENTED_EDGE('',*,*,#1230,.F.);
#1566=ORIENTED_EDGE('',*,*,#1239,.F.);
#1567=ORIENTED_EDGE('',*,*,#1240,.T.);
#1568=ORIENTED_EDGE('',*,*,#1241,.T.);
#1569=ORIENTED_EDGE('',*,*,#1242,.F.);
#1570=ORIENTED_EDGE('',*,*,#1243,.T.);
#1571=ORIENTED_EDGE('',*,*,#1244,.F.);
#1572=ORIENTED_EDGE('',*,*,#1245,.F.);
#1573=ORIENTED_EDGE('',*,*,#1246,.F.);
#1574=ORIENTED_EDGE('',*,*,#1247,.F.);
#1575=ORIENTED_EDGE('',*,*,#1240,.F.);
#1576=ORIENTED_EDGE('',*,*,#1248,.T.);
#1577=ORIENTED_EDGE('',*,*,#1242,.T.);
#1578=ORIENTED_EDGE('',*,*,#1249,.F.);
#1579=ORIENTED_EDGE('',*,*,#1235,.F.);
#1580=ORIENTED_EDGE('',*,*,#1250,.F.);
#1581=ORIENTED_EDGE('',*,*,#1251,.F.);
#1582=ORIENTED_EDGE('',*,*,#1252,.F.);
#1583=ORIENTED_EDGE('',*,*,#1253,.F.);
#1584=ORIENTED_EDGE('',*,*,#1254,.F.);
#1585=ORIENTED_EDGE('',*,*,#1255,.F.);
#1586=ORIENTED_EDGE('',*,*,#1256,.T.);
#1587=ORIENTED_EDGE('',*,*,#1246,.T.);
#1588=ORIENTED_EDGE('',*,*,#1251,.T.);
#1589=ORIENTED_EDGE('',*,*,#1257,.T.);
#1590=ORIENTED_EDGE('',*,*,#1258,.F.);
#1591=ORIENTED_EDGE('',*,*,#1259,.F.);
#1592=ORIENTED_EDGE('',*,*,#1250,.T.);
#1593=ORIENTED_EDGE('',*,*,#1260,.T.);
#1594=ORIENTED_EDGE('',*,*,#1261,.F.);
#1595=ORIENTED_EDGE('',*,*,#1257,.F.);
#1596=ORIENTED_EDGE('',*,*,#1237,.T.);
#1597=ORIENTED_EDGE('',*,*,#1262,.T.);
#1598=ORIENTED_EDGE('',*,*,#1263,.T.);
#1599=ORIENTED_EDGE('',*,*,#1264,.T.);
#1600=ORIENTED_EDGE('',*,*,#1265,.F.);
#1601=ORIENTED_EDGE('',*,*,#1266,.F.);
#1602=ORIENTED_EDGE('',*,*,#1267,.T.);
#1603=ORIENTED_EDGE('',*,*,#1268,.F.);
#1604=ORIENTED_EDGE('',*,*,#1269,.T.);
#1605=ORIENTED_EDGE('',*,*,#1270,.F.);
#1606=ORIENTED_EDGE('',*,*,#1271,.F.);
#1607=ORIENTED_EDGE('',*,*,#1272,.F.);
#1608=ORIENTED_EDGE('',*,*,#1273,.F.);
#1609=ORIENTED_EDGE('',*,*,#1274,.F.);
#1610=ORIENTED_EDGE('',*,*,#1275,.T.);
#1611=ORIENTED_EDGE('',*,*,#1276,.F.);
#1612=ORIENTED_EDGE('',*,*,#1277,.F.);
#1613=ORIENTED_EDGE('',*,*,#1227,.F.);
#1614=ORIENTED_EDGE('',*,*,#1268,.T.);
#1615=ORIENTED_EDGE('',*,*,#1278,.F.);
#1616=ORIENTED_EDGE('',*,*,#1276,.T.);
#1617=ORIENTED_EDGE('',*,*,#1279,.F.);
#1618=ORIENTED_EDGE('',*,*,#1280,.F.);
#1619=ORIENTED_EDGE('',*,*,#1274,.T.);
#1620=ORIENTED_EDGE('',*,*,#1281,.F.);
#1621=ORIENTED_EDGE('',*,*,#1282,.F.);
#1622=ORIENTED_EDGE('',*,*,#1273,.T.);
#1623=ORIENTED_EDGE('',*,*,#1283,.F.);
#1624=ORIENTED_EDGE('',*,*,#1284,.T.);
#1625=ORIENTED_EDGE('',*,*,#1285,.F.);
#1626=ORIENTED_EDGE('',*,*,#1272,.T.);
#1627=ORIENTED_EDGE('',*,*,#1286,.T.);
#1628=ORIENTED_EDGE('',*,*,#1287,.T.);
#1629=ORIENTED_EDGE('',*,*,#1283,.T.);
#1630=ORIENTED_EDGE('',*,*,#1288,.F.);
#1631=ORIENTED_EDGE('',*,*,#1289,.F.);
#1632=ORIENTED_EDGE('',*,*,#1290,.F.);
#1633=ORIENTED_EDGE('',*,*,#1291,.F.);
#1634=ORIENTED_EDGE('',*,*,#1292,.F.);
#1635=ORIENTED_EDGE('',*,*,#1293,.F.);
#1636=ORIENTED_EDGE('',*,*,#1294,.F.);
#1637=ORIENTED_EDGE('',*,*,#1284,.F.);
#1638=ORIENTED_EDGE('',*,*,#1287,.F.);
#1639=ORIENTED_EDGE('',*,*,#1295,.F.);
#1640=ORIENTED_EDGE('',*,*,#1296,.F.);
#1641=ORIENTED_EDGE('',*,*,#1294,.T.);
#1642=ORIENTED_EDGE('',*,*,#1297,.F.);
#1643=ORIENTED_EDGE('',*,*,#1298,.F.);
#1644=ORIENTED_EDGE('',*,*,#1299,.F.);
#1645=ORIENTED_EDGE('',*,*,#1300,.F.);
#1646=ORIENTED_EDGE('',*,*,#1301,.T.);
#1647=ORIENTED_EDGE('',*,*,#1302,.F.);
#1648=ORIENTED_EDGE('',*,*,#1291,.T.);
#1649=ORIENTED_EDGE('',*,*,#1303,.F.);
#1650=ORIENTED_EDGE('',*,*,#1304,.F.);
#1651=ORIENTED_EDGE('',*,*,#1263,.F.);
#1652=ORIENTED_EDGE('',*,*,#1305,.F.);
#1653=ORIENTED_EDGE('',*,*,#1301,.F.);
#1654=ORIENTED_EDGE('',*,*,#1292,.T.);
#1655=ORIENTED_EDGE('',*,*,#1302,.T.);
#1656=ORIENTED_EDGE('',*,*,#1306,.T.);
#1657=ORIENTED_EDGE('',*,*,#1249,.T.);
#1658=ORIENTED_EDGE('',*,*,#1241,.F.);
#1659=ORIENTED_EDGE('',*,*,#1307,.F.);
#1660=ORIENTED_EDGE('',*,*,#1308,.F.);
#1661=ORIENTED_EDGE('',*,*,#1309,.F.);
#1662=ORIENTED_EDGE('',*,*,#1297,.T.);
#1663=ORIENTED_EDGE('',*,*,#1293,.T.);
#1664=ORIENTED_EDGE('',*,*,#1286,.F.);
#1665=ORIENTED_EDGE('',*,*,#1271,.T.);
#1666=ORIENTED_EDGE('',*,*,#1310,.T.);
#1667=ORIENTED_EDGE('',*,*,#1311,.T.);
#1668=ORIENTED_EDGE('',*,*,#1312,.F.);
#1669=ORIENTED_EDGE('',*,*,#1200,.T.);
#1670=ORIENTED_EDGE('',*,*,#1203,.T.);
#1671=ORIENTED_EDGE('',*,*,#1197,.T.);
#1672=ORIENTED_EDGE('',*,*,#1194,.T.);
#1673=ORIENTED_EDGE('',*,*,#1181,.T.);
#1674=ORIENTED_EDGE('',*,*,#1185,.T.);
#1675=ORIENTED_EDGE('',*,*,#1188,.T.);
#1676=ORIENTED_EDGE('',*,*,#1191,.T.);
#1677=ORIENTED_EDGE('',*,*,#1313,.T.);
#1678=ORIENTED_EDGE('',*,*,#1314,.T.);
#1679=ORIENTED_EDGE('',*,*,#1315,.T.);
#1680=ORIENTED_EDGE('',*,*,#1316,.T.);
#1681=ORIENTED_EDGE('',*,*,#1317,.T.);
#1682=ORIENTED_EDGE('',*,*,#1318,.T.);
#1683=ORIENTED_EDGE('',*,*,#1319,.T.);
#1684=ORIENTED_EDGE('',*,*,#1320,.T.);
#1685=ORIENTED_EDGE('',*,*,#1321,.T.);
#1686=ORIENTED_EDGE('',*,*,#1322,.T.);
#1687=ORIENTED_EDGE('',*,*,#1323,.T.);
#1688=ORIENTED_EDGE('',*,*,#1324,.T.);
#1689=ORIENTED_EDGE('',*,*,#1298,.T.);
#1690=ORIENTED_EDGE('',*,*,#1312,.T.);
#1691=ORIENTED_EDGE('',*,*,#1325,.T.);
#1692=ORIENTED_EDGE('',*,*,#1326,.T.);
#1693=ORIENTED_EDGE('',*,*,#1327,.T.);
#1694=ORIENTED_EDGE('',*,*,#1328,.F.);
#1695=ORIENTED_EDGE('',*,*,#1255,.T.);
#1696=ORIENTED_EDGE('',*,*,#1329,.T.);
#1697=ORIENTED_EDGE('',*,*,#1330,.T.);
#1698=ORIENTED_EDGE('',*,*,#1331,.T.);
#1699=ORIENTED_EDGE('',*,*,#1236,.T.);
#1700=ORIENTED_EDGE('',*,*,#1306,.F.);
#1701=ORIENTED_EDGE('',*,*,#1305,.T.);
#1702=ORIENTED_EDGE('',*,*,#1262,.F.);
#1703=ORIENTED_EDGE('',*,*,#1332,.F.);
#1704=ORIENTED_EDGE('',*,*,#1333,.F.);
#1705=ORIENTED_EDGE('',*,*,#1334,.T.);
#1706=ORIENTED_EDGE('',*,*,#1335,.T.);
#1707=ORIENTED_EDGE('',*,*,#1336,.T.);
#1708=ORIENTED_EDGE('',*,*,#1337,.T.);
#1709=ORIENTED_EDGE('',*,*,#1338,.T.);
#1710=ORIENTED_EDGE('',*,*,#1339,.T.);
#1711=ORIENTED_EDGE('',*,*,#1334,.F.);
#1712=ORIENTED_EDGE('',*,*,#1340,.T.);
#1713=ORIENTED_EDGE('',*,*,#1341,.T.);
#1714=ORIENTED_EDGE('',*,*,#1308,.T.);
#1715=ORIENTED_EDGE('',*,*,#1336,.F.);
#1716=ORIENTED_EDGE('',*,*,#1342,.T.);
#1717=ORIENTED_EDGE('',*,*,#1343,.T.);
#1718=ORIENTED_EDGE('',*,*,#1344,.T.);
#1719=ORIENTED_EDGE('',*,*,#1338,.F.);
#1720=ORIENTED_EDGE('',*,*,#1345,.T.);
#1721=ORIENTED_EDGE('',*,*,#1346,.T.);
#1722=ORIENTED_EDGE('',*,*,#1347,.T.);
#1723=ORIENTED_EDGE('',*,*,#1341,.F.);
#1724=ORIENTED_EDGE('',*,*,#1348,.T.);
#1725=ORIENTED_EDGE('',*,*,#1349,.T.);
#1726=ORIENTED_EDGE('',*,*,#1350,.T.);
#1727=ORIENTED_EDGE('',*,*,#1343,.F.);
#1728=ORIENTED_EDGE('',*,*,#1351,.T.);
#1729=ORIENTED_EDGE('',*,*,#1352,.T.);
#1730=ORIENTED_EDGE('',*,*,#1353,.T.);
#1731=ORIENTED_EDGE('',*,*,#1346,.F.);
#1732=ORIENTED_EDGE('',*,*,#1354,.T.);
#1733=ORIENTED_EDGE('',*,*,#1352,.F.);
#1734=ORIENTED_EDGE('',*,*,#1355,.T.);
#1735=ORIENTED_EDGE('',*,*,#1349,.F.);
#1736=ORIENTED_EDGE('',*,*,#1356,.T.);
#1737=ORIENTED_EDGE('',*,*,#1351,.F.);
#1738=ORIENTED_EDGE('',*,*,#1357,.T.);
#1739=ORIENTED_EDGE('',*,*,#1215,.F.);
#1740=ORIENTED_EDGE('',*,*,#1224,.T.);
#1741=ORIENTED_EDGE('',*,*,#1358,.T.);
#1742=ORIENTED_EDGE('',*,*,#1278,.T.);
#1743=ORIENTED_EDGE('',*,*,#1267,.F.);
#1744=ORIENTED_EDGE('',*,*,#1359,.F.);
#1745=ORIENTED_EDGE('',*,*,#1345,.F.);
#1746=ORIENTED_EDGE('',*,*,#1360,.T.);
#1747=ORIENTED_EDGE('',*,*,#1216,.F.);
#1748=ORIENTED_EDGE('',*,*,#1357,.F.);
#1749=ORIENTED_EDGE('',*,*,#1340,.F.);
#1750=ORIENTED_EDGE('',*,*,#1361,.F.);
#1751=ORIENTED_EDGE('',*,*,#1243,.F.);
#1752=ORIENTED_EDGE('',*,*,#1248,.F.);
#1753=ORIENTED_EDGE('',*,*,#1362,.F.);
#1754=ORIENTED_EDGE('',*,*,#1221,.F.);
#1755=ORIENTED_EDGE('',*,*,#1213,.T.);
#1756=ORIENTED_EDGE('',*,*,#1360,.F.);
#1757=ORIENTED_EDGE('',*,*,#1363,.T.);
#1758=ORIENTED_EDGE('',*,*,#1364,.T.);
#1759=ORIENTED_EDGE('',*,*,#1365,.T.);
#1760=ORIENTED_EDGE('',*,*,#1366,.T.);
#1761=ORIENTED_EDGE('',*,*,#1337,.F.);
#1762=ORIENTED_EDGE('',*,*,#1307,.T.);
#1763=ORIENTED_EDGE('',*,*,#1244,.T.);
#1764=ORIENTED_EDGE('',*,*,#1361,.T.);
#1765=ORIENTED_EDGE('',*,*,#1335,.F.);
#1766=ORIENTED_EDGE('',*,*,#1339,.F.);
#1767=ORIENTED_EDGE('',*,*,#1344,.F.);
#1768=ORIENTED_EDGE('',*,*,#1350,.F.);
#1769=ORIENTED_EDGE('',*,*,#1355,.F.);
#1770=ORIENTED_EDGE('',*,*,#1354,.F.);
#1771=ORIENTED_EDGE('',*,*,#1348,.F.);
#1772=ORIENTED_EDGE('',*,*,#1342,.F.);
#1773=ORIENTED_EDGE('',*,*,#1211,.T.);
#1774=ORIENTED_EDGE('',*,*,#1362,.T.);
#1775=ORIENTED_EDGE('',*,*,#1239,.T.);
#1776=ORIENTED_EDGE('',*,*,#1229,.F.);
#1777=ORIENTED_EDGE('',*,*,#1219,.T.);
#1778=ORIENTED_EDGE('',*,*,#1228,.F.);
#1779=ORIENTED_EDGE('',*,*,#1277,.T.);
#1780=ORIENTED_EDGE('',*,*,#1358,.F.);
#1781=ORIENTED_EDGE('',*,*,#1290,.T.);
#1782=ORIENTED_EDGE('',*,*,#1309,.T.);
#1783=ORIENTED_EDGE('',*,*,#1347,.F.);
#1784=ORIENTED_EDGE('',*,*,#1367,.T.);
#1785=ORIENTED_EDGE('',*,*,#1295,.T.);
#1786=ORIENTED_EDGE('',*,*,#1356,.F.);
#1787=ORIENTED_EDGE('',*,*,#1359,.T.);
#1788=ORIENTED_EDGE('',*,*,#1270,.T.);
#1789=ORIENTED_EDGE('',*,*,#1368,.T.);
#1790=ORIENTED_EDGE('',*,*,#1323,.F.);
#1791=ORIENTED_EDGE('',*,*,#1369,.F.);
#1792=ORIENTED_EDGE('',*,*,#1370,.F.);
#1793=ORIENTED_EDGE('',*,*,#1371,.F.);
#1794=ORIENTED_EDGE('',*,*,#1324,.F.);
#1795=ORIENTED_EDGE('',*,*,#1371,.T.);
#1796=ORIENTED_EDGE('',*,*,#1372,.F.);
#1797=ORIENTED_EDGE('',*,*,#1373,.T.);
#1798=ORIENTED_EDGE('',*,*,#1321,.F.);
#1799=ORIENTED_EDGE('',*,*,#1373,.F.);
#1800=ORIENTED_EDGE('',*,*,#1374,.F.);
#1801=ORIENTED_EDGE('',*,*,#1375,.F.);
#1802=ORIENTED_EDGE('',*,*,#1322,.F.);
#1803=ORIENTED_EDGE('',*,*,#1375,.T.);
#1804=ORIENTED_EDGE('',*,*,#1376,.F.);
#1805=ORIENTED_EDGE('',*,*,#1369,.T.);
#1806=ORIENTED_EDGE('',*,*,#1319,.F.);
#1807=ORIENTED_EDGE('',*,*,#1377,.F.);
#1808=ORIENTED_EDGE('',*,*,#1378,.F.);
#1809=ORIENTED_EDGE('',*,*,#1379,.F.);
#1810=ORIENTED_EDGE('',*,*,#1320,.F.);
#1811=ORIENTED_EDGE('',*,*,#1379,.T.);
#1812=ORIENTED_EDGE('',*,*,#1380,.F.);
#1813=ORIENTED_EDGE('',*,*,#1381,.T.);
#1814=ORIENTED_EDGE('',*,*,#1317,.F.);
#1815=ORIENTED_EDGE('',*,*,#1381,.F.);
#1816=ORIENTED_EDGE('',*,*,#1382,.F.);
#1817=ORIENTED_EDGE('',*,*,#1383,.F.);
#1818=ORIENTED_EDGE('',*,*,#1318,.F.);
#1819=ORIENTED_EDGE('',*,*,#1383,.T.);
#1820=ORIENTED_EDGE('',*,*,#1384,.F.);
#1821=ORIENTED_EDGE('',*,*,#1377,.T.);
#1822=ORIENTED_EDGE('',*,*,#1315,.F.);
#1823=ORIENTED_EDGE('',*,*,#1385,.F.);
#1824=ORIENTED_EDGE('',*,*,#1386,.F.);
#1825=ORIENTED_EDGE('',*,*,#1387,.F.);
#1826=ORIENTED_EDGE('',*,*,#1316,.F.);
#1827=ORIENTED_EDGE('',*,*,#1387,.T.);
#1828=ORIENTED_EDGE('',*,*,#1388,.F.);
#1829=ORIENTED_EDGE('',*,*,#1389,.T.);
#1830=ORIENTED_EDGE('',*,*,#1313,.F.);
#1831=ORIENTED_EDGE('',*,*,#1389,.F.);
#1832=ORIENTED_EDGE('',*,*,#1390,.F.);
#1833=ORIENTED_EDGE('',*,*,#1391,.F.);
#1834=ORIENTED_EDGE('',*,*,#1314,.F.);
#1835=ORIENTED_EDGE('',*,*,#1391,.T.);
#1836=ORIENTED_EDGE('',*,*,#1392,.F.);
#1837=ORIENTED_EDGE('',*,*,#1385,.T.);
#1838=ORIENTED_EDGE('',*,*,#1393,.F.);
#1839=ORIENTED_EDGE('',*,*,#1394,.F.);
#1840=ORIENTED_EDGE('',*,*,#1395,.F.);
#1841=ORIENTED_EDGE('',*,*,#1396,.T.);
#1842=ORIENTED_EDGE('',*,*,#1397,.F.);
#1843=ORIENTED_EDGE('',*,*,#1398,.F.);
#1844=ORIENTED_EDGE('',*,*,#1399,.F.);
#1845=ORIENTED_EDGE('',*,*,#1394,.T.);
#1846=ORIENTED_EDGE('',*,*,#1400,.T.);
#1847=ORIENTED_EDGE('',*,*,#1401,.T.);
#1848=ORIENTED_EDGE('',*,*,#1402,.F.);
#1849=ORIENTED_EDGE('',*,*,#1401,.F.);
#1850=ORIENTED_EDGE('',*,*,#1400,.F.);
#1851=ORIENTED_EDGE('',*,*,#1403,.F.);
#1852=ORIENTED_EDGE('',*,*,#1404,.T.);
#1853=ORIENTED_EDGE('',*,*,#1404,.F.);
#1854=ORIENTED_EDGE('',*,*,#1405,.T.);
#1855=ORIENTED_EDGE('',*,*,#1403,.T.);
#1856=ORIENTED_EDGE('',*,*,#1405,.F.);
#1857=ORIENTED_EDGE('',*,*,#1406,.T.);
#1858=ORIENTED_EDGE('',*,*,#1407,.T.);
#1859=ORIENTED_EDGE('',*,*,#1395,.T.);
#1860=ORIENTED_EDGE('',*,*,#1399,.T.);
#1861=ORIENTED_EDGE('',*,*,#1402,.T.);
#1862=ORIENTED_EDGE('',*,*,#1408,.F.);
#1863=ORIENTED_EDGE('',*,*,#1396,.F.);
#1864=ORIENTED_EDGE('',*,*,#1407,.F.);
#1865=ORIENTED_EDGE('',*,*,#1409,.T.);
#1866=ORIENTED_EDGE('',*,*,#1410,.F.);
#1867=ORIENTED_EDGE('',*,*,#1409,.F.);
#1868=ORIENTED_EDGE('',*,*,#1406,.F.);
#1869=ORIENTED_EDGE('',*,*,#1398,.T.);
#1870=ORIENTED_EDGE('',*,*,#1411,.F.);
#1871=ORIENTED_EDGE('',*,*,#1412,.F.);
#1872=ORIENTED_EDGE('',*,*,#1413,.F.);
#1873=ORIENTED_EDGE('',*,*,#1414,.F.);
#1874=ORIENTED_EDGE('',*,*,#1415,.F.);
#1875=ORIENTED_EDGE('',*,*,#1416,.F.);
#1876=ORIENTED_EDGE('',*,*,#1417,.F.);
#1877=ORIENTED_EDGE('',*,*,#1413,.T.);
#1878=ORIENTED_EDGE('',*,*,#1418,.F.);
#1879=ORIENTED_EDGE('',*,*,#1419,.F.);
#1880=ORIENTED_EDGE('',*,*,#1420,.F.);
#1881=ORIENTED_EDGE('',*,*,#1416,.T.);
#1882=ORIENTED_EDGE('',*,*,#1421,.T.);
#1883=ORIENTED_EDGE('',*,*,#1421,.F.);
#1884=ORIENTED_EDGE('',*,*,#1422,.T.);
#1885=ORIENTED_EDGE('',*,*,#1423,.F.);
#1886=ORIENTED_EDGE('',*,*,#1422,.F.);
#1887=ORIENTED_EDGE('',*,*,#1424,.T.);
#1888=ORIENTED_EDGE('',*,*,#1425,.T.);
#1889=ORIENTED_EDGE('',*,*,#1426,.F.);
#1890=ORIENTED_EDGE('',*,*,#1425,.F.);
#1891=ORIENTED_EDGE('',*,*,#1424,.F.);
#1892=ORIENTED_EDGE('',*,*,#1423,.T.);
#1893=ORIENTED_EDGE('',*,*,#1427,.F.);
#1894=ORIENTED_EDGE('',*,*,#1414,.T.);
#1895=ORIENTED_EDGE('',*,*,#1417,.T.);
#1896=ORIENTED_EDGE('',*,*,#1420,.T.);
#1897=ORIENTED_EDGE('',*,*,#1428,.T.);
#1898=ORIENTED_EDGE('',*,*,#1429,.F.);
#1899=ORIENTED_EDGE('',*,*,#1426,.T.);
#1900=ORIENTED_EDGE('',*,*,#1430,.F.);
#1901=ORIENTED_EDGE('',*,*,#1428,.F.);
#1902=ORIENTED_EDGE('',*,*,#1419,.T.);
#1903=ORIENTED_EDGE('',*,*,#1431,.F.);
#1904=ORIENTED_EDGE('',*,*,#1279,.T.);
#1905=ORIENTED_EDGE('',*,*,#1432,.T.);
#1906=ORIENTED_EDGE('',*,*,#1433,.T.);
#1907=ORIENTED_EDGE('',*,*,#1411,.T.);
#1908=ORIENTED_EDGE('',*,*,#1427,.T.);
#1909=ORIENTED_EDGE('',*,*,#1434,.T.);
#1910=ORIENTED_EDGE('',*,*,#1280,.T.);
#1911=ORIENTED_EDGE('',*,*,#1434,.F.);
#1912=ORIENTED_EDGE('',*,*,#1429,.T.);
#1913=ORIENTED_EDGE('',*,*,#1430,.T.);
#1914=ORIENTED_EDGE('',*,*,#1435,.T.);
#1915=ORIENTED_EDGE('',*,*,#1310,.F.);
#1916=ORIENTED_EDGE('',*,*,#1326,.F.);
#1917=ORIENTED_EDGE('',*,*,#1436,.F.);
#1918=ORIENTED_EDGE('',*,*,#1437,.F.);
#1919=ORIENTED_EDGE('',*,*,#1438,.F.);
#1920=ORIENTED_EDGE('',*,*,#1439,.F.);
#1921=ORIENTED_EDGE('',*,*,#1440,.F.);
#1922=ORIENTED_EDGE('',*,*,#1441,.F.);
#1923=ORIENTED_EDGE('',*,*,#1437,.T.);
#1924=ORIENTED_EDGE('',*,*,#1442,.F.);
#1925=ORIENTED_EDGE('',*,*,#1443,.F.);
#1926=ORIENTED_EDGE('',*,*,#1444,.F.);
#1927=ORIENTED_EDGE('',*,*,#1440,.T.);
#1928=ORIENTED_EDGE('',*,*,#1445,.T.);
#1929=ORIENTED_EDGE('',*,*,#1445,.F.);
#1930=ORIENTED_EDGE('',*,*,#1446,.T.);
#1931=ORIENTED_EDGE('',*,*,#1447,.F.);
#1932=ORIENTED_EDGE('',*,*,#1446,.F.);
#1933=ORIENTED_EDGE('',*,*,#1448,.T.);
#1934=ORIENTED_EDGE('',*,*,#1449,.T.);
#1935=ORIENTED_EDGE('',*,*,#1450,.F.);
#1936=ORIENTED_EDGE('',*,*,#1449,.F.);
#1937=ORIENTED_EDGE('',*,*,#1448,.F.);
#1938=ORIENTED_EDGE('',*,*,#1447,.T.);
#1939=ORIENTED_EDGE('',*,*,#1327,.F.);
#1940=ORIENTED_EDGE('',*,*,#1438,.T.);
#1941=ORIENTED_EDGE('',*,*,#1441,.T.);
#1942=ORIENTED_EDGE('',*,*,#1444,.T.);
#1943=ORIENTED_EDGE('',*,*,#1451,.T.);
#1944=ORIENTED_EDGE('',*,*,#1452,.F.);
#1945=ORIENTED_EDGE('',*,*,#1450,.T.);
#1946=ORIENTED_EDGE('',*,*,#1453,.F.);
#1947=ORIENTED_EDGE('',*,*,#1451,.F.);
#1948=ORIENTED_EDGE('',*,*,#1443,.T.);
#1949=ORIENTED_EDGE('',*,*,#1454,.F.);
#1950=ORIENTED_EDGE('',*,*,#1299,.T.);
#1951=ORIENTED_EDGE('',*,*,#1328,.T.);
#1952=ORIENTED_EDGE('',*,*,#1452,.T.);
#1953=ORIENTED_EDGE('',*,*,#1453,.T.);
#1954=ORIENTED_EDGE('',*,*,#1455,.T.);
#1955=ORIENTED_EDGE('',*,*,#1456,.F.);
#1956=ORIENTED_EDGE('',*,*,#1207,.T.);
#1957=ORIENTED_EDGE('',*,*,#1457,.T.);
#1958=ORIENTED_EDGE('',*,*,#1333,.T.);
#1959=ORIENTED_EDGE('',*,*,#1457,.F.);
#1960=ORIENTED_EDGE('',*,*,#1208,.T.);
#1961=ORIENTED_EDGE('',*,*,#1458,.T.);
#1962=ORIENTED_EDGE('',*,*,#1233,.T.);
#1963=ORIENTED_EDGE('',*,*,#1458,.F.);
#1964=ORIENTED_EDGE('',*,*,#1206,.T.);
#1965=ORIENTED_EDGE('',*,*,#1459,.T.);
#1966=ORIENTED_EDGE('',*,*,#1289,.T.);
#1967=ORIENTED_EDGE('',*,*,#1459,.F.);
#1968=ORIENTED_EDGE('',*,*,#1205,.T.);
#1969=ORIENTED_EDGE('',*,*,#1460,.T.);
#1970=ORIENTED_EDGE('',*,*,#1266,.T.);
#1971=ORIENTED_EDGE('',*,*,#1460,.F.);
#1972=ORIENTED_EDGE('',*,*,#1332,.T.);
#1973=ORIENTED_EDGE('',*,*,#1461,.T.);
#1974=ORIENTED_EDGE('',*,*,#1303,.T.);
#1975=ORIENTED_EDGE('',*,*,#1461,.F.);
#1976=ORIENTED_EDGE('',*,*,#1265,.T.);
#1977=ORIENTED_EDGE('',*,*,#1462,.T.);
#1978=ORIENTED_EDGE('',*,*,#1252,.T.);
#1979=ORIENTED_EDGE('',*,*,#1462,.F.);
#1980=ORIENTED_EDGE('',*,*,#1232,.T.);
#1981=ORIENTED_EDGE('',*,*,#1463,.T.);
#1982=ORIENTED_EDGE('',*,*,#1225,.T.);
#1983=ORIENTED_EDGE('',*,*,#1463,.F.);
#1984=ORIENTED_EDGE('',*,*,#1288,.T.);
#1985=ORIENTED_EDGE('',*,*,#1464,.T.);
#1986=ORIENTED_EDGE('',*,*,#1282,.T.);
#1987=ORIENTED_EDGE('',*,*,#1464,.F.);
#1988=ORIENTED_EDGE('',*,*,#1465,.T.);
#1989=ORIENTED_EDGE('',*,*,#1466,.F.);
#1990=ORIENTED_EDGE('',*,*,#1258,.T.);
#1991=ORIENTED_EDGE('',*,*,#1261,.T.);
#1992=ORIENTED_EDGE('',*,*,#1467,.F.);
#1993=ORIENTED_EDGE('',*,*,#1455,.F.);
#1994=ORIENTED_EDGE('',*,*,#1454,.T.);
#1995=ORIENTED_EDGE('',*,*,#1442,.T.);
#1996=ORIENTED_EDGE('',*,*,#1439,.T.);
#1997=ORIENTED_EDGE('',*,*,#1436,.T.);
#1998=ORIENTED_EDGE('',*,*,#1325,.F.);
#1999=ORIENTED_EDGE('',*,*,#1311,.F.);
#2000=ORIENTED_EDGE('',*,*,#1435,.F.);
#2001=ORIENTED_EDGE('',*,*,#1431,.T.);
#2002=ORIENTED_EDGE('',*,*,#1418,.T.);
#2003=ORIENTED_EDGE('',*,*,#1415,.T.);
#2004=ORIENTED_EDGE('',*,*,#1412,.T.);
#2005=ORIENTED_EDGE('',*,*,#1433,.F.);
#2006=ORIENTED_EDGE('',*,*,#1468,.F.);
#2007=ORIENTED_EDGE('',*,*,#1469,.F.);
#2008=ORIENTED_EDGE('',*,*,#1397,.T.);
#2009=ORIENTED_EDGE('',*,*,#1393,.T.);
#2010=ORIENTED_EDGE('',*,*,#1408,.T.);
#2011=ORIENTED_EDGE('',*,*,#1410,.T.);
#2012=ORIENTED_EDGE('',*,*,#1245,.T.);
#2013=ORIENTED_EDGE('',*,*,#1259,.T.);
#2014=ORIENTED_EDGE('',*,*,#1466,.T.);
#2015=ORIENTED_EDGE('',*,*,#1470,.T.);
#2016=ORIENTED_EDGE('',*,*,#1471,.T.);
#2017=ORIENTED_EDGE('',*,*,#1472,.T.);
#2018=ORIENTED_EDGE('',*,*,#1473,.T.);
#2019=ORIENTED_EDGE('',*,*,#1253,.T.);
#2020=ORIENTED_EDGE('',*,*,#1471,.F.);
#2021=ORIENTED_EDGE('',*,*,#1474,.T.);
#2022=ORIENTED_EDGE('',*,*,#1475,.T.);
#2023=ORIENTED_EDGE('',*,*,#1476,.T.);
#2024=ORIENTED_EDGE('',*,*,#1477,.T.);
#2025=ORIENTED_EDGE('',*,*,#1478,.T.);
#2026=ORIENTED_EDGE('',*,*,#1479,.F.);
#2027=ORIENTED_EDGE('',*,*,#1330,.F.);
#2028=ORIENTED_EDGE('',*,*,#1480,.F.);
#2029=ORIENTED_EDGE('',*,*,#1472,.F.);
#2030=ORIENTED_EDGE('',*,*,#1478,.F.);
#2031=ORIENTED_EDGE('',*,*,#1256,.F.);
#2032=ORIENTED_EDGE('',*,*,#1331,.F.);
#2033=ORIENTED_EDGE('',*,*,#1479,.T.);
#2034=ORIENTED_EDGE('',*,*,#1477,.F.);
#2035=ORIENTED_EDGE('',*,*,#1481,.F.);
#2036=ORIENTED_EDGE('',*,*,#1482,.T.);
#2037=ORIENTED_EDGE('',*,*,#1483,.F.);
#2038=ORIENTED_EDGE('',*,*,#1484,.T.);
#2039=ORIENTED_EDGE('',*,*,#1366,.F.);
#2040=ORIENTED_EDGE('',*,*,#1222,.T.);
#2041=ORIENTED_EDGE('',*,*,#1485,.F.);
#2042=ORIENTED_EDGE('',*,*,#1474,.F.);
#2043=ORIENTED_EDGE('',*,*,#1470,.F.);
#2044=ORIENTED_EDGE('',*,*,#1465,.F.);
#2045=ORIENTED_EDGE('',*,*,#1486,.T.);
#2046=ORIENTED_EDGE('',*,*,#1247,.T.);
#2047=ORIENTED_EDGE('',*,*,#1481,.T.);
#2048=ORIENTED_EDGE('',*,*,#1476,.F.);
#2049=ORIENTED_EDGE('',*,*,#1487,.T.);
#2050=ORIENTED_EDGE('',*,*,#1363,.F.);
#2051=ORIENTED_EDGE('',*,*,#1484,.F.);
#2052=ORIENTED_EDGE('',*,*,#1488,.F.);
#2053=ORIENTED_EDGE('',*,*,#1489,.F.);
#2054=ORIENTED_EDGE('',*,*,#1490,.F.);
#2055=ORIENTED_EDGE('',*,*,#1482,.F.);
#2056=ORIENTED_EDGE('',*,*,#1365,.F.);
#2057=ORIENTED_EDGE('',*,*,#1491,.T.);
#2058=ORIENTED_EDGE('',*,*,#1364,.F.);
#2059=ORIENTED_EDGE('',*,*,#1489,.T.);
#2060=ORIENTED_EDGE('',*,*,#1492,.F.);
#2061=ORIENTED_EDGE('',*,*,#1491,.F.);
#2062=ORIENTED_EDGE('',*,*,#1487,.F.);
#2063=ORIENTED_EDGE('',*,*,#1475,.F.);
#2064=ORIENTED_EDGE('',*,*,#1485,.T.);
#2065=ORIENTED_EDGE('',*,*,#1209,.T.);
#2066=ORIENTED_EDGE('',*,*,#1231,.F.);
#2067=ORIENTED_EDGE('',*,*,#1238,.F.);
#2068=ORIENTED_EDGE('',*,*,#1492,.T.);
#2069=ORIENTED_EDGE('',*,*,#1488,.T.);
#2070=ORIENTED_EDGE('',*,*,#1483,.T.);
#2071=ORIENTED_EDGE('',*,*,#1490,.T.);
#2072=ORIENTED_EDGE('',*,*,#1254,.T.);
#2073=ORIENTED_EDGE('',*,*,#1473,.F.);
#2074=ORIENTED_EDGE('',*,*,#1480,.T.);
#2075=ORIENTED_EDGE('',*,*,#1329,.F.);
#2076=ORIENTED_EDGE('',*,*,#1223,.T.);
#2077=ORIENTED_EDGE('',*,*,#1486,.F.);
#2078=ORIENTED_EDGE('',*,*,#1469,.T.);
#2079=ORIENTED_EDGE('',*,*,#1493,.F.);
#2080=ORIENTED_EDGE('',*,*,#1275,.F.);
#2081=ORIENTED_EDGE('',*,*,#1226,.F.);
#2082=ORIENTED_EDGE('',*,*,#1217,.T.);
#2083=ORIENTED_EDGE('',*,*,#1493,.T.);
#2084=ORIENTED_EDGE('',*,*,#1468,.T.);
#2085=ORIENTED_EDGE('',*,*,#1432,.F.);
#2086=ORIENTED_EDGE('',*,*,#1300,.T.);
#2087=ORIENTED_EDGE('',*,*,#1456,.T.);
#2088=ORIENTED_EDGE('',*,*,#1467,.T.);
#2089=ORIENTED_EDGE('',*,*,#1260,.F.);
#2090=ORIENTED_EDGE('',*,*,#1234,.F.);
#2091=ORIENTED_EDGE('',*,*,#1264,.F.);
#2092=ORIENTED_EDGE('',*,*,#1304,.T.);
#2093=ORIENTED_EDGE('',*,*,#1296,.T.);
#2094=ORIENTED_EDGE('',*,*,#1367,.F.);
#2095=ORIENTED_EDGE('',*,*,#1353,.F.);
#2096=ORIENTED_EDGE('',*,*,#1368,.F.);
#2097=ORIENTED_EDGE('',*,*,#1269,.F.);
#2098=ORIENTED_EDGE('',*,*,#1281,.T.);
#2099=ORIENTED_EDGE('',*,*,#1285,.T.);
#2100=ORIENTED_EDGE('',*,*,#1201,.T.);
#2101=ORIENTED_EDGE('',*,*,#1192,.T.);
#2102=ORIENTED_EDGE('',*,*,#1189,.T.);
#2103=ORIENTED_EDGE('',*,*,#1186,.T.);
#2104=ORIENTED_EDGE('',*,*,#1183,.T.);
#2105=ORIENTED_EDGE('',*,*,#1196,.T.);
#2106=ORIENTED_EDGE('',*,*,#1199,.T.);
#2107=ORIENTED_EDGE('',*,*,#1204,.T.);
#2108=ORIENTED_EDGE('',*,*,#1374,.T.);
#2109=ORIENTED_EDGE('',*,*,#1372,.T.);
#2110=ORIENTED_EDGE('',*,*,#1370,.T.);
#2111=ORIENTED_EDGE('',*,*,#1376,.T.);
#2112=ORIENTED_EDGE('',*,*,#1382,.T.);
#2113=ORIENTED_EDGE('',*,*,#1380,.T.);
#2114=ORIENTED_EDGE('',*,*,#1378,.T.);
#2115=ORIENTED_EDGE('',*,*,#1384,.T.);
#2116=ORIENTED_EDGE('',*,*,#1390,.T.);
#2117=ORIENTED_EDGE('',*,*,#1388,.T.);
#2118=ORIENTED_EDGE('',*,*,#1386,.T.);
#2119=ORIENTED_EDGE('',*,*,#1392,.T.);
#2120=CYLINDRICAL_SURFACE('',#2293,4.);
#2121=CYLINDRICAL_SURFACE('',#2297,4.);
#2122=CYLINDRICAL_SURFACE('',#2302,4.);
#2123=CYLINDRICAL_SURFACE('',#2305,4.);
#2124=CYLINDRICAL_SURFACE('',#2318,5.);
#2125=CYLINDRICAL_SURFACE('',#2332,5.);
#2126=CYLINDRICAL_SURFACE('',#2345,5.00000000000001);
#2127=CYLINDRICAL_SURFACE('',#2358,4.99999999999999);
#2128=CYLINDRICAL_SURFACE('',#2376,4.00000000000001);
#2129=CYLINDRICAL_SURFACE('',#2378,4.);
#2130=CYLINDRICAL_SURFACE('',#2382,4.00000000000001);
#2131=CYLINDRICAL_SURFACE('',#2384,4.);
#2132=CYLINDRICAL_SURFACE('',#2387,5.);
#2133=CYLINDRICAL_SURFACE('',#2389,5.);
#2134=CYLINDRICAL_SURFACE('',#2393,5.);
#2135=CYLINDRICAL_SURFACE('',#2394,5.);
#2136=CYLINDRICAL_SURFACE('',#2409,2.5);
#2137=CYLINDRICAL_SURFACE('',#2416,1.5);
#2138=CYLINDRICAL_SURFACE('',#2425,1.5);
#2139=CYLINDRICAL_SURFACE('',#2427,2.5);
#2140=CYLINDRICAL_SURFACE('',#2440,1.5);
#2141=CYLINDRICAL_SURFACE('',#2442,2.5);
#2142=CYLINDRICAL_SURFACE('',#2449,1.5);
#2143=CYLINDRICAL_SURFACE('',#2450,1.5);
#2144=CYLINDRICAL_SURFACE('',#2451,1.5);
#2145=CYLINDRICAL_SURFACE('',#2452,1.5);
#2146=CYLINDRICAL_SURFACE('',#2453,2.5);
#2147=CYLINDRICAL_SURFACE('',#2454,2.5);
#2148=CYLINDRICAL_SURFACE('',#2455,2.5);
#2149=CYLINDRICAL_SURFACE('',#2456,2.5);
#2150=ADVANCED_FACE('',(#191),#2120,.F.);
#2151=ADVANCED_FACE('',(#192),#96,.F.);
#2152=ADVANCED_FACE('',(#193),#2121,.F.);
#2153=ADVANCED_FACE('',(#194),#97,.F.);
#2154=ADVANCED_FACE('',(#195),#98,.T.);
#2155=ADVANCED_FACE('',(#196),#2122,.F.);
#2156=ADVANCED_FACE('',(#197),#2123,.F.);
#2157=ADVANCED_FACE('',(#198),#99,.F.);
#2158=ADVANCED_FACE('',(#199),#100,.F.);
#2159=ADVANCED_FACE('',(#200),#101,.F.);
#2160=ADVANCED_FACE('',(#201),#102,.F.);
#2161=ADVANCED_FACE('',(#202),#103,.F.);
#2162=ADVANCED_FACE('',(#203),#104,.F.);
#2163=ADVANCED_FACE('',(#204),#2124,.F.);
#2164=ADVANCED_FACE('',(#205),#105,.F.);
#2165=ADVANCED_FACE('',(#206,#19),#106,.T.);
#2166=ADVANCED_FACE('',(#207),#107,.T.);
#2167=ADVANCED_FACE('',(#208),#108,.T.);
#2168=ADVANCED_FACE('',(#209,#20),#109,.F.);
#2169=ADVANCED_FACE('',(#210),#110,.F.);
#2170=ADVANCED_FACE('',(#211),#111,.F.);
#2171=ADVANCED_FACE('',(#212),#2125,.F.);
#2172=ADVANCED_FACE('',(#213,#21),#112,.T.);
#2173=ADVANCED_FACE('',(#214),#113,.F.);
#2174=ADVANCED_FACE('',(#215),#114,.T.);
#2175=ADVANCED_FACE('',(#216),#115,.T.);
#2176=ADVANCED_FACE('',(#217),#116,.T.);
#2177=ADVANCED_FACE('',(#218,#22),#117,.F.);
#2178=ADVANCED_FACE('',(#219),#2126,.F.);
#2179=ADVANCED_FACE('',(#220),#118,.F.);
#2180=ADVANCED_FACE('',(#221),#119,.F.);
#2181=ADVANCED_FACE('',(#222,#23),#120,.T.);
#2182=ADVANCED_FACE('',(#223),#121,.F.);
#2183=ADVANCED_FACE('',(#224),#122,.T.);
#2184=ADVANCED_FACE('',(#225,#24),#123,.F.);
#2185=ADVANCED_FACE('',(#226),#2127,.F.);
#2186=ADVANCED_FACE('',(#227),#124,.F.);
#2187=ADVANCED_FACE('',(#228,#25),#125,.T.);
#2188=ADVANCED_FACE('',(#229),#126,.F.);
#2189=ADVANCED_FACE('',(#230),#127,.F.);
#2190=ADVANCED_FACE('',(#231,#26,#27,#28,#29),#128,.T.);
#2191=ADVANCED_FACE('',(#232),#129,.T.);
#2192=ADVANCED_FACE('',(#233),#130,.T.);
#2193=ADVANCED_FACE('',(#234),#131,.F.);
#2194=ADVANCED_FACE('',(#235,#30),#132,.F.);
#2195=ADVANCED_FACE('',(#236),#15,.F.);
#2196=ADVANCED_FACE('',(#237),#2128,.T.);
#2197=ADVANCED_FACE('',(#238),#2129,.T.);
#2198=ADVANCED_FACE('',(#239),#16,.F.);
#2199=ADVANCED_FACE('',(#240),#17,.F.);
#2200=ADVANCED_FACE('',(#241),#2130,.T.);
#2201=ADVANCED_FACE('',(#242),#2131,.T.);
#2202=ADVANCED_FACE('',(#243),#18,.F.);
#2203=ADVANCED_FACE('',(#244),#133,.F.);
#2204=ADVANCED_FACE('',(#245),#2132,.T.);
#2205=ADVANCED_FACE('',(#246,#31),#134,.F.);
#2206=ADVANCED_FACE('',(#247),#2133,.T.);
#2207=ADVANCED_FACE('',(#248),#135,.F.);
#2208=ADVANCED_FACE('',(#249),#136,.F.);
#2209=ADVANCED_FACE('',(#250),#137,.F.);
#2210=ADVANCED_FACE('',(#251),#2134,.T.);
#2211=ADVANCED_FACE('',(#252),#2135,.T.);
#2212=ADVANCED_FACE('',(#253),#138,.F.);
#2213=ADVANCED_FACE('',(#254),#139,.T.);
#2214=ADVANCED_FACE('',(#255),#140,.T.);
#2215=ADVANCED_FACE('',(#256),#141,.T.);
#2216=ADVANCED_FACE('',(#257),#142,.F.);
#2217=ADVANCED_FACE('',(#258),#143,.T.);
#2218=ADVANCED_FACE('',(#259),#144,.T.);
#2219=ADVANCED_FACE('',(#260),#145,.T.);
#2220=ADVANCED_FACE('',(#261),#146,.F.);
#2221=ADVANCED_FACE('',(#262),#147,.T.);
#2222=ADVANCED_FACE('',(#263),#148,.T.);
#2223=ADVANCED_FACE('',(#264),#149,.T.);
#2224=ADVANCED_FACE('',(#265),#150,.F.);
#2225=ADVANCED_FACE('',(#266),#151,.F.);
#2226=ADVANCED_FACE('',(#267),#2136,.F.);
#2227=ADVANCED_FACE('',(#268,#32),#152,.F.);
#2228=ADVANCED_FACE('',(#269),#153,.F.);
#2229=ADVANCED_FACE('',(#270),#2137,.F.);
#2230=ADVANCED_FACE('',(#271,#33),#154,.T.);
#2231=ADVANCED_FACE('',(#272),#155,.F.);
#2232=ADVANCED_FACE('',(#273),#156,.F.);
#2233=ADVANCED_FACE('',(#274),#157,.F.);
#2234=ADVANCED_FACE('',(#275),#158,.F.);
#2235=ADVANCED_FACE('',(#276),#159,.F.);
#2236=ADVANCED_FACE('',(#277),#160,.F.);
#2237=ADVANCED_FACE('',(#278),#2138,.F.);
#2238=ADVANCED_FACE('',(#279),#2139,.F.);
#2239=ADVANCED_FACE('',(#280,#34),#161,.F.);
#2240=ADVANCED_FACE('',(#281,#35),#162,.T.);
#2241=ADVANCED_FACE('',(#282),#163,.F.);
#2242=ADVANCED_FACE('',(#283),#164,.T.);
#2243=ADVANCED_FACE('',(#284),#165,.T.);
#2244=ADVANCED_FACE('',(#285),#166,.F.);
#2245=ADVANCED_FACE('',(#286),#167,.F.);
#2246=ADVANCED_FACE('',(#287),#168,.F.);
#2247=ADVANCED_FACE('',(#288),#169,.F.);
#2248=ADVANCED_FACE('',(#289),#2140,.F.);
#2249=ADVANCED_FACE('',(#290),#2141,.F.);
#2250=ADVANCED_FACE('',(#291,#36),#170,.F.);
#2251=ADVANCED_FACE('',(#292,#37),#171,.T.);
#2252=ADVANCED_FACE('',(#293),#172,.F.);
#2253=ADVANCED_FACE('',(#294),#173,.T.);
#2254=ADVANCED_FACE('',(#295),#2142,.F.);
#2255=ADVANCED_FACE('',(#296),#2143,.F.);
#2256=ADVANCED_FACE('',(#297),#2144,.F.);
#2257=ADVANCED_FACE('',(#298),#2145,.F.);
#2258=ADVANCED_FACE('',(#299),#2146,.F.);
#2259=ADVANCED_FACE('',(#300),#2147,.F.);
#2260=ADVANCED_FACE('',(#301),#2148,.F.);
#2261=ADVANCED_FACE('',(#302),#2149,.F.);
#2262=ADVANCED_FACE('',(#303,#38),#174,.T.);
#2263=ADVANCED_FACE('',(#304),#175,.T.);
#2264=ADVANCED_FACE('',(#305),#176,.T.);
#2265=ADVANCED_FACE('',(#306),#177,.F.);
#2266=ADVANCED_FACE('',(#307),#178,.F.);
#2267=ADVANCED_FACE('',(#308),#179,.F.);
#2268=ADVANCED_FACE('',(#309),#180,.F.);
#2269=ADVANCED_FACE('',(#310),#181,.F.);
#2270=ADVANCED_FACE('',(#311),#182,.T.);
#2271=ADVANCED_FACE('',(#312),#183,.F.);
#2272=ADVANCED_FACE('',(#313),#184,.T.);
#2273=ADVANCED_FACE('',(#314,#39),#185,.F.);
#2274=ADVANCED_FACE('',(#315),#186,.T.);
#2275=ADVANCED_FACE('',(#316),#187,.T.);
#2276=ADVANCED_FACE('',(#317),#188,.T.);
#2277=ADVANCED_FACE('',(#318),#189,.T.);
#2278=ADVANCED_FACE('',(#319,#40,#41,#42,#43),#190,.F.);
#2279=CLOSED_SHELL('',(#2150,#2151,#2152,#2153,#2154,#2155,#2156,#2157,
#2158,#2159,#2160,#2161,#2162,#2163,#2164,#2165,#2166,#2167,#2168,#2169,
#2170,#2171,#2172,#2173,#2174,#2175,#2176,#2177,#2178,#2179,#2180,#2181,
#2182,#2183,#2184,#2185,#2186,#2187,#2188,#2189,#2190,#2191,#2192,#2193,
#2194,#2195,#2196,#2197,#2198,#2199,#2200,#2201,#2202,#2203,#2204,#2205,
#2206,#2207,#2208,#2209,#2210,#2211,#2212,#2213,#2214,#2215,#2216,#2217,
#2218,#2219,#2220,#2221,#2222,#2223,#2224,#2225,#2226,#2227,#2228,#2229,
#2230,#2231,#2232,#2233,#2234,#2235,#2236,#2237,#2238,#2239,#2240,#2241,
#2242,#2243,#2244,#2245,#2246,#2247,#2248,#2249,#2250,#2251,#2252,#2253,
#2254,#2255,#2256,#2257,#2258,#2259,#2260,#2261,#2262,#2263,#2264,#2265,
#2266,#2267,#2268,#2269,#2270,#2271,#2272,#2273,#2274,#2275,#2276,#2277,
#2278));
#2280=DERIVED_UNIT_ELEMENT(#2282,1.);
#2281=DERIVED_UNIT_ELEMENT(#4057,-3.);
#2282=(
MASS_UNIT()
NAMED_UNIT(*)
SI_UNIT(.KILO.,.GRAM.)
);
#2283=DERIVED_UNIT((#2280,#2281));
#2284=MEASURE_REPRESENTATION_ITEM('density measure',
POSITIVE_RATIO_MEASURE(7850.),#2283);
#2285=PROPERTY_DEFINITION_REPRESENTATION(#2290,#2287);
#2286=PROPERTY_DEFINITION_REPRESENTATION(#2291,#2288);
#2287=REPRESENTATION('material name',(#2289),#4054);
#2288=REPRESENTATION('density',(#2284),#4054);
#2289=DESCRIPTIVE_REPRESENTATION_ITEM('Steel','Steel');
#2290=PROPERTY_DEFINITION('material property','material name',#4064);
#2291=PROPERTY_DEFINITION('material property','density of part',#4064);
#2292=AXIS2_PLACEMENT_3D('',#3083,#2474,#2475);
#2293=AXIS2_PLACEMENT_3D('',#3084,#2476,#2477);
#2294=AXIS2_PLACEMENT_3D('',#3087,#2478,#2479);
#2295=AXIS2_PLACEMENT_3D('',#3091,#2481,#2482);
#2296=AXIS2_PLACEMENT_3D('',#3093,#2484,#2485);
#2297=AXIS2_PLACEMENT_3D('',#3099,#2489,#2490);
#2298=AXIS2_PLACEMENT_3D('',#3101,#2491,#2492);
#2299=AXIS2_PLACEMENT_3D('',#3103,#2493,#2494);
#2300=AXIS2_PLACEMENT_3D('',#3105,#2496,#2497);
#2301=AXIS2_PLACEMENT_3D('',#3111,#2501,#2502);
#2302=AXIS2_PLACEMENT_3D('',#3117,#2506,#2507);
#2303=AXIS2_PLACEMENT_3D('',#3119,#2508,#2509);
#2304=AXIS2_PLACEMENT_3D('',#3122,#2511,#2512);
#2305=AXIS2_PLACEMENT_3D('',#3123,#2513,#2514);
#2306=AXIS2_PLACEMENT_3D('',#3125,#2515,#2516);
#2307=AXIS2_PLACEMENT_3D('',#3127,#2517,#2518);
#2308=AXIS2_PLACEMENT_3D('',#3129,#2520,#2521);
#2309=AXIS2_PLACEMENT_3D('',#3132,#2524,#2525);
#2310=AXIS2_PLACEMENT_3D('',#3134,#2526,#2527);
#2311=AXIS2_PLACEMENT_3D('',#3135,#2528,#2529);
#2312=AXIS2_PLACEMENT_3D('',#3137,#2530,#2531);
#2313=AXIS2_PLACEMENT_3D('',#3138,#2532,#2533);
#2314=AXIS2_PLACEMENT_3D('',#3140,#2534,#2535);
#2315=AXIS2_PLACEMENT_3D('',#3141,#2536,#2537);
#2316=AXIS2_PLACEMENT_3D('',#3143,#2538,#2539);
#2317=AXIS2_PLACEMENT_3D('',#3144,#2540,#2541);
#2318=AXIS2_PLACEMENT_3D('',#3153,#2546,#2547);
#2319=AXIS2_PLACEMENT_3D('',#3156,#2548,#2549);
#2320=AXIS2_PLACEMENT_3D('',#3158,#2550,#2551);
#2321=AXIS2_PLACEMENT_3D('',#3160,#2552,#2553);
#2322=AXIS2_PLACEMENT_3D('',#3177,#2554,#2555);
#2323=AXIS2_PLACEMENT_3D('',#3186,#2560,#2561);
#2324=AXIS2_PLACEMENT_3D('',#3193,#2566,#2567);
#2325=AXIS2_PLACEMENT_3D('',#3194,#2568,#2569);
#2326=AXIS2_PLACEMENT_3D('',#3200,#2573,#2574);
#2327=AXIS2_PLACEMENT_3D('',#3206,#2578,#2579);
#2328=AXIS2_PLACEMENT_3D('',#3208,#2580,#2581);
#2329=AXIS2_PLACEMENT_3D('',#3210,#2582,#2583);
#2330=AXIS2_PLACEMENT_3D('',#3211,#2584,#2585);
#2331=AXIS2_PLACEMENT_3D('',#3220,#2590,#2591);
#2332=AXIS2_PLACEMENT_3D('',#3226,#2595,#2596);
#2333=AXIS2_PLACEMENT_3D('',#3229,#2597,#2598);
#2334=AXIS2_PLACEMENT_3D('',#3231,#2599,#2600);
#2335=AXIS2_PLACEMENT_3D('',#3233,#2601,#2602);
#2336=AXIS2_PLACEMENT_3D('',#3252,#2603,#2604);
#2337=AXIS2_PLACEMENT_3D('',#3265,#2612,#2613);
#2338=AXIS2_PLACEMENT_3D('',#3266,#2614,#2615);
#2339=AXIS2_PLACEMENT_3D('',#3274,#2620,#2621);
#2340=AXIS2_PLACEMENT_3D('',#3280,#2625,#2626);
#2341=AXIS2_PLACEMENT_3D('',#3284,#2629,#2630);
#2342=AXIS2_PLACEMENT_3D('',#3290,#2634,#2635);
#2343=AXIS2_PLACEMENT_3D('',#3292,#2636,#2637);
#2344=AXIS2_PLACEMENT_3D('',#3294,#2638,#2639);
#2345=AXIS2_PLACEMENT_3D('',#3295,#2640,#2641);
#2346=AXIS2_PLACEMENT_3D('',#3298,#2642,#2643);
#2347=AXIS2_PLACEMENT_3D('',#3300,#2644,#2645);
#2348=AXIS2_PLACEMENT_3D('',#3302,#2646,#2647);
#2349=AXIS2_PLACEMENT_3D('',#3321,#2648,#2649);
#2350=AXIS2_PLACEMENT_3D('',#3330,#2654,#2655);
#2351=AXIS2_PLACEMENT_3D('',#3336,#2659,#2660);
#2352=AXIS2_PLACEMENT_3D('',#3343,#2665,#2666);
#2353=AXIS2_PLACEMENT_3D('',#3344,#2667,#2668);
#2354=AXIS2_PLACEMENT_3D('',#3350,#2672,#2673);
#2355=AXIS2_PLACEMENT_3D('',#3354,#2676,#2677);
#2356=AXIS2_PLACEMENT_3D('',#3356,#2678,#2679);
#2357=AXIS2_PLACEMENT_3D('',#3358,#2680,#2681);
#2358=AXIS2_PLACEMENT_3D('',#3359,#2682,#2683);
#2359=AXIS2_PLACEMENT_3D('',#3373,#2684,#2685);
#2360=AXIS2_PLACEMENT_3D('',#3374,#2686,#2687);
#2361=AXIS2_PLACEMENT_3D('',#3375,#2688,#2689);
#2362=AXIS2_PLACEMENT_3D('',#3379,#2692,#2693);
#2363=AXIS2_PLACEMENT_3D('',#3381,#2694,#2695);
#2364=AXIS2_PLACEMENT_3D('',#3395,#2703,#2704);
#2365=AXIS2_PLACEMENT_3D('',#3396,#2705,#2706);
#2366=AXIS2_PLACEMENT_3D('',#3399,#2709,#2710);
#2367=AXIS2_PLACEMENT_3D('',#3406,#2715,#2716);
#2368=AXIS2_PLACEMENT_3D('',#3436,#2732,#2733);
#2369=AXIS2_PLACEMENT_3D('',#3444,#2738,#2739);
#2370=AXIS2_PLACEMENT_3D('',#3450,#2743,#2744);
#2371=AXIS2_PLACEMENT_3D('',#3451,#2745,#2746);
#2372=AXIS2_PLACEMENT_3D('',#3453,#2747,#2748);
#2373=AXIS2_PLACEMENT_3D('',#3455,#2749,#2750);
#2374=AXIS2_PLACEMENT_3D('',#3507,#2751,#2752);
#2375=AXIS2_PLACEMENT_3D('',#3516,#2753,#2754);
#2376=AXIS2_PLACEMENT_3D('',#3524,#2755,#2756);
#2377=AXIS2_PLACEMENT_3D('',#3527,#2757,#2758);
#2378=AXIS2_PLACEMENT_3D('',#3530,#2761,#2762);
#2379=AXIS2_PLACEMENT_3D('',#3532,#2763,#2764);
#2380=AXIS2_PLACEMENT_3D('',#3592,#2766,#2767);
#2381=AXIS2_PLACEMENT_3D('',#3667,#2768,#2769);
#2382=AXIS2_PLACEMENT_3D('',#3684,#2770,#2771);
#2383=AXIS2_PLACEMENT_3D('',#3687,#2772,#2773);
#2384=AXIS2_PLACEMENT_3D('',#3690,#2776,#2777);
#2385=AXIS2_PLACEMENT_3D('',#3693,#2778,#2779);
#2386=AXIS2_PLACEMENT_3D('',#3768,#2782,#2783);
#2387=AXIS2_PLACEMENT_3D('',#3772,#2787,#2788);
#2388=AXIS2_PLACEMENT_3D('',#3774,#2790,#2791);
#2389=AXIS2_PLACEMENT_3D('',#3785,#2798,#2799);
#2390=AXIS2_PLACEMENT_3D('',#3786,#2800,#2801);
#2391=AXIS2_PLACEMENT_3D('',#3787,#2802,#2803);
#2392=AXIS2_PLACEMENT_3D('',#3788,#2804,#2805);
#2393=AXIS2_PLACEMENT_3D('',#3789,#2806,#2807);
#2394=AXIS2_PLACEMENT_3D('',#3791,#2809,#2810);
#2395=AXIS2_PLACEMENT_3D('',#3793,#2812,#2813);
#2396=AXIS2_PLACEMENT_3D('',#3799,#2817,#2818);
#2397=AXIS2_PLACEMENT_3D('',#3803,#2821,#2822);
#2398=AXIS2_PLACEMENT_3D('',#3807,#2825,#2826);
#2399=AXIS2_PLACEMENT_3D('',#3809,#2828,#2829);
#2400=AXIS2_PLACEMENT_3D('',#3815,#2833,#2834);
#2401=AXIS2_PLACEMENT_3D('',#3819,#2837,#2838);
#2402=AXIS2_PLACEMENT_3D('',#3823,#2841,#2842);
#2403=AXIS2_PLACEMENT_3D('',#3825,#2844,#2845);
#2404=AXIS2_PLACEMENT_3D('',#3831,#2849,#2850);
#2405=AXIS2_PLACEMENT_3D('',#3835,#2853,#2854);
#2406=AXIS2_PLACEMENT_3D('',#3839,#2857,#2858);
#2407=AXIS2_PLACEMENT_3D('',#3841,#2860,#2861);
#2408=AXIS2_PLACEMENT_3D('',#3850,#2866,#2867);
#2409=AXIS2_PLACEMENT_3D('',#3856,#2871,#2872);
#2410=AXIS2_PLACEMENT_3D('',#3858,#2873,#2874);
#2411=AXIS2_PLACEMENT_3D('',#3861,#2876,#2877);
#2412=AXIS2_PLACEMENT_3D('',#3862,#2878,#2879);
#2413=AXIS2_PLACEMENT_3D('',#3864,#2880,#2881);
#2414=AXIS2_PLACEMENT_3D('',#3865,#2882,#2883);
#2415=AXIS2_PLACEMENT_3D('',#3867,#2884,#2885);
#2416=AXIS2_PLACEMENT_3D('',#3868,#2886,#2887);
#2417=AXIS2_PLACEMENT_3D('',#3870,#2889,#2890);
#2418=AXIS2_PLACEMENT_3D('',#3874,#2893,#2894);
#2419=AXIS2_PLACEMENT_3D('',#3878,#2897,#2898);
#2420=AXIS2_PLACEMENT_3D('',#3880,#2900,#2901);
#2421=AXIS2_PLACEMENT_3D('',#3889,#2906,#2907);
#2422=AXIS2_PLACEMENT_3D('',#3895,#2911,#2912);
#2423=AXIS2_PLACEMENT_3D('',#3901,#2916,#2917);
#2424=AXIS2_PLACEMENT_3D('',#3903,#2918,#2919);
#2425=AXIS2_PLACEMENT_3D('',#3904,#2920,#2921);
#2426=AXIS2_PLACEMENT_3D('',#3907,#2923,#2924);
#2427=AXIS2_PLACEMENT_3D('',#3908,#2925,#2926);
#2428=AXIS2_PLACEMENT_3D('',#3910,#2927,#2928);
#2429=AXIS2_PLACEMENT_3D('',#3913,#2930,#2931);
#2430=AXIS2_PLACEMENT_3D('',#3914,#2932,#2933);
#2431=AXIS2_PLACEMENT_3D('',#3915,#2934,#2935);
#2432=AXIS2_PLACEMENT_3D('',#3921,#2939,#2940);
#2433=AXIS2_PLACEMENT_3D('',#3925,#2943,#2944);
#2434=AXIS2_PLACEMENT_3D('',#3930,#2948,#2949);
#2435=AXIS2_PLACEMENT_3D('',#3932,#2951,#2952);
#2436=AXIS2_PLACEMENT_3D('',#3938,#2956,#2957);
#2437=AXIS2_PLACEMENT_3D('',#3944,#2961,#2962);
#2438=AXIS2_PLACEMENT_3D('',#3950,#2966,#2967);
#2439=AXIS2_PLACEMENT_3D('',#3952,#2968,#2969);
#2440=AXIS2_PLACEMENT_3D('',#3953,#2970,#2971);
#2441=AXIS2_PLACEMENT_3D('',#3956,#2973,#2974);
#2442=AXIS2_PLACEMENT_3D('',#3957,#2975,#2976);
#2443=AXIS2_PLACEMENT_3D('',#3959,#2977,#2978);
#2444=AXIS2_PLACEMENT_3D('',#3962,#2980,#2981);
#2445=AXIS2_PLACEMENT_3D('',#3963,#2982,#2983);
#2446=AXIS2_PLACEMENT_3D('',#3964,#2984,#2985);
#2447=AXIS2_PLACEMENT_3D('',#3968,#2988,#2989);
#2448=AXIS2_PLACEMENT_3D('',#3972,#2992,#2993);
#2449=AXIS2_PLACEMENT_3D('',#3976,#2996,#2997);
#2450=AXIS2_PLACEMENT_3D('',#3978,#2999,#3000);
#2451=AXIS2_PLACEMENT_3D('',#3980,#3002,#3003);
#2452=AXIS2_PLACEMENT_3D('',#3982,#3005,#3006);
#2453=AXIS2_PLACEMENT_3D('',#3984,#3008,#3009);
#2454=AXIS2_PLACEMENT_3D('',#3986,#3011,#3012);
#2455=AXIS2_PLACEMENT_3D('',#3988,#3014,#3015);
#2456=AXIS2_PLACEMENT_3D('',#3990,#3017,#3018);
#2457=AXIS2_PLACEMENT_3D('',#3992,#3020,#3021);
#2458=AXIS2_PLACEMENT_3D('',#4001,#3027,#3028);
#2459=AXIS2_PLACEMENT_3D('',#4009,#3033,#3034);
#2460=AXIS2_PLACEMENT_3D('',#4019,#3040,#3041);
#2461=AXIS2_PLACEMENT_3D('',#4022,#3044,#3045);
#2462=AXIS2_PLACEMENT_3D('',#4024,#3047,#3048);
#2463=AXIS2_PLACEMENT_3D('',#4030,#3052,#3053);
#2464=AXIS2_PLACEMENT_3D('',#4033,#3056,#3057);
#2465=AXIS2_PLACEMENT_3D('',#4035,#3059,#3060);
#2466=AXIS2_PLACEMENT_3D('',#4039,#3063,#3064);
#2467=AXIS2_PLACEMENT_3D('',#4043,#3067,#3068);
#2468=AXIS2_PLACEMENT_3D('',#4045,#3070,#3071);
#2469=AXIS2_PLACEMENT_3D('',#4046,#3072,#3073);
#2470=AXIS2_PLACEMENT_3D('',#4047,#3074,#3075);
#2471=AXIS2_PLACEMENT_3D('',#4049,#3077,#3078);
#2472=AXIS2_PLACEMENT_3D('',#4050,#3079,#3080);
#2473=AXIS2_PLACEMENT_3D('',#4051,#3081,#3082);
#2474=DIRECTION('axis',(0.,0.,1.));
#2475=DIRECTION('refdir',(1.,0.,0.));
#2476=DIRECTION('center_axis',(0.,-1.,0.));
#2477=DIRECTION('ref_axis',(0.707106781186547,0.,-0.707106781186547));
#2478=DIRECTION('center_axis',(0.,-0.864274801953705,0.503019946630235));
#2479=DIRECTION('ref_axis',(0.,-0.503019946630235,-0.864274801953705));
#2480=DIRECTION('',(0.,1.,0.));
#2481=DIRECTION('center_axis',(1.47287117351644E-17,-0.864287148148662,
0.50299873314458));
#2482=DIRECTION('ref_axis',(0.,-0.50299873314458,-0.864287148148662));
#2483=DIRECTION('',(0.,-1.,0.));
#2484=DIRECTION('center_axis',(1.,0.,0.));
#2485=DIRECTION('ref_axis',(0.,1.,0.));
#2486=DIRECTION('',(0.,0.503019946630235,0.864274801953705));
#2487=DIRECTION('',(0.,0.50299873314458,0.864287148148662));
#2488=DIRECTION('',(0.,1.,0.));
#2489=DIRECTION('center_axis',(0.,1.,0.));
#2490=DIRECTION('ref_axis',(0.707106781186547,0.,0.707106781186547));
#2491=DIRECTION('center_axis',(0.,-0.864274801953705,0.503019946630235));
#2492=DIRECTION('ref_axis',(0.,0.503019946630235,0.864274801953705));
#2493=DIRECTION('center_axis',(1.47287117351644E-17,-0.864287148148662,
0.50299873314458));
#2494=DIRECTION('ref_axis',(0.,0.50299873314458,0.864287148148662));
#2495=DIRECTION('',(0.,-1.,0.));
#2496=DIRECTION('center_axis',(0.,0.,1.));
#2497=DIRECTION('ref_axis',(1.,0.,0.));
#2498=DIRECTION('',(-1.,0.,0.));
#2499=DIRECTION('',(-1.,-1.70414563802249E-17,0.));
#2500=DIRECTION('',(0.,1.,0.));
#2501=DIRECTION('center_axis',(0.,0.,1.));
#2502=DIRECTION('ref_axis',(1.,0.,0.));
#2503=DIRECTION('',(-1.,0.,0.));
#2504=DIRECTION('',(0.,-1.,0.));
#2505=DIRECTION('',(-1.,-1.70414563802249E-17,0.));
#2506=DIRECTION('center_axis',(0.,1.,0.));
#2507=DIRECTION('ref_axis',(-0.707106781186547,0.,-0.707106781186547));
#2508=DIRECTION('center_axis',(0.,-0.864274801953705,0.503019946630235));
#2509=DIRECTION('ref_axis',(0.,-0.503019946630235,-0.864274801953705));
#2510=DIRECTION('',(0.,1.,0.));
#2511=DIRECTION('center_axis',(1.47287117351644E-17,-0.864287148148662,
0.50299873314458));
#2512=DIRECTION('ref_axis',(0.,-0.50299873314458,-0.864287148148662));
#2513=DIRECTION('center_axis',(0.,-1.,0.));
#2514=DIRECTION('ref_axis',(-0.707106781186547,0.,0.707106781186547));
#2515=DIRECTION('center_axis',(0.,-0.864274801953705,0.503019946630235));
#2516=DIRECTION('ref_axis',(0.,0.503019946630235,0.864274801953705));
#2517=DIRECTION('center_axis',(1.47287117351644E-17,-0.864287148148662,
0.50299873314458));
#2518=DIRECTION('ref_axis',(0.,0.50299873314458,0.864287148148662));
#2519=DIRECTION('',(0.,-1.,0.));
#2520=DIRECTION('center_axis',(-1.,0.,0.));
#2521=DIRECTION('ref_axis',(0.,-1.,0.));
#2522=DIRECTION('',(0.,-0.503019946630235,-0.864274801953705));
#2523=DIRECTION('',(0.,-0.50299873314458,-0.864287148148662));
#2524=DIRECTION('center_axis',(0.,0.,-1.));
#2525=DIRECTION('ref_axis',(-1.,0.,0.));
#2526=DIRECTION('center_axis',(0.,0.,-1.));
#2527=DIRECTION('ref_axis',(1.,0.,0.));
#2528=DIRECTION('center_axis',(0.,0.,-1.));
#2529=DIRECTION('ref_axis',(-1.,0.,0.));
#2530=DIRECTION('center_axis',(0.,0.,-1.));
#2531=DIRECTION('ref_axis',(1.,0.,0.));
#2532=DIRECTION('center_axis',(0.,0.,-1.));
#2533=DIRECTION('ref_axis',(-1.,0.,0.));
#2534=DIRECTION('center_axis',(0.,0.,-1.));
#2535=DIRECTION('ref_axis',(1.,0.,0.));
#2536=DIRECTION('center_axis',(0.,0.,-1.));
#2537=DIRECTION('ref_axis',(-1.,0.,0.));
#2538=DIRECTION('center_axis',(0.,0.,-1.));
#2539=DIRECTION('ref_axis',(1.,0.,0.));
#2540=DIRECTION('center_axis',(-1.,0.,0.));
#2541=DIRECTION('ref_axis',(0.,-1.,0.));
#2542=DIRECTION('',(6.4792651885451E-19,-0.503045711597234,0.864259805870684));
#2543=DIRECTION('',(0.,-1.,0.));
#2544=DIRECTION('',(0.,0.,-1.));
#2545=DIRECTION('',(0.,1.,0.));
#2546=DIRECTION('center_axis',(0.,0.,1.));
#2547=DIRECTION('ref_axis',(1.,0.,0.));
#2548=DIRECTION('center_axis',(0.,-0.864287148148663,-0.502998733144579));
#2549=DIRECTION('ref_axis',(0.,0.502998733144579,-0.864287148148663));
#2550=DIRECTION('center_axis',(0.,0.,1.));
#2551=DIRECTION('ref_axis',(1.,0.,0.));
#2552=DIRECTION('center_axis',(-0.872900693143229,-1.47175788012976E-17,
-0.487897919559072));
#2553=DIRECTION('ref_axis',(0.487897919559072,0.,-0.872900693143229));
#2554=DIRECTION('center_axis',(0.,-1.,0.));
#2555=DIRECTION('ref_axis',(1.,0.,0.));
#2556=DIRECTION('',(-0.503019946630235,0.,0.864274801953705));
#2557=DIRECTION('',(-1.,0.,0.));
#2558=DIRECTION('',(0.,0.,1.));
#2559=DIRECTION('',(1.,0.,0.));
#2560=DIRECTION('center_axis',(0.,0.,1.));
#2561=DIRECTION('ref_axis',(-1.,0.,0.));
#2562=DIRECTION('',(-1.,0.,0.));
#2563=DIRECTION('',(4.80584423635263E-19,1.,0.));
#2564=DIRECTION('',(-1.,0.,0.));
#2565=DIRECTION('',(0.,-1.,0.));
#2566=DIRECTION('center_axis',(0.,0.,1.));
#2567=DIRECTION('ref_axis',(1.,0.,0.));
#2568=DIRECTION('center_axis',(0.,0.,1.));
#2569=DIRECTION('ref_axis',(0.,1.,0.));
#2570=DIRECTION('',(0.,-1.,0.));
#2571=DIRECTION('',(1.,0.,0.));
#2572=DIRECTION('',(0.,1.,0.));
#2573=DIRECTION('center_axis',(0.,0.,1.));
#2574=DIRECTION('ref_axis',(0.,1.,0.));
#2575=DIRECTION('',(-1.,0.,0.));
#2576=DIRECTION('',(0.,-1.,0.));
#2577=DIRECTION('',(1.,-1.0798383657293E-18,0.));
#2578=DIRECTION('center_axis',(0.,0.,-1.));
#2579=DIRECTION('ref_axis',(-1.,0.,0.));
#2580=DIRECTION('center_axis',(0.,0.,-1.));
#2581=DIRECTION('ref_axis',(1.,0.,0.));
#2582=DIRECTION('center_axis',(0.,0.,1.));
#2583=DIRECTION('ref_axis',(1.,0.,0.));
#2584=DIRECTION('center_axis',(0.,-1.,0.));
#2585=DIRECTION('ref_axis',(1.,0.,0.));
#2586=DIRECTION('',(-0.503019946630235,0.,-0.864274801953705));
#2587=DIRECTION('',(-1.,0.,0.));
#2588=DIRECTION('',(0.,0.,-1.));
#2589=DIRECTION('',(-1.,0.,0.));
#2590=DIRECTION('center_axis',(1.,0.,0.));
#2591=DIRECTION('ref_axis',(0.,1.,0.));
#2592=DIRECTION('',(6.4792651885451E-19,-0.503045711597234,0.864259805870684));
#2593=DIRECTION('',(0.,0.,1.));
#2594=DIRECTION('',(0.,-1.,0.));
#2595=DIRECTION('center_axis',(0.,0.,1.));
#2596=DIRECTION('ref_axis',(6.10622663543836E-16,1.,0.));
#2597=DIRECTION('center_axis',(0.872900693143229,1.47175788012976E-17,-0.487897919559072));
#2598=DIRECTION('ref_axis',(-0.487897919559072,0.,-0.872900693143229));
#2599=DIRECTION('center_axis',(0.,0.,1.));
#2600=DIRECTION('ref_axis',(6.10622663543836E-16,1.,0.));
#2601=DIRECTION('center_axis',(0.,-0.864287148148663,-0.502998733144579));
#2602=DIRECTION('ref_axis',(0.,0.502998733144579,-0.864287148148663));
#2603=DIRECTION('center_axis',(0.,0.,1.));
#2604=DIRECTION('ref_axis',(-1.,0.,0.));
#2605=DIRECTION('',(-1.,0.,0.));
#2606=DIRECTION('',(0.,-1.,0.));
#2607=DIRECTION('',(-4.80584423635263E-19,-1.,0.));
#2608=DIRECTION('',(-1.,0.,0.));
#2609=DIRECTION('',(0.,1.,0.));
#2610=DIRECTION('',(-1.,0.,0.));
#2611=DIRECTION('',(0.,-1.,0.));
#2612=DIRECTION('center_axis',(0.,0.,1.));
#2613=DIRECTION('ref_axis',(1.,0.,0.));
#2614=DIRECTION('center_axis',(1.,0.,0.));
#2615=DIRECTION('ref_axis',(0.,1.,0.));
#2616=DIRECTION('',(0.,0.503019946630235,-0.864274801953705));
#2617=DIRECTION('',(0.,0.,-1.));
#2618=DIRECTION('',(0.,-1.,0.));
#2619=DIRECTION('',(-6.4798090658713E-19,0.503045711597234,-0.864259805870684));
#2620=DIRECTION('center_axis',(1.,0.,0.));
#2621=DIRECTION('ref_axis',(0.,0.,-1.));
#2622=DIRECTION('',(0.,0.,-1.));
#2623=DIRECTION('',(0.,-1.,0.));
#2624=DIRECTION('',(0.,0.503019946630235,-0.864274801953705));
#2625=DIRECTION('center_axis',(0.,-1.,0.));
#2626=DIRECTION('ref_axis',(0.,0.,1.));
#2627=DIRECTION('',(-0.503019946630235,0.,-0.864274801953705));
#2628=DIRECTION('',(-1.,0.,0.));
#2629=DIRECTION('center_axis',(0.,0.,1.));
#2630=DIRECTION('ref_axis',(0.,1.,0.));
#2631=DIRECTION('',(0.,-1.,0.));
#2632=DIRECTION('',(0.999999927703768,0.000380253150966699,0.));
#2633=DIRECTION('',(0.,1.,0.));
#2634=DIRECTION('center_axis',(0.,0.,-1.));
#2635=DIRECTION('ref_axis',(-1.,0.,0.));
#2636=DIRECTION('center_axis',(0.,0.,-1.));
#2637=DIRECTION('ref_axis',(1.,0.,0.));
#2638=DIRECTION('center_axis',(0.,0.,1.));
#2639=DIRECTION('ref_axis',(1.,0.,0.));
#2640=DIRECTION('center_axis',(0.,0.,1.));
#2641=DIRECTION('ref_axis',(3.55271367880049E-15,-1.,0.));
#2642=DIRECTION('center_axis',(-0.872900693143229,-1.47175788012976E-17,
-0.487897919559072));
#2643=DIRECTION('ref_axis',(0.487897919559072,0.,-0.872900693143229));
#2644=DIRECTION('center_axis',(0.,0.,1.));
#2645=DIRECTION('ref_axis',(3.55271367880049E-15,-1.,0.));
#2646=DIRECTION('center_axis',(-1.47287117351644E-17,0.864287148148662,
-0.50299873314458));
#2647=DIRECTION('ref_axis',(0.,-0.50299873314458,-0.864287148148662));
#2648=DIRECTION('center_axis',(-1.,0.,0.));
#2649=DIRECTION('ref_axis',(0.,-1.,0.));
#2650=DIRECTION('',(0.,0.503019946630235,0.864274801953705));
#2651=DIRECTION('',(0.,1.,0.));
#2652=DIRECTION('',(0.,0.,1.));
#2653=DIRECTION('',(0.,-1.,0.));
#2654=DIRECTION('center_axis',(0.,1.,0.));
#2655=DIRECTION('ref_axis',(-1.,0.,0.));
#2656=DIRECTION('',(0.503019946630235,0.,-0.864274801953705));
#2657=DIRECTION('',(-1.,0.,0.));
#2658=DIRECTION('',(0.,0.,-1.));
#2659=DIRECTION('center_axis',(0.,0.,1.));
#2660=DIRECTION('ref_axis',(-1.,0.,0.));
#2661=DIRECTION('',(0.,-1.,0.));
#2662=DIRECTION('',(1.,0.,0.));
#2663=DIRECTION('',(0.,1.,0.));
#2664=DIRECTION('',(-1.,0.,0.));
#2665=DIRECTION('center_axis',(0.,0.,1.));
#2666=DIRECTION('ref_axis',(1.,0.,0.));
#2667=DIRECTION('center_axis',(0.,1.,0.));
#2668=DIRECTION('ref_axis',(0.,0.,-1.));
#2669=DIRECTION('',(1.,0.,0.));
#2670=DIRECTION('',(0.,0.,-1.));
#2671=DIRECTION('',(-1.,0.,0.));
#2672=DIRECTION('center_axis',(0.,0.,1.));
#2673=DIRECTION('ref_axis',(0.,1.,0.));
#2674=DIRECTION('',(-1.,0.,0.));
#2675=DIRECTION('',(0.000380253151007301,-0.999999927703768,0.));
#2676=DIRECTION('center_axis',(0.,0.,-1.));
#2677=DIRECTION('ref_axis',(-1.,0.,0.));
#2678=DIRECTION('center_axis',(0.,0.,-1.));
#2679=DIRECTION('ref_axis',(1.,0.,0.));
#2680=DIRECTION('center_axis',(0.,0.,1.));
#2681=DIRECTION('ref_axis',(1.,0.,0.));
#2682=DIRECTION('center_axis',(0.,0.,1.));
#2683=DIRECTION('ref_axis',(-0.706972328613006,-0.707241208199511,0.));
#2684=DIRECTION('center_axis',(0.,0.,1.));
#2685=DIRECTION('ref_axis',(-0.706972328613006,-0.707241208199511,0.));
#2686=DIRECTION('center_axis',(0.872900693143229,1.47175788012976E-17,-0.487897919559072));
#2687=DIRECTION('ref_axis',(-0.487897919559072,0.,-0.872900693143229));
#2688=DIRECTION('center_axis',(0.999999927703768,0.000380253151007301,0.));
#2689=DIRECTION('ref_axis',(-0.000380253151007301,0.999999927703768,0.));
#2690=DIRECTION('',(-0.000191274930055126,0.503019937428466,0.864274786143483));
#2691=DIRECTION('',(-0.000380253151007301,0.999999927703768,0.));
#2692=DIRECTION('center_axis',(0.,0.,1.));
#2693=DIRECTION('ref_axis',(-1.,0.,0.));
#2694=DIRECTION('center_axis',(0.,0.,-1.));
#2695=DIRECTION('ref_axis',(-0.692684552617108,-0.721240674508612,2.64260372055304E-20));
#2696=DIRECTION('',(-1.,-1.70414563802249E-17,0.));
#2697=DIRECTION('',(1.,0.,0.));
#2698=DIRECTION('',(0.,-1.,0.));
#2699=DIRECTION('',(1.,0.,0.));
#2700=DIRECTION('',(0.,-1.,0.));
#2701=DIRECTION('',(-0.999999927703768,-0.000380253151007369,0.));
#2702=DIRECTION('',(0.,1.,0.));
#2703=DIRECTION('center_axis',(0.,0.,1.));
#2704=DIRECTION('ref_axis',(1.,0.,0.));
#2705=DIRECTION('center_axis',(-0.000380253150966699,0.999999927703768,
0.));
#2706=DIRECTION('ref_axis',(0.,0.,1.));
#2707=DIRECTION('',(-0.503019937428466,-0.000191274930034703,-0.864274786143483));
#2708=DIRECTION('',(0.,0.,1.));
#2709=DIRECTION('center_axis',(0.872900693143229,1.47175788012976E-17,-0.487897919559072));
#2710=DIRECTION('ref_axis',(-0.487897919559072,0.,-0.872900693143229));
#2711=DIRECTION('',(0.,1.,0.));
#2712=DIRECTION('',(0.434986276182021,-0.452918711771718,0.778236198117477));
#2713=DIRECTION('',(-1.68605420031242E-17,1.,0.));
#2714=DIRECTION('',(-0.434986276182021,-0.452918711771719,-0.778236198117477));
#2715=DIRECTION('center_axis',(0.,0.864274801953705,-0.503019946630235));
#2716=DIRECTION('ref_axis',(0.,-0.503019946630235,-0.864274801953705));
#2717=DIRECTION('',(0.,0.503019946630235,0.864274801953705));
#2718=DIRECTION('',(1.,0.,0.));
#2719=DIRECTION('',(0.,-0.503019946630235,-0.864274801953705));
#2720=DIRECTION('',(1.,0.,0.));
#2721=DIRECTION('',(0.,0.503019946630235,0.864274801953705));
#2722=DIRECTION('',(-1.,0.,0.));
#2723=DIRECTION('',(0.,-0.503019946630235,-0.864274801953705));
#2724=DIRECTION('',(1.,0.,0.));
#2725=DIRECTION('',(0.,0.503019946630235,0.864274801953705));
#2726=DIRECTION('',(-1.,0.,0.));
#2727=DIRECTION('',(0.,-0.503019946630235,-0.864274801953705));
#2728=DIRECTION('',(1.,0.,0.));
#2729=DIRECTION('',(0.,0.503019946630235,0.864274801953705));
#2730=DIRECTION('',(-1.,0.,0.));
#2731=DIRECTION('',(0.,-0.503019946630235,-0.864274801953705));
#2732=DIRECTION('center_axis',(1.,0.,0.));
#2733=DIRECTION('ref_axis',(0.,0.,-1.));
#2734=DIRECTION('',(0.,1.,0.));
#2735=DIRECTION('',(0.,0.,1.));
#2736=DIRECTION('',(0.,1.,0.));
#2737=DIRECTION('',(0.,0.,-1.));
#2738=DIRECTION('center_axis',(0.,0.,1.));
#2739=DIRECTION('ref_axis',(0.,1.,0.));
#2740=DIRECTION('',(1.,0.,0.));
#2741=DIRECTION('',(4.80584423635263E-19,1.,0.));
#2742=DIRECTION('',(-1.,1.0798383657293E-18,0.));
#2743=DIRECTION('center_axis',(1.,0.,0.));
#2744=DIRECTION('ref_axis',(0.,0.,-1.));
#2745=DIRECTION('center_axis',(0.,0.,-1.));
#2746=DIRECTION('ref_axis',(-1.,0.,0.));
#2747=DIRECTION('center_axis',(0.,0.,-1.));
#2748=DIRECTION('ref_axis',(1.,0.,0.));
#2749=DIRECTION('center_axis',(0.,0.,1.));
#2750=DIRECTION('ref_axis',(1.,0.,0.));
#2751=DIRECTION('center_axis',(-1.,-3.17946235225484E-14,5.55111512312578E-16));
#2752=DIRECTION('ref_axis',(-2.72004641033164E-14,0.864287148148658,0.502998733144587));
#2753=DIRECTION('center_axis',(-1.01750225045862E-14,1.,1.12965442606707E-29));
#2754=DIRECTION('ref_axis',(-1.11022302462516E-15,0.,-1.));
#2755=DIRECTION('center_axis',(-1.,0.,0.));
#2756=DIRECTION('ref_axis',(0.,0.864287148148663,0.502998733144579));
#2757=DIRECTION('center_axis',(-1.,-1.54454574787455E-14,8.88178419700125E-15));
#2758=DIRECTION('ref_axis',(-8.88178419700123E-15,0.864287148148663,0.502998733144578));
#2759=DIRECTION('',(-1.,0.,0.));
#2760=DIRECTION('',(1.,0.,0.));
#2761=DIRECTION('center_axis',(-1.68605420031242E-17,1.,0.));
#2762=DIRECTION('ref_axis',(0.,0.,-1.));
#2763=DIRECTION('center_axis',(0.,1.,0.));
#2764=DIRECTION('ref_axis',(0.,0.,-1.));
#2765=DIRECTION('',(1.68605420031242E-17,-1.,0.));
#2766=DIRECTION('center_axis',(0.,1.,0.));
#2767=DIRECTION('ref_axis',(0.872900693143231,0.,0.487897919559069));
#2768=DIRECTION('center_axis',(-1.,3.20753155351124E-15,-1.11022302462516E-15));
#2769=DIRECTION('ref_axis',(1.11022302462516E-15,0.,-1.));
#2770=DIRECTION('center_axis',(-1.68605420031242E-17,1.,0.));
#2771=DIRECTION('ref_axis',(0.872900693143229,0.,0.487897919559071));
#2772=DIRECTION('center_axis',(-5.67727305601519E-15,1.,3.33066907387547E-15));
#2773=DIRECTION('ref_axis',(0.87290069314323,3.33066907387547E-15,0.48789791955907));
#2774=DIRECTION('',(-1.68605420031242E-17,1.,0.));
#2775=DIRECTION('',(1.68605420031242E-17,-1.,0.));
#2776=DIRECTION('center_axis',(-1.,-1.70414563802249E-17,0.));
#2777=DIRECTION('ref_axis',(0.,0.,-1.));
#2778=DIRECTION('center_axis',(-1.,0.,0.));
#2779=DIRECTION('ref_axis',(0.,0.,-1.));
#2780=DIRECTION('',(-1.,-1.70414563802249E-17,0.));
#2781=DIRECTION('',(1.,1.70414563802249E-17,0.));
#2782=DIRECTION('center_axis',(-0.872900693143229,-1.47175788012976E-17,
-0.487897919559072));
#2783=DIRECTION('ref_axis',(-0.487897919559072,0.,0.872900693143229));
#2784=DIRECTION('',(0.434986276182021,0.452918711771718,-0.778236198117477));
#2785=DIRECTION('',(0.,-1.,0.));
#2786=DIRECTION('',(-0.434986276182021,0.452918711771719,0.778236198117477));
#2787=DIRECTION('center_axis',(0.434986276182021,0.452918711771718,-0.778236198117477));
#2788=DIRECTION('ref_axis',(0.553086822475718,0.547629113175312,0.627851352795019));
#2789=DIRECTION('',(-0.434986276182021,-0.452918711771718,0.778236198117477));
#2790=DIRECTION('center_axis',(0.,-0.864287148148663,-0.502998733144579));
#2791=DIRECTION('ref_axis',(-1.,0.,0.));
#2792=DIRECTION('',(-0.434986276182021,0.452918711771718,-0.778236198117477));
#2793=DIRECTION('',(-1.,0.,0.));
#2794=DIRECTION('',(-0.999999999999967,-1.28495258532307E-7,2.20789423967777E-7));
#2795=DIRECTION('',(-2.55458413936153E-7,0.502998733144563,-0.864287148148634));
#2796=DIRECTION('',(0.999999999999967,1.28495258532307E-7,-2.20789423967777E-7));
#2797=DIRECTION('',(2.55458413839241E-7,-0.502998733144563,0.864287148148634));
#2798=DIRECTION('center_axis',(0.434986276182021,-0.452918711771718,0.778236198117477));
#2799=DIRECTION('ref_axis',(-0.553086822475717,0.547629113175314,0.627851352795018));
#2800=DIRECTION('center_axis',(0.,0.,1.));
#2801=DIRECTION('ref_axis',(1.,0.,0.));
#2802=DIRECTION('center_axis',(0.,-1.,0.));
#2803=DIRECTION('ref_axis',(0.,0.,-1.));
#2804=DIRECTION('center_axis',(-1.,0.,0.));
#2805=DIRECTION('ref_axis',(0.,0.,1.));
#2806=DIRECTION('center_axis',(-0.434986276182021,-0.452918711771719,-0.778236198117477));
#2807=DIRECTION('ref_axis',(-0.553086822475717,-0.547629113175313,0.627851352795019));
#2808=DIRECTION('',(0.434986276182021,0.452918711771719,0.778236198117477));
#2809=DIRECTION('center_axis',(0.434986276182021,-0.452918711771719,-0.778236198117477));
#2810=DIRECTION('ref_axis',(0.553086822475716,-0.547629113175314,0.627851352795019));
#2811=DIRECTION('',(0.434986276182021,-0.452918711771719,-0.778236198117477));
#2812=DIRECTION('center_axis',(0.,0.,1.));
#2813=DIRECTION('ref_axis',(0.,-1.,0.));
#2814=DIRECTION('',(0.,1.,0.));
#2815=DIRECTION('',(1.,1.70414563802249E-17,0.));
#2816=DIRECTION('',(0.,-1.,0.));
#2817=DIRECTION('center_axis',(1.,0.,0.));
#2818=DIRECTION('ref_axis',(0.,0.,1.));
#2819=DIRECTION('',(0.,0.50299873314458,0.864287148148662));
#2820=DIRECTION('',(0.,1.,0.));
#2821=DIRECTION('center_axis',(0.,0.,1.));
#2822=DIRECTION('ref_axis',(0.,-1.,0.));
#2823=DIRECTION('',(-1.,-1.70414563802249E-17,0.));
#2824=DIRECTION('',(0.,-1.,0.));
#2825=DIRECTION('center_axis',(-1.,0.,0.));
#2826=DIRECTION('ref_axis',(0.,0.,-1.));
#2827=DIRECTION('',(0.,-0.50299873314458,-0.864287148148662));
#2828=DIRECTION('center_axis',(0.,0.,1.));
#2829=DIRECTION('ref_axis',(0.,-1.,0.));
#2830=DIRECTION('',(0.,1.,0.));
#2831=DIRECTION('',(1.,1.70414563802249E-17,0.));
#2832=DIRECTION('',(0.,-1.,0.));
#2833=DIRECTION('center_axis',(1.,0.,0.));
#2834=DIRECTION('ref_axis',(0.,0.,1.));
#2835=DIRECTION('',(0.,0.50299873314458,0.864287148148662));
#2836=DIRECTION('',(0.,1.,0.));
#2837=DIRECTION('center_axis',(0.,0.,1.));
#2838=DIRECTION('ref_axis',(0.,-1.,0.));
#2839=DIRECTION('',(-1.,-1.70414563802249E-17,0.));
#2840=DIRECTION('',(0.,-1.,0.));
#2841=DIRECTION('center_axis',(-1.,0.,0.));
#2842=DIRECTION('ref_axis',(0.,0.,-1.));
#2843=DIRECTION('',(0.,-0.50299873314458,-0.864287148148662));
#2844=DIRECTION('center_axis',(0.,0.,1.));
#2845=DIRECTION('ref_axis',(0.,-1.,0.));
#2846=DIRECTION('',(0.,1.,0.));
#2847=DIRECTION('',(1.,1.70414563802249E-17,0.));
#2848=DIRECTION('',(0.,-1.,0.));
#2849=DIRECTION('center_axis',(1.,0.,0.));
#2850=DIRECTION('ref_axis',(0.,0.,1.));
#2851=DIRECTION('',(0.,0.50299873314458,0.864287148148662));
#2852=DIRECTION('',(0.,1.,0.));
#2853=DIRECTION('center_axis',(0.,0.,1.));
#2854=DIRECTION('ref_axis',(0.,-1.,0.));
#2855=DIRECTION('',(-1.,-1.70414563802249E-17,0.));
#2856=DIRECTION('',(0.,-1.,0.));
#2857=DIRECTION('center_axis',(-1.,0.,0.));
#2858=DIRECTION('ref_axis',(0.,0.,-1.));
#2859=DIRECTION('',(0.,-0.50299873314458,-0.864287148148662));
#2860=DIRECTION('center_axis',(0.,1.,0.));
#2861=DIRECTION('ref_axis',(0.,0.,-1.));
#2862=DIRECTION('',(-1.,0.,0.));
#2863=DIRECTION('',(0.,0.,-1.));
#2864=DIRECTION('',(1.,0.,0.));
#2865=DIRECTION('',(0.,0.,-1.));
#2866=DIRECTION('center_axis',(-1.,0.,0.));
#2867=DIRECTION('ref_axis',(0.,0.,1.));
#2868=DIRECTION('',(0.,-1.,0.));
#2869=DIRECTION('',(0.,0.,-1.));
#2870=DIRECTION('',(0.,1.,0.));
#2871=DIRECTION('center_axis',(0.,0.,1.));
#2872=DIRECTION('ref_axis',(1.,0.,0.));
#2873=DIRECTION('center_axis',(0.,0.,-1.));
#2874=DIRECTION('ref_axis',(1.,0.,0.));
#2875=DIRECTION('',(0.,0.,1.));
#2876=DIRECTION('center_axis',(0.,0.,-1.));
#2877=DIRECTION('ref_axis',(1.,0.,0.));
#2878=DIRECTION('center_axis',(0.,0.,-1.));
#2879=DIRECTION('ref_axis',(-1.,0.,0.));
#2880=DIRECTION('center_axis',(0.,0.,1.));
#2881=DIRECTION('ref_axis',(1.,0.,0.));
#2882=DIRECTION('center_axis',(0.,0.,-1.));
#2883=DIRECTION('ref_axis',(-1.,0.,0.));
#2884=DIRECTION('center_axis',(0.,0.,1.));
#2885=DIRECTION('ref_axis',(1.,0.,0.));
#2886=DIRECTION('center_axis',(0.,0.,1.));
#2887=DIRECTION('ref_axis',(1.,0.,0.));
#2888=DIRECTION('',(0.,0.,1.));
#2889=DIRECTION('center_axis',(0.,0.,1.));
#2890=DIRECTION('ref_axis',(0.,1.,0.));
#2891=DIRECTION('',(-1.,0.,0.));
#2892=DIRECTION('',(0.,-1.,0.));
#2893=DIRECTION('center_axis',(1.,0.,0.));
#2894=DIRECTION('ref_axis',(0.,0.,-1.));
#2895=DIRECTION('',(0.,1.,0.));
#2896=DIRECTION('',(0.,0.,-1.));
#2897=DIRECTION('center_axis',(0.,-1.,0.));
#2898=DIRECTION('ref_axis',(0.,0.,1.));
#2899=DIRECTION('',(1.,0.,0.));
#2900=DIRECTION('center_axis',(-1.,0.,0.));
#2901=DIRECTION('ref_axis',(0.,0.,1.));
#2902=DIRECTION('',(0.,0.,1.));
#2903=DIRECTION('',(0.,-1.,0.));
#2904=DIRECTION('',(0.,0.,-1.));
#2905=DIRECTION('',(0.,1.,0.));
#2906=DIRECTION('center_axis',(0.,-1.,0.));
#2907=DIRECTION('ref_axis',(0.,0.,1.));
#2908=DIRECTION('',(1.,0.,0.));
#2909=DIRECTION('',(0.,0.,-1.));
#2910=DIRECTION('',(-1.,0.,0.));
#2911=DIRECTION('center_axis',(1.,0.,0.));
#2912=DIRECTION('ref_axis',(0.,0.,-1.));
#2913=DIRECTION('',(0.,1.,0.));
#2914=DIRECTION('',(0.,0.,-1.));
#2915=DIRECTION('',(0.,-1.,0.));
#2916=DIRECTION('center_axis',(0.,0.,-1.));
#2917=DIRECTION('ref_axis',(-1.,0.,0.));
#2918=DIRECTION('center_axis',(0.,0.,1.));
#2919=DIRECTION('ref_axis',(1.,0.,0.));
#2920=DIRECTION('center_axis',(0.,0.,1.));
#2921=DIRECTION('ref_axis',(1.,0.,0.));
#2922=DIRECTION('',(0.,0.,1.));
#2923=DIRECTION('center_axis',(0.,0.,-1.));
#2924=DIRECTION('ref_axis',(1.,0.,0.));
#2925=DIRECTION('center_axis',(0.,0.,1.));
#2926=DIRECTION('ref_axis',(1.,0.,0.));
#2927=DIRECTION('center_axis',(0.,0.,-1.));
#2928=DIRECTION('ref_axis',(1.,0.,0.));
#2929=DIRECTION('',(0.,0.,1.));
#2930=DIRECTION('center_axis',(0.,0.,-1.));
#2931=DIRECTION('ref_axis',(1.,0.,0.));
#2932=DIRECTION('center_axis',(0.,0.,-1.));
#2933=DIRECTION('ref_axis',(-1.,0.,0.));
#2934=DIRECTION('center_axis',(0.,0.,1.));
#2935=DIRECTION('ref_axis',(0.,1.,0.));
#2936=DIRECTION('',(-1.,0.,0.));
#2937=DIRECTION('',(1.,0.,0.));
#2938=DIRECTION('',(0.,-1.,0.));
#2939=DIRECTION('center_axis',(0.,1.,0.));
#2940=DIRECTION('ref_axis',(0.,0.,-1.));
#2941=DIRECTION('',(0.,0.,-1.));
#2942=DIRECTION('',(-1.,0.,0.));
#2943=DIRECTION('center_axis',(0.,1.,0.));
#2944=DIRECTION('ref_axis',(0.,0.,-1.));
#2945=DIRECTION('',(0.503019946630235,0.,-0.864274801953705));
#2946=DIRECTION('',(-1.,0.,0.));
#2947=DIRECTION('',(0.,0.,1.));
#2948=DIRECTION('center_axis',(-1.,0.,0.));
#2949=DIRECTION('ref_axis',(0.,0.,1.));
#2950=DIRECTION('',(0.,-1.,0.));
#2951=DIRECTION('center_axis',(0.,1.,0.));
#2952=DIRECTION('ref_axis',(0.,0.,-1.));
#2953=DIRECTION('',(-1.,0.,0.));
#2954=DIRECTION('',(0.,0.,-1.));
#2955=DIRECTION('',(1.,0.,0.));
#2956=DIRECTION('center_axis',(-1.,0.,0.));
#2957=DIRECTION('ref_axis',(0.,0.,1.));
#2958=DIRECTION('',(0.,-1.,0.));
#2959=DIRECTION('',(0.,0.,-1.));
#2960=DIRECTION('',(0.,1.,0.));
#2961=DIRECTION('center_axis',(0.,-1.,0.));
#2962=DIRECTION('ref_axis',(0.,0.,1.));
#2963=DIRECTION('',(1.,0.,0.));
#2964=DIRECTION('',(0.,0.,-1.));
#2965=DIRECTION('',(-1.,0.,0.));
#2966=DIRECTION('center_axis',(0.,0.,-1.));
#2967=DIRECTION('ref_axis',(-1.,0.,0.));
#2968=DIRECTION('center_axis',(0.,0.,1.));
#2969=DIRECTION('ref_axis',(1.,0.,0.));
#2970=DIRECTION('center_axis',(0.,0.,1.));
#2971=DIRECTION('ref_axis',(1.,0.,0.));
#2972=DIRECTION('',(0.,0.,1.));
#2973=DIRECTION('center_axis',(0.,0.,-1.));
#2974=DIRECTION('ref_axis',(1.,0.,0.));
#2975=DIRECTION('center_axis',(0.,0.,1.));
#2976=DIRECTION('ref_axis',(1.,0.,0.));
#2977=DIRECTION('center_axis',(0.,0.,-1.));
#2978=DIRECTION('ref_axis',(1.,0.,0.));
#2979=DIRECTION('',(0.,0.,1.));
#2980=DIRECTION('center_axis',(0.,0.,-1.));
#2981=DIRECTION('ref_axis',(1.,0.,0.));
#2982=DIRECTION('center_axis',(0.,0.,-1.));
#2983=DIRECTION('ref_axis',(-1.,0.,0.));
#2984=DIRECTION('center_axis',(0.,0.,1.));
#2985=DIRECTION('ref_axis',(0.,1.,0.));
#2986=DIRECTION('',(0.,-1.,0.));
#2987=DIRECTION('',(-1.,0.,0.));
#2988=DIRECTION('center_axis',(1.,0.,0.));
#2989=DIRECTION('ref_axis',(0.,0.,-1.));
#2990=DIRECTION('',(0.,0.,-1.));
#2991=DIRECTION('',(0.,1.,0.));
#2992=DIRECTION('center_axis',(0.,1.,0.));
#2993=DIRECTION('ref_axis',(0.,0.,-1.));
#2994=DIRECTION('',(-1.,0.,0.));
#2995=DIRECTION('',(0.503019946630235,0.,0.864274801953705));
#2996=DIRECTION('center_axis',(0.,0.,1.));
#2997=DIRECTION('ref_axis',(1.,0.,0.));
#2998=DIRECTION('',(0.,0.,1.));
#2999=DIRECTION('center_axis',(0.,0.,1.));
#3000=DIRECTION('ref_axis',(1.,0.,0.));
#3001=DIRECTION('',(0.,0.,1.));
#3002=DIRECTION('center_axis',(0.,0.,1.));
#3003=DIRECTION('ref_axis',(1.,0.,0.));
#3004=DIRECTION('',(0.,0.,1.));
#3005=DIRECTION('center_axis',(0.,0.,1.));
#3006=DIRECTION('ref_axis',(1.,0.,0.));
#3007=DIRECTION('',(0.,0.,1.));
#3008=DIRECTION('center_axis',(0.,0.,1.));
#3009=DIRECTION('ref_axis',(1.,0.,0.));
#3010=DIRECTION('',(0.,0.,1.));
#3011=DIRECTION('center_axis',(0.,0.,1.));
#3012=DIRECTION('ref_axis',(1.,0.,0.));
#3013=DIRECTION('',(0.,0.,1.));
#3014=DIRECTION('center_axis',(0.,0.,1.));
#3015=DIRECTION('ref_axis',(1.,0.,0.));
#3016=DIRECTION('',(0.,0.,1.));
#3017=DIRECTION('center_axis',(0.,0.,1.));
#3018=DIRECTION('ref_axis',(1.,0.,0.));
#3019=DIRECTION('',(0.,0.,1.));
#3020=DIRECTION('center_axis',(0.,0.,1.));
#3021=DIRECTION('ref_axis',(0.,1.,0.));
#3022=DIRECTION('',(0.,1.,0.));
#3023=DIRECTION('',(-1.,0.,0.));
#3024=DIRECTION('',(0.,-1.,0.));
#3025=DIRECTION('',(0.,1.,0.));
#3026=DIRECTION('',(1.,0.,0.));
#3027=DIRECTION('center_axis',(0.,-0.864274801953705,-0.503019946630235));
#3028=DIRECTION('ref_axis',(0.,-0.503019946630235,0.864274801953705));
#3029=DIRECTION('',(0.,-0.503019946630235,0.864274801953705));
#3030=DIRECTION('',(-1.,-3.25933277906464E-19,5.60009441175903E-19));
#3031=DIRECTION('',(6.48008726973157E-19,-0.503019946630235,0.864274801953705));
#3032=DIRECTION('',(-1.,0.,0.));
#3033=DIRECTION('center_axis',(6.47952988634112E-19,-0.503045711597234,
0.864259805870684));
#3034=DIRECTION('ref_axis',(1.,-4.80584423635263E-19,-1.02947844376602E-18));
#3035=DIRECTION('',(9.33247661447121E-19,0.864259805870684,0.503045711597234));
#3036=DIRECTION('',(-1.,4.80584423635263E-19,1.02947844376602E-18));
#3037=DIRECTION('',(-9.33247661447121E-19,-0.864259805870684,-0.503045711597234));
#3038=DIRECTION('',(1.,-4.80584423635263E-19,-1.02947844376602E-18));
#3039=DIRECTION('',(-9.33247661447121E-19,-0.864259805870684,-0.503045711597234));
#3040=DIRECTION('center_axis',(-1.,4.80584423635263E-19,1.02947844376602E-18));
#3041=DIRECTION('ref_axis',(-9.33274131226723E-19,-0.864259805870684,-0.503045711597234));
#3042=DIRECTION('',(-6.4798090658713E-19,0.503045711597234,-0.864259805870684));
#3043=DIRECTION('',(1.02947844376602E-18,0.,1.));
#3044=DIRECTION('center_axis',(-9.33260896336922E-19,-0.864259805870684,
-0.503045711597234));
#3045=DIRECTION('ref_axis',(1.,-4.80584423635263E-19,-1.02947844376602E-18));
#3046=DIRECTION('',(-6.4798090658713E-19,0.503045711597234,-0.864259805870684));
#3047=DIRECTION('center_axis',(0.999999999999967,1.28495259980118E-7,-2.20789423125074E-7));
#3048=DIRECTION('ref_axis',(-1.38840233763021E-11,-0.864259805870683,-0.503045711597235));
#3049=DIRECTION('',(-1.38840233763021E-11,-0.864259805870684,-0.503045711597235));
#3050=DIRECTION('',(-2.55458413461946E-7,0.503045711597218,-0.864259805870656));
#3051=DIRECTION('',(1.38840233761824E-11,0.864259805870684,0.503045711597235));
#3052=DIRECTION('center_axis',(1.,-4.80584423635263E-19,-1.02947844376602E-18));
#3053=DIRECTION('ref_axis',(9.33274131226723E-19,0.864259805870684,0.503045711597234));
#3054=DIRECTION('',(6.4792651885451E-19,-0.503045711597234,0.864259805870684));
#3055=DIRECTION('',(0.,0.,1.));
#3056=DIRECTION('center_axis',(-1.,4.80584423635263E-19,1.02947844376602E-18));
#3057=DIRECTION('ref_axis',(-9.33274131226723E-19,-0.864259805870684,-0.503045711597234));
#3058=DIRECTION('',(6.4792651885451E-19,-0.503045711597234,0.864259805870684));
#3059=DIRECTION('center_axis',(-2.55458413461946E-7,0.503045711597218,-0.864259805870656));
#3060=DIRECTION('ref_axis',(1.38840233763021E-11,0.864259805870683,0.503045711597235));
#3061=DIRECTION('',(0.999999999999967,1.28507259382659E-7,-2.20782438827124E-7));
#3062=DIRECTION('',(-1.38840233763021E-11,-0.864259805870684,-0.503045711597235));
#3063=DIRECTION('center_axis',(-2.55458413461946E-7,0.503045711597218,-0.864259805870656));
#3064=DIRECTION('ref_axis',(1.38840233763021E-11,0.864259805870683,0.503045711597235));
#3065=DIRECTION('',(-0.999999999999967,-1.28507259382659E-7,2.20782438827124E-7));
#3066=DIRECTION('',(-1.38840233763021E-11,-0.864259805870684,-0.503045711597235));
#3067=DIRECTION('center_axis',(0.999999999999967,1.28495260028869E-7,-2.20789423208831E-7));
#3068=DIRECTION('ref_axis',(-2.55458413558858E-7,0.503045711597218,-0.864259805870655));
#3069=DIRECTION('',(2.55458413558858E-7,-0.503045711597218,0.864259805870656));
#3070=DIRECTION('center_axis',(9.33260896336922E-19,0.864259805870684,0.503045711597234));
#3071=DIRECTION('ref_axis',(-1.,4.80584423635263E-19,1.02947844376602E-18));
#3072=DIRECTION('center_axis',(0.,-1.,0.));
#3073=DIRECTION('ref_axis',(0.,0.,1.));
#3074=DIRECTION('center_axis',(0.,-1.,0.));
#3075=DIRECTION('ref_axis',(0.,0.,1.));
#3076=DIRECTION('',(-0.503019946630235,0.,0.864274801953705));
#3077=DIRECTION('center_axis',(-0.864274801953705,0.,-0.503019946630235));
#3078=DIRECTION('ref_axis',(-0.503019946630235,0.,0.864274801953705));
#3079=DIRECTION('center_axis',(0.864274801953705,0.,-0.503019946630235));
#3080=DIRECTION('ref_axis',(-0.503019946630235,0.,-0.864274801953705));
#3081=DIRECTION('center_axis',(-1.47287117351644E-17,0.864287148148662,
-0.50299873314458));
#3082=DIRECTION('ref_axis',(-1.,0.,2.92818068210339E-17));
#3083=CARTESIAN_POINT('',(0.,0.,0.));
#3084=CARTESIAN_POINT('Origin',(47.319999999999,0.151896000000011,22.07));
#3085=CARTESIAN_POINT('',(47.319999999999,-4.95571849033685,18.07));
#3086=CARTESIAN_POINT('',(51.319999999999,-2.62766289740205,22.07));
#3087=CARTESIAN_POINT('Origin',(47.319999999999,-2.62766289740205,22.07));
#3088=CARTESIAN_POINT('',(47.319999999999,-8.81785948114642,18.07));
#3089=CARTESIAN_POINT('',(47.319999999999,0.151896000000011,18.07));
#3090=CARTESIAN_POINT('',(51.319999999999,-6.48993532204248,22.07));
#3091=CARTESIAN_POINT('Origin',(47.319999999999,-6.48993532204248,22.07));
#3092=CARTESIAN_POINT('',(51.319999999999,0.151896000000011,22.07));
#3093=CARTESIAN_POINT('Origin',(51.319999999999,-1.13060399999999,17.07));
#3094=CARTESIAN_POINT('',(51.319999999999,-2.59856220249036,22.12));
#3095=CARTESIAN_POINT('',(51.319999999999,-4.52403900231837,18.8116996214842));
#3096=CARTESIAN_POINT('',(51.319999999999,-6.46083627005367,22.12));
#3097=CARTESIAN_POINT('',(51.319999999999,-5.12957989838487,24.4074566019904));
#3098=CARTESIAN_POINT('',(51.319999999999,0.151896000000011,22.12));
#3099=CARTESIAN_POINT('Origin',(47.319999999999,0.151896000000011,22.12));
#3100=CARTESIAN_POINT('',(47.319999999999,-0.270506609555559,26.12));
#3101=CARTESIAN_POINT('Origin',(47.319999999999,-2.59856220249036,22.12));
#3102=CARTESIAN_POINT('',(47.319999999999,-4.13291211094973,26.12));
#3103=CARTESIAN_POINT('Origin',(47.319999999999,-6.46083627005367,22.12));
#3104=CARTESIAN_POINT('',(47.319999999999,0.151896000000011,26.12));
#3105=CARTESIAN_POINT('Origin',(42.819999999999,1.43439600000001,26.12));
#3106=CARTESIAN_POINT('',(38.319999999999,-0.27050660955556,26.12));
#3107=CARTESIAN_POINT('',(42.7599999999995,-0.270506609555557,26.12));
#3108=CARTESIAN_POINT('',(38.319999999999,-4.13291211094973,26.12));
#3109=CARTESIAN_POINT('',(19.6937499999995,-4.13291211094973,26.12));
#3110=CARTESIAN_POINT('',(38.319999999999,2.71689600000001,26.12));
#3111=CARTESIAN_POINT('Origin',(42.819999999999,1.43439600000001,18.07));
#3112=CARTESIAN_POINT('',(38.319999999999,-4.95571849033685,18.07));
#3113=CARTESIAN_POINT('',(42.7599999999995,-4.95571849033685,18.07));
#3114=CARTESIAN_POINT('',(38.319999999999,-8.81785948114642,18.07));
#3115=CARTESIAN_POINT('',(38.319999999999,2.71689600000001,18.07));
#3116=CARTESIAN_POINT('',(19.6937499999995,-8.81785948114642,18.07));
#3117=CARTESIAN_POINT('Origin',(38.319999999999,2.71689600000001,22.07));
#3118=CARTESIAN_POINT('',(34.319999999999,-2.62766289740205,22.07));
#3119=CARTESIAN_POINT('Origin',(38.319999999999,-2.62766289740205,22.07));
#3120=CARTESIAN_POINT('',(34.319999999999,-6.48993532204248,22.07));
#3121=CARTESIAN_POINT('',(34.319999999999,2.71689600000001,22.07));
#3122=CARTESIAN_POINT('Origin',(38.319999999999,-6.48993532204248,22.07));
#3123=CARTESIAN_POINT('Origin',(38.319999999999,2.71689600000001,22.12));
#3124=CARTESIAN_POINT('',(34.319999999999,-2.59856220249036,22.12));
#3125=CARTESIAN_POINT('Origin',(38.319999999999,-2.59856220249036,22.12));
#3126=CARTESIAN_POINT('',(34.319999999999,-6.46083627005367,22.12));
#3127=CARTESIAN_POINT('Origin',(38.319999999999,-6.46083627005368,22.12));
#3128=CARTESIAN_POINT('',(34.319999999999,2.71689600000001,22.12));
#3129=CARTESIAN_POINT('Origin',(34.319999999999,3.99939600000001,17.07));
#3130=CARTESIAN_POINT('',(34.319999999999,-3.87501944621264,19.9268268685747));
#3131=CARTESIAN_POINT('',(34.319999999999,-4.48061508236181,25.5225527506087));
#3132=CARTESIAN_POINT('Origin',(1.025,74.05,14.15));
#3133=CARTESIAN_POINT('',(-0.474999999999997,74.05,14.15));
#3134=CARTESIAN_POINT('Origin',(1.025,74.05,14.15));
#3135=CARTESIAN_POINT('Origin',(84.175,1.364,14.15));
#3136=CARTESIAN_POINT('',(82.675,1.364,14.15));
#3137=CARTESIAN_POINT('Origin',(84.175,1.364,14.15));
#3138=CARTESIAN_POINT('Origin',(1.025,1.364,14.15));
#3139=CARTESIAN_POINT('',(-0.474999999999997,1.364,14.15));
#3140=CARTESIAN_POINT('Origin',(1.025,1.364,14.15));
#3141=CARTESIAN_POINT('Origin',(84.175,74.05,14.15));
#3142=CARTESIAN_POINT('',(82.675,74.05,14.15));
#3143=CARTESIAN_POINT('Origin',(84.175,74.05,14.15));
#3144=CARTESIAN_POINT('Origin',(79.89000464071,78.7515,28.1499838486224));
#3145=CARTESIAN_POINT('',(79.89000464071,77.4019101842112,28.1499838486224));
#3146=CARTESIAN_POINT('',(79.89000464071,76.2378025670799,30.1499838486225));
#3147=CARTESIAN_POINT('',(79.89000464071,78.5553945443105,26.1682351801585));
#3148=CARTESIAN_POINT('',(79.89000464071,78.7515,28.1499838486224));
#3149=CARTESIAN_POINT('',(79.89000464071,78.7515,28.1499838486224));
#3150=CARTESIAN_POINT('',(79.89000464071,78.7515,30.1499838486225));
#3151=CARTESIAN_POINT('',(79.89000464071,78.7515,28.6499838486225));
#3152=CARTESIAN_POINT('',(79.89000464071,58.32575,30.1499838486225));
#3153=CARTESIAN_POINT('Origin',(83.8325,73.7515,28.1499838486224));
#3154=CARTESIAN_POINT('',(83.8325,78.7515,28.1499838486224));
#3155=CARTESIAN_POINT('',(84.4708964523961,78.7105775321191,28.2202996580459));
#3156=CARTESIAN_POINT('Origin',(83.8325,73.7515,36.7413290270231));
#3157=CARTESIAN_POINT('',(88.8325,73.7515,28.1499838486224));
#3158=CARTESIAN_POINT('Origin',(83.8325,73.7515,28.1499838486224));
#3159=CARTESIAN_POINT('',(88.7966906527278,74.3488367252816,28.214050537169));
#3160=CARTESIAN_POINT('Origin',(83.8325,73.7515,37.0955097276024));
#3161=CARTESIAN_POINT('Ctrl Pts',(84.4708964523961,78.7105775321191,28.2202996580459));
#3162=CARTESIAN_POINT('Ctrl Pts',(84.6146494756183,78.6920717879657,28.2520975052069));
#3163=CARTESIAN_POINT('Ctrl Pts',(84.7556563990825,78.6675292808268,28.281581065028));
#3164=CARTESIAN_POINT('Ctrl Pts',(85.1503784480443,78.5819153049888,28.3596699855596));
#3165=CARTESIAN_POINT('Ctrl Pts',(85.429202160791,78.4986237988816,28.408831265759));
#3166=CARTESIAN_POINT('Ctrl Pts',(85.9690011559099,78.281401208963,28.4895962827964));
#3167=CARTESIAN_POINT('Ctrl Pts',(86.2299551755771,78.1474142883557,28.5211919426798));
#3168=CARTESIAN_POINT('Ctrl Pts',(86.7981931904496,77.796791593152,28.5750669459352));
#3169=CARTESIAN_POINT('Ctrl Pts',(87.1719685765705,77.4943192182555,28.5922958551997));
#3170=CARTESIAN_POINT('Ctrl Pts',(87.7825964183805,76.8547766194283,28.5840632352355));
#3171=CARTESIAN_POINT('Ctrl Pts',(88.0881342438438,76.4266226258174,28.5528839218067));
#3172=CARTESIAN_POINT('Ctrl Pts',(88.5450695603249,75.5003258963622,28.4356913266181));
#3173=CARTESIAN_POINT('Ctrl Pts',(88.6966430014634,75.0022581565579,28.3497714002611));
#3174=CARTESIAN_POINT('Ctrl Pts',(88.7805019614409,74.4733783699811,28.2405855329113));
#3175=CARTESIAN_POINT('Ctrl Pts',(88.7891577274914,74.411439400563,28.2275277326984));
#3176=CARTESIAN_POINT('Ctrl Pts',(88.7966906527278,74.3488367252816,28.214050537169));
#3177=CARTESIAN_POINT('Origin',(79.89000464071,68.8,28.1499838486224));
#3178=CARTESIAN_POINT('',(83.833,68.8,30.1499838486225));
#3179=CARTESIAN_POINT('',(84.9970277964674,68.8,28.1499838486224));
#3180=CARTESIAN_POINT('',(84.8748431012149,68.8,28.359918174286));
#3181=CARTESIAN_POINT('',(88.8325,68.8,30.1499838486225));
#3182=CARTESIAN_POINT('',(61.295002320355,68.8,30.1499838486225));
#3183=CARTESIAN_POINT('',(88.8325,68.8,28.1499838486224));
#3184=CARTESIAN_POINT('',(88.8325,68.8,28.6499838486225));
#3185=CARTESIAN_POINT('',(79.89000464071,68.8,28.1499838486224));
#3186=CARTESIAN_POINT('Origin',(84.361252320355,73.77575,28.1499838486224));
#3187=CARTESIAN_POINT('',(65.76625,78.7515,28.1499838486224));
#3188=CARTESIAN_POINT('',(79.89000464071,68.8,28.1499838486224));
#3189=CARTESIAN_POINT('',(79.89000464071,70.6559160097297,28.1499838486224));
#3190=CARTESIAN_POINT('',(63.5306261601775,68.8,28.1499838486224));
#3191=CARTESIAN_POINT('',(88.8325,37.9,28.1499838486224));
#3192=CARTESIAN_POINT('',(81.675,74.05,28.1499838486224));
#3193=CARTESIAN_POINT('Origin',(84.175,74.05,28.1499838486224));
#3194=CARTESIAN_POINT('Origin',(42.7,37.9,30.1499838486225));
#3195=CARTESIAN_POINT('',(83.833,7.00000000000003,30.1499838486225));
#3196=CARTESIAN_POINT('',(83.833,37.9,30.1499838486225));
#3197=CARTESIAN_POINT('',(88.8325,7.00000000000003,30.1499838486225));
#3198=CARTESIAN_POINT('',(65.76625,7.00000000000003,30.1499838486225));
#3199=CARTESIAN_POINT('',(88.8325,37.9,30.1499838486225));
#3200=CARTESIAN_POINT('Origin',(42.7,37.9,30.1499838486225));
#3201=CARTESIAN_POINT('',(5.74000464071002,78.7515,30.1499838486225));
#3202=CARTESIAN_POINT('',(42.7,78.7515,30.1499838486225));
#3203=CARTESIAN_POINT('',(5.74000464071001,76.23780256708,30.1499838486225));
#3204=CARTESIAN_POINT('',(5.74000464071002,53.35,30.1499838486225));
#3205=CARTESIAN_POINT('',(61.295002320355,76.23780256708,30.1499838486225));
#3206=CARTESIAN_POINT('Origin',(84.175,74.05,24.15));
#3207=CARTESIAN_POINT('',(81.675,74.05,24.15));
#3208=CARTESIAN_POINT('Origin',(84.175,74.05,24.15));
#3209=CARTESIAN_POINT('',(82.675,74.05,24.15));
#3210=CARTESIAN_POINT('Origin',(84.175,74.05,24.15));
#3211=CARTESIAN_POINT('Origin',(-3.43250000000001,68.8,28.1499838486224));
#3212=CARTESIAN_POINT('',(1.56700000000003,68.8,30.1499838486225));
#3213=CARTESIAN_POINT('',(0.402972203532619,68.8,28.1499838486224));
#3214=CARTESIAN_POINT('',(0.525156898785148,68.8,28.359918174286));
#3215=CARTESIAN_POINT('',(-3.43250000000001,68.8,28.1499838486224));
#3216=CARTESIAN_POINT('',(5.74000464071002,68.8,28.1499838486224));
#3217=CARTESIAN_POINT('',(-3.43250000000001,68.8,30.1499838486225));
#3218=CARTESIAN_POINT('',(-3.43250000000001,68.8,28.6499838486225));
#3219=CARTESIAN_POINT('',(19.63375,68.8,30.1499838486225));
#3220=CARTESIAN_POINT('Origin',(5.74000464071002,68.8,28.1499838486224));
#3221=CARTESIAN_POINT('',(5.74000464071002,77.4019101842112,28.1499838486224));
#3222=CARTESIAN_POINT('',(5.74000464071001,78.5553945443105,26.1682351801586));
#3223=CARTESIAN_POINT('',(5.74000464071002,78.7515,28.1499838486224));
#3224=CARTESIAN_POINT('',(5.74000464071002,78.7515,28.6499838486225));
#3225=CARTESIAN_POINT('',(5.74000464071002,78.7515,28.1499838486224));
#3226=CARTESIAN_POINT('Origin',(1.56749999999998,73.7515,28.1499838486224));
#3227=CARTESIAN_POINT('',(-3.3966906527278,74.3488367252816,28.2140505371691));
#3228=CARTESIAN_POINT('',(-3.43250000000001,73.7515,28.1499838486224));
#3229=CARTESIAN_POINT('Origin',(1.56749999999999,73.7515,37.0955097276024));
#3230=CARTESIAN_POINT('',(1.56749999999999,78.7515,28.1499838486224));
#3231=CARTESIAN_POINT('Origin',(1.56749999999998,73.7515,28.1499838486224));
#3232=CARTESIAN_POINT('',(0.929103547603796,78.7105775321191,28.2202996580459));
#3233=CARTESIAN_POINT('Origin',(1.56749999999999,73.7515,36.7413290270231));
#3234=CARTESIAN_POINT('Ctrl Pts',(-3.39669065272779,74.3488367252816,28.2140505371691));
#3235=CARTESIAN_POINT('Ctrl Pts',(-3.38967337178991,74.407154118077,28.2266051908151));
#3236=CARTESIAN_POINT('Ctrl Pts',(-3.38161294006772,74.4654685639085,28.2389193286789));
#3237=CARTESIAN_POINT('Ctrl Pts',(-3.30332873313294,74.966298579667,28.3425760847586));
#3238=CARTESIAN_POINT('Ctrl Pts',(-3.17076686654792,75.4020983663902,28.4177374675734));
#3239=CARTESIAN_POINT('Ctrl Pts',(-2.89122072216632,76.0300458321746,28.5045202790674));
#3240=CARTESIAN_POINT('Ctrl Pts',(-2.75050445021538,76.2895261978766,28.5342739924886));
#3241=CARTESIAN_POINT('Ctrl Pts',(-2.42268327748592,76.7789043049034,28.5750468432767));
#3242=CARTESIAN_POINT('Ctrl Pts',(-2.23555077483099,77.0087852423288,28.5860457372079));
#3243=CARTESIAN_POINT('Ctrl Pts',(-1.86132847221528,77.4007279078394,28.5910910852719));
#3244=CARTESIAN_POINT('Ctrl Pts',(-1.63922935057006,77.599165597597,28.5855417826545));
#3245=CARTESIAN_POINT('Ctrl Pts',(-1.16278013692683,77.9506920714172,28.5549295240264));
#3246=CARTESIAN_POINT('Ctrl Pts',(-0.908445007640605,78.1038011411905,28.5298666382804));
#3247=CARTESIAN_POINT('Ctrl Pts',(-0.300410849425294,78.4075562031506,28.4540367180372));
#3248=CARTESIAN_POINT('Ctrl Pts',(0.119360601433295,78.5572155411374,28.3863750152328));
#3249=CARTESIAN_POINT('Ctrl Pts',(0.674903347318686,78.6728800005559,28.2751991384262));
#3250=CARTESIAN_POINT('Ctrl Pts',(0.802238742105641,78.6942458572784,28.2483618692253));
#3251=CARTESIAN_POINT('Ctrl Pts',(0.929103547600093,78.7105775321186,28.2202996580467));
#3252=CARTESIAN_POINT('Origin',(1.153752320355,73.77575,28.1499838486224));
#3253=CARTESIAN_POINT('',(5.74000464071002,69.1906087417096,28.1499838486224));
#3254=CARTESIAN_POINT('',(5.50000000000003,69.1906087417096,28.1499838486224));
#3255=CARTESIAN_POINT('',(21.9268761601775,69.1906087417096,28.1499838486224));
#3256=CARTESIAN_POINT('',(5.74000464071002,72.1257189636718,28.1499838486224));
#3257=CARTESIAN_POINT('',(5.74000464071002,78.7515,28.1499838486224));
#3258=CARTESIAN_POINT('',(5.74000464071001,76.1655722721553,28.1499838486224));
#3259=CARTESIAN_POINT('',(65.76625,78.7515,28.1499838486224));
#3260=CARTESIAN_POINT('',(-3.43250000000001,37.9,28.1499838486224));
#3261=CARTESIAN_POINT('',(5.50000000000003,68.8,28.1499838486224));
#3262=CARTESIAN_POINT('',(21.9268761601775,68.8,28.1499838486224));
#3263=CARTESIAN_POINT('',(5.50000000000003,55.837875,28.1499838486224));
#3264=CARTESIAN_POINT('',(-1.475,74.05,28.1499838486224));
#3265=CARTESIAN_POINT('Origin',(1.025,74.05,28.1499838486224));
#3266=CARTESIAN_POINT('Origin',(5.74000464071002,68.8,28.1499838486224));
#3267=CARTESIAN_POINT('',(5.74000464071002,68.8,28.8211168626193));
#3268=CARTESIAN_POINT('',(5.74000464071002,72.6303485879065,22.2399190604176));
#3269=CARTESIAN_POINT('',(5.74000464071002,68.8,30.1499838486225));
#3270=CARTESIAN_POINT('',(5.74000464071002,68.8,22.4897338486224));
#3271=CARTESIAN_POINT('',(5.74000464071001,70.9616113465405,30.1499838486225));
#3272=CARTESIAN_POINT('',(5.74000464071002,53.35,30.1499838486225));
#3273=CARTESIAN_POINT('',(5.74000464071001,74.6143698295402,23.8743467352752));
#3274=CARTESIAN_POINT('Origin',(5.50000000000003,37.9,16.8294838486225));
#3275=CARTESIAN_POINT('',(5.50000000000003,68.8,-0.491016151377548));
#3276=CARTESIAN_POINT('',(5.50000000000003,68.8,16.8294838486225));
#3277=CARTESIAN_POINT('',(5.50000000000003,85.860068801021,-0.491016151377548));
#3278=CARTESIAN_POINT('',(5.50000000000003,37.9,-0.49101615137755));
#3279=CARTESIAN_POINT('',(5.50000000000003,71.1818288446356,24.7287251656787));
#3280=CARTESIAN_POINT('Origin',(42.7,68.8,16.8294838486225));
#3281=CARTESIAN_POINT('',(-16.2664878557788,68.8,-0.491016151377549));
#3282=CARTESIAN_POINT('',(0.525156898785148,68.8,28.359918174286));
#3283=CARTESIAN_POINT('',(23.85,68.8,-0.49101615137755));
#3284=CARTESIAN_POINT('Origin',(42.7,37.9,30.1499838486225));
#3285=CARTESIAN_POINT('',(-3.43250000000001,7.00103300907683,30.1499838486225));
#3286=CARTESIAN_POINT('',(-3.43250000000001,37.9,30.1499838486225));
#3287=CARTESIAN_POINT('',(1.56700000000001,7.00293408484295,30.1499838486225));
#3288=CARTESIAN_POINT('',(24.8558704285166,7.01178975184608,30.1499838486225));
#3289=CARTESIAN_POINT('',(1.56700000000001,37.9,30.1499838486225));
#3290=CARTESIAN_POINT('Origin',(1.025,74.05,24.15));
#3291=CARTESIAN_POINT('',(-1.475,74.05,24.15));
#3292=CARTESIAN_POINT('Origin',(1.025,74.05,24.15));
#3293=CARTESIAN_POINT('',(-0.474999999999997,74.05,24.15));
#3294=CARTESIAN_POINT('Origin',(1.025,74.05,24.15));
#3295=CARTESIAN_POINT('Origin',(83.8325,2.04850000000001,28.1499838486224));
#3296=CARTESIAN_POINT('',(88.7966906527278,1.45116327471846,28.214050537169));
#3297=CARTESIAN_POINT('',(88.8325,2.0485,28.1499838486224));
#3298=CARTESIAN_POINT('Origin',(83.8325,2.0485,37.0955097276024));
#3299=CARTESIAN_POINT('',(83.8325,-2.9515,28.1499838486224));
#3300=CARTESIAN_POINT('Origin',(83.8325,2.04850000000001,28.1499838486224));
#3301=CARTESIAN_POINT('',(84.4708964523962,-2.91057753211904,28.2202996580459));
#3302=CARTESIAN_POINT('Origin',(83.8325,2.0485,36.7413290270231));
#3303=CARTESIAN_POINT('Ctrl Pts',(88.7966906527278,1.45116327471847,28.2140505371691));
#3304=CARTESIAN_POINT('Ctrl Pts',(88.7896733717899,1.39284588192299,28.226605190815));
#3305=CARTESIAN_POINT('Ctrl Pts',(88.7816129400677,1.33453143609158,28.2389193286789));
#3306=CARTESIAN_POINT('Ctrl Pts',(88.7033287331329,0.833701420333012,28.3425760847585));
#3307=CARTESIAN_POINT('Ctrl Pts',(88.5707668665479,0.397901633609858,28.4177374675734));
#3308=CARTESIAN_POINT('Ctrl Pts',(88.2912207221663,-0.230045832174492,28.5045202790674));
#3309=CARTESIAN_POINT('Ctrl Pts',(88.1505044502154,-0.489526197876576,28.5342739924885));
#3310=CARTESIAN_POINT('Ctrl Pts',(87.822683277486,-0.978904304903341,28.5750468432767));
#3311=CARTESIAN_POINT('Ctrl Pts',(87.635550774831,-1.20878524232876,28.5860457372078));
#3312=CARTESIAN_POINT('Ctrl Pts',(87.2613284722153,-1.60072790783932,28.5910910852719));
#3313=CARTESIAN_POINT('Ctrl Pts',(87.0392293505701,-1.79916559759697,28.5855417826545));
#3314=CARTESIAN_POINT('Ctrl Pts',(86.5627801369268,-2.15069207141714,28.5549295240264));
#3315=CARTESIAN_POINT('Ctrl Pts',(86.3084450076406,-2.30380114119044,28.5298666382804));
#3316=CARTESIAN_POINT('Ctrl Pts',(85.7004108494253,-2.60755620315054,28.4540367180372));
#3317=CARTESIAN_POINT('Ctrl Pts',(85.2806393985668,-2.75721554113731,28.3863750152328));
#3318=CARTESIAN_POINT('Ctrl Pts',(84.7250966526813,-2.87288000055587,28.2751991384262));
#3319=CARTESIAN_POINT('Ctrl Pts',(84.5977612578943,-2.89424585727833,28.2483618692253));
#3320=CARTESIAN_POINT('Ctrl Pts',(84.4708964523999,-2.91057753211857,28.2202996580467));
#3321=CARTESIAN_POINT('Origin',(78.4,7.00000000000003,28.1499838486224));
#3322=CARTESIAN_POINT('',(78.4,2.07500000000003,30.1499838486225));
#3323=CARTESIAN_POINT('',(78.4,0.910972203532626,28.1499838486224));
#3324=CARTESIAN_POINT('',(78.4,0.361617755742412,27.2060984028326));
#3325=CARTESIAN_POINT('',(78.4,-2.9515,30.1499838486225));
#3326=CARTESIAN_POINT('',(78.4,22.45,30.1499838486225));
#3327=CARTESIAN_POINT('',(78.4,-2.9515,28.1499838486224));
#3328=CARTESIAN_POINT('',(78.4,-2.9515,28.6499838486225));
#3329=CARTESIAN_POINT('',(78.4,7.00000000000003,28.1499838486224));
#3330=CARTESIAN_POINT('Origin',(88.8325,7.00000000000003,28.1499838486224));
#3331=CARTESIAN_POINT('',(84.9970277964674,7.00000000000003,28.1499838486224));
#3332=CARTESIAN_POINT('',(84.8748431012149,7.00000000000003,28.359918174286));
#3333=CARTESIAN_POINT('',(88.8325,7.00000000000003,28.1499838486224));
#3334=CARTESIAN_POINT('',(88.8325,7.00000000000003,28.1499838486224));
#3335=CARTESIAN_POINT('',(88.8325,7.00000000000003,28.6499838486225));
#3336=CARTESIAN_POINT('Origin',(83.61625,2.02425000000002,28.1499838486224));
#3337=CARTESIAN_POINT('',(88.8325,37.9,28.1499838486224));
#3338=CARTESIAN_POINT('',(78.4,7.00000000000003,28.1499838486224));
#3339=CARTESIAN_POINT('',(63.158125,7.00000000000003,28.1499838486224));
#3340=CARTESIAN_POINT('',(78.4,19.962125,28.1499838486224));
#3341=CARTESIAN_POINT('',(42.7,-2.9515,28.1499838486224));
#3342=CARTESIAN_POINT('',(81.675,1.364,28.1499838486224));
#3343=CARTESIAN_POINT('Origin',(84.175,1.364,28.1499838486224));
#3344=CARTESIAN_POINT('Origin',(42.7,-2.9515,29.1499838486224));
#3345=CARTESIAN_POINT('',(7.00378408950585,-2.9515,30.1499838486225));
#3346=CARTESIAN_POINT('',(42.7,-2.9515,30.1499838486225));
#3347=CARTESIAN_POINT('',(7.00378408950585,-2.9515,28.1499838486224));
#3348=CARTESIAN_POINT('',(7.00378408950585,-2.9515,28.6499838486225));
#3349=CARTESIAN_POINT('',(42.7,-2.9515,28.1499838486224));
#3350=CARTESIAN_POINT('Origin',(42.7,37.9,30.1499838486225));
#3351=CARTESIAN_POINT('',(7.00187274690413,2.07500000000003,30.1499838486225));
#3352=CARTESIAN_POINT('',(42.7,2.07500000000005,30.1499838486225));
#3353=CARTESIAN_POINT('',(6.99601971469643,17.4674609672477,30.1499838486225));
#3354=CARTESIAN_POINT('Origin',(84.175,1.364,24.15));
#3355=CARTESIAN_POINT('',(81.675,1.364,24.15));
#3356=CARTESIAN_POINT('Origin',(84.175,1.364,24.15));
#3357=CARTESIAN_POINT('',(82.675,1.364,24.15));
#3358=CARTESIAN_POINT('Origin',(84.175,1.364,24.15));
#3359=CARTESIAN_POINT('Origin',(1.5644006889309,1.9985,28.1499838486224));
#3360=CARTESIAN_POINT('',(0.85841470543803,-2.95140745278248,28.1499838486224));
#3361=CARTESIAN_POINT('',(-3.40463350630575,1.44289297469452,28.1998399367221));
#3362=CARTESIAN_POINT('Ctrl Pts',(0.858414705438031,-2.95140745278248,28.1499838486224));
#3363=CARTESIAN_POINT('Ctrl Pts',(0.412355866402858,-2.88778782126898,28.2541856790783));
#3364=CARTESIAN_POINT('Ctrl Pts',(-0.0397280341024091,-2.7601533164721,
28.341736663718));
#3365=CARTESIAN_POINT('Ctrl Pts',(-1.11033362638968,-2.28429912700854,28.5041355675204));
#3366=CARTESIAN_POINT('Ctrl Pts',(-1.69590287189096,-1.851964808447,28.5485360336537));
#3367=CARTESIAN_POINT('Ctrl Pts',(-2.60759055365104,-0.841409954210773,
28.5364238850191));
#3368=CARTESIAN_POINT('Ctrl Pts',(-2.98076328908985,-0.204467405804205,
28.4774116068135));
#3369=CARTESIAN_POINT('Ctrl Pts',(-3.29940881272893,0.792911163983977,28.3231799610481));
#3370=CARTESIAN_POINT('Ctrl Pts',(-3.36835383759522,1.118428188967,28.2647480797883));
#3371=CARTESIAN_POINT('Ctrl Pts',(-3.40463350630575,1.44289297469452,28.1998399367221));
#3372=CARTESIAN_POINT('',(-3.43250000000001,1.82247868037732,28.1499838486224));
#3373=CARTESIAN_POINT('Origin',(1.5644006889309,1.9985,28.1499838486224));
#3374=CARTESIAN_POINT('Origin',(1.5644006889309,1.9985,37.0899647341273));
#3375=CARTESIAN_POINT('Origin',(7.0037840889587,-2.95149856108814,28.1499838486224));
#3376=CARTESIAN_POINT('',(7.0023153721736,0.910972203532628,28.1499838486224));
#3377=CARTESIAN_POINT('',(7.00355446543483,-2.34762846386452,22.5511473306521));
#3378=CARTESIAN_POINT('',(7.0037840889587,-2.95149856108814,28.1499838486224));
#3379=CARTESIAN_POINT('Origin',(1.78564204447935,2.02425000000002,28.1499838486224));
#3380=CARTESIAN_POINT('',(0.889801325255639,-2.9515,28.1499838486224));
#3381=CARTESIAN_POINT('Origin',(2.2955284450176,2.83361436935075,28.1499838486224));
#3382=CARTESIAN_POINT('',(-0.823428977760333,-2.9515,28.1499838486224));
#3383=CARTESIAN_POINT('',(7.00000000000003,0.910972203532621,28.1499838486224));
#3384=CARTESIAN_POINT('',(22.2428210222397,0.91097220353263,28.1499838486225));
#3385=CARTESIAN_POINT('',(7.00000000000003,7.00000000000003,28.1499838486224));
#3386=CARTESIAN_POINT('',(7.00000000000003,19.962125,28.1499838486224));
#3387=CARTESIAN_POINT('',(0.402972203532627,7.00000000000003,28.1499838486224));
#3388=CARTESIAN_POINT('',(22.2428210222397,7.00000000000003,28.1499838486224));
#3389=CARTESIAN_POINT('',(0.402972203532617,7.00249145957326,28.1499838486224));
#3390=CARTESIAN_POINT('',(0.402972203532619,19.962125,28.1499838486224));
#3391=CARTESIAN_POINT('',(-3.43250000000001,7.00103300907683,28.1499838486224));
#3392=CARTESIAN_POINT('',(6.99999809873427,7.00499999963855,28.1499838486224));
#3393=CARTESIAN_POINT('',(-3.43250000000001,37.9,28.1499838486224));
#3394=CARTESIAN_POINT('',(-1.475,1.364,28.1499838486224));
#3395=CARTESIAN_POINT('Origin',(1.025,1.364,28.1499838486224));
#3396=CARTESIAN_POINT('Origin',(6.99999809873427,7.00499999963855,28.1499838486224));
#3397=CARTESIAN_POINT('',(-1.52914625021106,7.00175676539033,24.8302719661274));
#3398=CARTESIAN_POINT('',(-3.43250000000001,7.00103300907725,28.6499838486225));
#3399=CARTESIAN_POINT('Origin',(-3.43250000000001,78.7515,28.1499838486224));
#3400=CARTESIAN_POINT('',(-3.43250000000001,37.9,28.1499838486224));
#3401=CARTESIAN_POINT('',(-17.7913027519591,89.3368708896268,2.46057552685873));
#3402=CARTESIAN_POINT('',(4.43633350950871,66.192893866633,42.2281546079614));
#3403=CARTESIAN_POINT('',(-17.7913027519591,-13.5368708896268,2.46057552685873));
#3404=CARTESIAN_POINT('',(-17.7913027519591,37.9,2.46057552685874));
#3405=CARTESIAN_POINT('',(3.75575588180362,8.89847149526677,41.0105296517033));
#3406=CARTESIAN_POINT('Origin',(42.7,-4.62547719908802,18.6374113491981));
#3407=CARTESIAN_POINT('',(78.4,-15.7584878557788,-0.49101615137755));
#3408=CARTESIAN_POINT('',(78.4,0.361617755742412,27.2060984028326));
#3409=CARTESIAN_POINT('',(7.00000000000003,-15.7584878557788,-0.491016151377549));
#3410=CARTESIAN_POINT('',(42.7,-15.7584878557788,-0.491016151377549));
#3411=CARTESIAN_POINT('',(7.00000000000003,0.361617755742412,27.2060984028326));
#3412=CARTESIAN_POINT('',(55.5,-2.08638997204472,23.));
#3413=CARTESIAN_POINT('',(71.5,-2.08638997204472,23.));
#3414=CARTESIAN_POINT('',(53.1,-2.08638997204472,23.));
#3415=CARTESIAN_POINT('',(71.5,-0.922362175577318,25.));
#3416=CARTESIAN_POINT('',(71.5,-3.50717386625219,20.5588488547794));
#3417=CARTESIAN_POINT('',(55.5,-0.922362175577318,25.));
#3418=CARTESIAN_POINT('',(53.1,-0.922362175577318,25.));
#3419=CARTESIAN_POINT('',(55.5,-3.50717386625219,20.5588488547794));
#3420=CARTESIAN_POINT('',(55.5,-4.41444556497952,19.));
#3421=CARTESIAN_POINT('',(71.5,-4.41444556497952,19.));
#3422=CARTESIAN_POINT('',(53.1,-4.41444556497952,19.));
#3423=CARTESIAN_POINT('',(71.5,-3.25041776851212,21.));
#3424=CARTESIAN_POINT('',(71.5,-4.37666879575741,19.0649069881952));
#3425=CARTESIAN_POINT('',(55.5,-3.25041776851212,21.));
#3426=CARTESIAN_POINT('',(53.1,-3.25041776851212,21.));
#3427=CARTESIAN_POINT('',(55.5,-4.37666879575741,19.0649069881952));
#3428=CARTESIAN_POINT('',(55.5,-6.74250115791432,15.));
#3429=CARTESIAN_POINT('',(71.5,-6.74250115791432,15.));
#3430=CARTESIAN_POINT('',(53.1,-6.74250115791432,15.));
#3431=CARTESIAN_POINT('',(71.5,-5.57847336144692,17.));
#3432=CARTESIAN_POINT('',(71.5,-5.24616372526263,17.570965121611));
#3433=CARTESIAN_POINT('',(55.5,-5.57847336144692,17.));
#3434=CARTESIAN_POINT('',(53.1,-5.57847336144692,17.));
#3435=CARTESIAN_POINT('',(55.5,-5.24616372526263,17.570965121611));
#3436=CARTESIAN_POINT('Origin',(7.00000000000003,37.9,16.8294838486225));
#3437=CARTESIAN_POINT('',(7.00000000000003,5.90000000000002,-0.49101615137755));
#3438=CARTESIAN_POINT('',(7.00000000000003,37.9,-0.49101615137755));
#3439=CARTESIAN_POINT('',(7.00000000000003,5.90000000000002,25.));
#3440=CARTESIAN_POINT('',(7.00000000000003,5.90000000000002,14.5647419243112));
#3441=CARTESIAN_POINT('',(7.00000000000003,7.00000000000003,25.));
#3442=CARTESIAN_POINT('',(7.00000000000003,24.4,25.));
#3443=CARTESIAN_POINT('',(7.00000000000003,7.00000000000003,16.8294838486225));
#3444=CARTESIAN_POINT('Origin',(42.7,37.9,30.1499838486225));
#3445=CARTESIAN_POINT('',(75.91000464071,68.8,30.1499838486225));
#3446=CARTESIAN_POINT('',(42.7,68.8,30.1499838486225));
#3447=CARTESIAN_POINT('',(75.91000464071,70.9616113465405,30.1499838486225));
#3448=CARTESIAN_POINT('',(75.9100046407101,56.2571849147701,30.1499838486225));
#3449=CARTESIAN_POINT('',(24.220002320355,70.9616113465405,30.1499838486225));
#3450=CARTESIAN_POINT('Origin',(-3.43250000000001,37.9,29.1499838486224));
#3451=CARTESIAN_POINT('Origin',(1.025,1.364,24.15));
#3452=CARTESIAN_POINT('',(-1.475,1.364,24.15));
#3453=CARTESIAN_POINT('Origin',(1.025,1.364,24.15));
#3454=CARTESIAN_POINT('',(-0.474999999999997,1.364,24.15));
#3455=CARTESIAN_POINT('Origin',(1.025,1.364,24.15));
#3456=CARTESIAN_POINT('Ctrl Pts',(-13.4352397143351,90.2099464249674,-3.49101615137755));
#3457=CARTESIAN_POINT('Ctrl Pts',(-13.5665556490118,90.2099464249674,-3.49101615137755));
#3458=CARTESIAN_POINT('Ctrl Pts',(-13.7649821648669,90.17238089194,-3.49101615137755));
#3459=CARTESIAN_POINT('Ctrl Pts',(-14.0488394104878,90.0028599759052,-3.49101615137755));
#3460=CARTESIAN_POINT('Ctrl Pts',(-14.2528576373833,89.7323579434176,-3.49101615137755));
#3461=CARTESIAN_POINT('Ctrl Pts',(-14.2996999793862,89.4683753230426,-3.49101615137755));
#3462=CARTESIAN_POINT('Ctrl Pts',(-14.2996999793862,89.3368708896268,-3.49101615137755));
#3463=CARTESIAN_POINT('Ctrl Pts',(-13.4352397143351,91.0091316501993,-3.49101615137755));
#3464=CARTESIAN_POINT('Ctrl Pts',(-13.6647995274079,91.028547785172,-3.49128260671413));
#3465=CARTESIAN_POINT('Ctrl Pts',(-14.0473205993416,90.9871675235913,-3.49170087673042));
#3466=CARTESIAN_POINT('Ctrl Pts',(-14.6492806279549,90.6524644400371,-3.49204522470791));
#3467=CARTESIAN_POINT('Ctrl Pts',(-15.0702500709886,90.0643823138778,-3.49180552330318));
#3468=CARTESIAN_POINT('Ctrl Pts',(-15.1123127134721,89.5630903944239,-3.49128170228706));
#3469=CARTESIAN_POINT('Ctrl Pts',(-15.0922623790798,89.3368708896268,-3.49101615137755));
#3470=CARTESIAN_POINT('Ctrl Pts',(-13.4352397143352,92.6068637115443,-2.99687333162341));
#3471=CARTESIAN_POINT('Ctrl Pts',(-13.8619532432057,92.6656493813446,-2.97183718606856));
#3472=CARTESIAN_POINT('Ctrl Pts',(-14.612259683169,92.6190739701153,-2.93790564211855));
#3473=CARTESIAN_POINT('Ctrl Pts',(-15.8527167205685,91.9536562644952,-2.91303736101597));
#3474=CARTESIAN_POINT('Ctrl Pts',(-16.7076965057216,90.7289720488971,-2.93168404248892));
#3475=CARTESIAN_POINT('Ctrl Pts',(-16.7374770263477,89.7531463784397,-2.97968892234368));
#3476=CARTESIAN_POINT('Ctrl Pts',(-16.6767826214923,89.3368708896269,-3.00529267416546));
#3477=CARTESIAN_POINT('Ctrl Pts',(-13.4352397143352,93.9043552960386,-1.36213849647127));
#3478=CARTESIAN_POINT('Ctrl Pts',(-14.0218082014475,93.9615611681172,-1.26502391513064));
#3479=CARTESIAN_POINT('Ctrl Pts',(-15.0487867321173,93.861458762722,-1.13601454344928));
#3480=CARTESIAN_POINT('Ctrl Pts',(-16.746543935486,92.9178190265773,-1.04286902553659));
#3481=CARTESIAN_POINT('Ctrl Pts',(-17.9431157143478,91.2427986760605,-1.11229674007091));
#3482=CARTESIAN_POINT('Ctrl Pts',(-18.0345609490647,89.908586265577,-1.29520654575614));
#3483=CARTESIAN_POINT('Ctrl Pts',(-17.9746780527784,89.3368708896268,-1.39488382059809));
#3484=CARTESIAN_POINT('Ctrl Pts',(-13.4352397143352,94.3487601117115,0.610669700126438));
#3485=CARTESIAN_POINT('Ctrl Pts',(-14.0763022547162,94.3515984037399,0.772193136406162));
#3486=CARTESIAN_POINT('Ctrl Pts',(-15.162949556972,94.1566174608556,0.980780648062422));
#3487=CARTESIAN_POINT('Ctrl Pts',(-16.9225328963729,93.1036464733234,1.12824710383283));
#3488=CARTESIAN_POINT('Ctrl Pts',(-18.218029393923,91.3776432032016,1.01930610602401));
#3489=CARTESIAN_POINT('Ctrl Pts',(-18.4422427287784,89.9637336609898,0.722728918905199));
#3490=CARTESIAN_POINT('Ctrl Pts',(-18.4371725731152,89.3368708896268,0.556102898137685));
#3491=CARTESIAN_POINT('Ctrl Pts',(-13.4352397143352,94.0690841734016,1.83025326204257));
#3492=CARTESIAN_POINT('Ctrl Pts',(-14.0424612691138,94.0113694596788,2.01197488774172));
#3493=CARTESIAN_POINT('Ctrl Pts',(-15.0292203541417,93.7448002566081,2.23968602403561));
#3494=CARTESIAN_POINT('Ctrl Pts',(-16.5868990082496,92.7361637060305,2.3970256486336));
#3495=CARTESIAN_POINT('Ctrl Pts',(-17.7880039842208,91.2210018593168,2.28195701800815));
#3496=CARTESIAN_POINT('Ctrl Pts',(-18.1213595533636,89.9332724912857,1.9571945074023));
#3497=CARTESIAN_POINT('Ctrl Pts',(-18.1779922978904,89.3368708896268,1.76874725880695));
#3498=CARTESIAN_POINT('Ctrl Pts',(-13.4352397143352,93.6670950175621,2.5209787812008));
#3499=CARTESIAN_POINT('Ctrl Pts',(-13.9924326281658,93.5636110099769,2.69879214712245));
#3500=CARTESIAN_POINT('Ctrl Pts',(-14.8639893111919,93.2502366722428,2.91451510717828));
#3501=CARTESIAN_POINT('Ctrl Pts',(-16.2020291309058,92.3180362768901,3.05987347694677));
#3502=CARTESIAN_POINT('Ctrl Pts',(-17.2808787392855,91.0267069235125,2.95474838716311));
#3503=CARTESIAN_POINT('Ctrl Pts',(-17.6876701972461,89.8864882198218,2.6459850668768));
#3504=CARTESIAN_POINT('Ctrl Pts',(-17.7913027519592,89.3368708896268,2.46057552685871));
#3505=CARTESIAN_POINT('',(-13.4352397143352,93.667095017562,2.52097878120079));
#3506=CARTESIAN_POINT('',(-13.4352397143351,90.2099464249674,-3.49101615137755));
#3507=CARTESIAN_POINT('Origin',(-13.4352397143351,90.2099464249674,0.508983848622448));
#3508=CARTESIAN_POINT('',(-14.2996999793862,89.3368708896269,-3.49101615137755));
#3509=CARTESIAN_POINT('Ctrl Pts',(-13.4352397143351,90.2099464249674,-3.49101615137755));
#3510=CARTESIAN_POINT('Ctrl Pts',(-13.5665556490118,90.2099464249674,-3.49101615137755));
#3511=CARTESIAN_POINT('Ctrl Pts',(-13.7649821648669,90.17238089194,-3.49101615137755));
#3512=CARTESIAN_POINT('Ctrl Pts',(-14.0488394104878,90.0028599759052,-3.49101615137755));
#3513=CARTESIAN_POINT('Ctrl Pts',(-14.2528576373833,89.7323579434176,-3.49101615137755));
#3514=CARTESIAN_POINT('Ctrl Pts',(-14.2996999793862,89.4683753230426,-3.49101615137755));
#3515=CARTESIAN_POINT('Ctrl Pts',(-14.2996999793862,89.3368708896268,-3.49101615137755));
#3516=CARTESIAN_POINT('Origin',(-14.2996999793862,89.3368708896269,0.508983848622448));
#3517=CARTESIAN_POINT('Ctrl Pts',(-17.7913027519592,89.3368708896268,2.46057552685871));
#3518=CARTESIAN_POINT('Ctrl Pts',(-17.6876701972461,89.8864882198218,2.6459850668768));
#3519=CARTESIAN_POINT('Ctrl Pts',(-17.2808787392855,91.0267069235125,2.95474838716311));
#3520=CARTESIAN_POINT('Ctrl Pts',(-16.2020291309058,92.3180362768901,3.05987347694677));
#3521=CARTESIAN_POINT('Ctrl Pts',(-14.8639893111919,93.2502366722428,2.91451510717828));
#3522=CARTESIAN_POINT('Ctrl Pts',(-13.9924326281658,93.5636110099769,2.69879214712245));
#3523=CARTESIAN_POINT('Ctrl Pts',(-13.4352397143352,93.6670950175621,2.5209787812008));
#3524=CARTESIAN_POINT('Origin',(88.8325,90.2099464249674,0.508983848622448));
#3525=CARTESIAN_POINT('',(98.8352397143351,93.6670950175621,2.52097878120077));
#3526=CARTESIAN_POINT('',(98.8352397143351,90.2099464249674,-3.49101615137755));
#3527=CARTESIAN_POINT('Origin',(98.8352397143351,90.2099464249674,0.508983848622448));
#3528=CARTESIAN_POINT('',(88.8325,90.2099464249674,-3.49101615137755));
#3529=CARTESIAN_POINT('',(88.8325,93.6670950175621,2.52097878120077));
#3530=CARTESIAN_POINT('Origin',(-14.2996999793862,37.9,0.508983848622448));
#3531=CARTESIAN_POINT('',(-14.2996999793862,-13.5368708896268,-3.49101615137755));
#3532=CARTESIAN_POINT('Origin',(-14.2996999793862,-13.5368708896268,0.508983848622448));
#3533=CARTESIAN_POINT('',(-14.2996999793862,37.9,-3.49101615137755));
#3534=CARTESIAN_POINT('Ctrl Pts',(99.6996999793862,89.3368708896267,-3.49101615137755));
#3535=CARTESIAN_POINT('Ctrl Pts',(99.6996999793862,89.4028174471305,-3.49101615137755));
#3536=CARTESIAN_POINT('Ctrl Pts',(99.6824768806451,89.598922542588,-3.49101615137755));
#3537=CARTESIAN_POINT('Ctrl Pts',(99.5510957085436,89.9111019402859,-3.49101615137755));
#3538=CARTESIAN_POINT('Ctrl Pts',(99.2966880327027,90.1095113327203,-3.49101615137755));
#3539=CARTESIAN_POINT('Ctrl Pts',(99.0481413976269,90.1943545673584,-3.49101615137755));
#3540=CARTESIAN_POINT('Ctrl Pts',(98.9168641775763,90.2099464249674,-3.49101615137755));
#3541=CARTESIAN_POINT('Ctrl Pts',(98.8352397143351,90.2099464249674,-3.49101615137755));
#3542=CARTESIAN_POINT('Ctrl Pts',(100.49226237908,89.3368708896267,-3.49101615137755));
#3543=CARTESIAN_POINT('Ctrl Pts',(100.50231354053,89.4503112394549,-3.49114808195976));
#3544=CARTESIAN_POINT('Ctrl Pts',(100.502121593467,89.7999261164287,-3.49151251676028));
#3545=CARTESIAN_POINT('Ctrl Pts',(100.273453505567,90.4495908192767,-3.49206367860913));
#3546=CARTESIAN_POINT('Ctrl Pts',(99.7197364561721,90.8707617881761,-3.49188858033805));
#3547=CARTESIAN_POINT('Ctrl Pts',(99.2211840344053,91.0098051311592,-3.49144700641795));
#3548=CARTESIAN_POINT('Ctrl Pts',(98.9779265113573,91.0211960030866,-3.49118029869406));
#3549=CARTESIAN_POINT('Ctrl Pts',(98.8352397143351,91.0091316501993,-3.49101615137755));
#3550=CARTESIAN_POINT('Ctrl Pts',(102.076408209288,89.3368708896267,-3.00524919642558));
#3551=CARTESIAN_POINT('Ctrl Pts',(102.10685085102,89.5456296856983,-2.99241143671352));
#3552=CARTESIAN_POINT('Ctrl Pts',(102.142979956715,90.2018093095282,-2.95583047689272));
#3553=CARTESIAN_POINT('Ctrl Pts',(101.720667999903,91.5286477968319,-2.91163100324354));
#3554=CARTESIAN_POINT('Ctrl Pts',(100.567640587099,92.3950011261132,-2.92295217260345));
#3555=CARTESIAN_POINT('Ctrl Pts',(99.5671772599192,92.6418643303055,-2.95804441366023));
#3556=CARTESIAN_POINT('Ctrl Pts',(99.1004876731807,92.6430247817173,-2.98127366441053));
#3557=CARTESIAN_POINT('Ctrl Pts',(98.8352397143351,92.6064771969074,-2.99683350774919));
#3558=CARTESIAN_POINT('Ctrl Pts',(103.374018311625,89.3368708896266,-1.3949143846472));
#3559=CARTESIAN_POINT('Ctrl Pts',(103.404042741922,89.6235678395237,-1.34492656528758));
#3560=CARTESIAN_POINT('Ctrl Pts',(103.417432266735,90.5244326328238,-1.20365306288857));
#3561=CARTESIAN_POINT('Ctrl Pts',(102.789442117013,92.3324211249862,-1.037609764418));
#3562=CARTESIAN_POINT('Ctrl Pts',(101.20849408525,93.5362668757417,-1.07987388676794));
#3563=CARTESIAN_POINT('Ctrl Pts',(99.8399400776042,93.9143752397111,-1.21262763637743));
#3564=CARTESIAN_POINT('Ctrl Pts',(99.1998364242814,93.9392259666693,-1.30181177782727));
#3565=CARTESIAN_POINT('Ctrl Pts',(98.8352397143351,93.9036742702893,-1.36217931767052));
#3566=CARTESIAN_POINT('Ctrl Pts',(103.836704772604,89.3368708896266,0.556070445738657));
#3567=CARTESIAN_POINT('Ctrl Pts',(103.839258266492,89.6512398310796,0.639625984112268));
#3568=CARTESIAN_POINT('Ctrl Pts',(103.762208541674,90.6286119647346,0.873002924417127));
#3569=CARTESIAN_POINT('Ctrl Pts',(102.990030828928,92.4948954447268,1.13682767403898));
#3570=CARTESIAN_POINT('Ctrl Pts',(101.353588750955,93.7764627324073,1.07026331417332));
#3571=CARTESIAN_POINT('Ctrl Pts',(99.9202860632266,94.2668673170729,0.857172446373723));
#3572=CARTESIAN_POINT('Ctrl Pts',(99.2337315459916,94.3500550695969,0.711026182366764));
#3573=CARTESIAN_POINT('Ctrl Pts',(98.8352397143351,94.3482773289972,0.610629526265643));
#3574=CARTESIAN_POINT('Ctrl Pts',(103.57799229789,89.3368708896266,1.7687472588069));
#3575=CARTESIAN_POINT('Ctrl Pts',(103.549588007126,89.6359487517192,1.86325081304215));
#3576=CARTESIAN_POINT('Ctrl Pts',(103.385572863633,90.5517246855626,2.12395259495176));
#3577=CARTESIAN_POINT('Ctrl Pts',(102.576641977678,92.1971194751625,2.40656527559787));
#3578=CARTESIAN_POINT('Ctrl Pts',(101.133641281808,93.3630207088144,2.3359614464345));
#3579=CARTESIAN_POINT('Ctrl Pts',(99.8466902776037,93.8999269974988,2.10509444143803));
#3580=CARTESIAN_POINT('Ctrl Pts',(99.2126758769776,94.0332041578024,1.94321103611664));
#3581=CARTESIAN_POINT('Ctrl Pts',(98.835239714335,94.0690841734015,1.83025326204253));
#3582=CARTESIAN_POINT('Ctrl Pts',(103.191302751959,89.3368708896266,2.46057552685866));
#3583=CARTESIAN_POINT('Ctrl Pts',(103.13933332362,89.6124917940271,2.55355430008294));
#3584=CARTESIAN_POINT('Ctrl Pts',(102.91171182565,90.4456776409194,2.80672342472046));
#3585=CARTESIAN_POINT('Ctrl Pts',(102.108227971806,91.8539539157207,3.06896687125457));
#3586=CARTESIAN_POINT('Ctrl Pts',(100.872381357503,92.8836846588142,3.00421599734921));
#3587=CARTESIAN_POINT('Ctrl Pts',(99.7509002355041,93.4341515365069,2.78728332107023));
#3588=CARTESIAN_POINT('Ctrl Pts',(99.1815843725458,93.6027705576708,2.63150550886868));
#3589=CARTESIAN_POINT('Ctrl Pts',(98.835239714335,93.667095017562,2.52097878120075));
#3590=CARTESIAN_POINT('',(103.191302751959,89.3368708896268,2.46057552685873));
#3591=CARTESIAN_POINT('',(99.6996999793862,89.3368708896268,-3.49101615137755));
#3592=CARTESIAN_POINT('Origin',(99.6996999793862,89.3368708896268,0.508983848622448));
#3593=CARTESIAN_POINT('Ctrl Pts',(99.6996999793862,89.3368708896267,-3.49101615137755));
#3594=CARTESIAN_POINT('Ctrl Pts',(99.6996999793862,89.4028174471305,-3.49101615137755));
#3595=CARTESIAN_POINT('Ctrl Pts',(99.6824768806451,89.598922542588,-3.49101615137755));
#3596=CARTESIAN_POINT('Ctrl Pts',(99.5510957085436,89.9111019402859,-3.49101615137755));
#3597=CARTESIAN_POINT('Ctrl Pts',(99.2966880327027,90.1095113327203,-3.49101615137755));
#3598=CARTESIAN_POINT('Ctrl Pts',(99.0481413976269,90.1943545673584,-3.49101615137755));
#3599=CARTESIAN_POINT('Ctrl Pts',(98.9168641775763,90.2099464249674,-3.49101615137755));
#3600=CARTESIAN_POINT('Ctrl Pts',(98.8352397143351,90.2099464249674,-3.49101615137755));
#3601=CARTESIAN_POINT('Ctrl Pts',(98.835239714335,93.667095017562,2.52097878120075));
#3602=CARTESIAN_POINT('Ctrl Pts',(99.1815843725458,93.6027705576708,2.63150550886868));
#3603=CARTESIAN_POINT('Ctrl Pts',(99.7509002355041,93.4341515365069,2.78728332107023));
#3604=CARTESIAN_POINT('Ctrl Pts',(100.872381357503,92.8836846588142,3.00421599734921));
#3605=CARTESIAN_POINT('Ctrl Pts',(102.108227971806,91.8539539157207,3.06896687125457));
#3606=CARTESIAN_POINT('Ctrl Pts',(102.91171182565,90.4456776409194,2.80672342472046));
#3607=CARTESIAN_POINT('Ctrl Pts',(103.13933332362,89.6124917940271,2.55355430008294));
#3608=CARTESIAN_POINT('Ctrl Pts',(103.191302751959,89.3368708896266,2.46057552685866));
#3609=CARTESIAN_POINT('Ctrl Pts',(-13.4352397143351,-17.8670950175621,2.52097878120076));
#3610=CARTESIAN_POINT('Ctrl Pts',(-13.7133659220139,-17.8154403502635,2.60973539656834));
#3611=CARTESIAN_POINT('Ctrl Pts',(-14.5616523191611,-17.5868948907429,2.85119638625155));
#3612=CARTESIAN_POINT('Ctrl Pts',(-15.9842068347154,-16.7780194986616,3.08079395932417));
#3613=CARTESIAN_POINT('Ctrl Pts',(-17.0110015269982,-15.5489107304873,2.98070553796016));
#3614=CARTESIAN_POINT('Ctrl Pts',(-17.558155933141,-14.4426553112666,2.7414649745943));
#3615=CARTESIAN_POINT('Ctrl Pts',(-17.7270040168818,-13.8778805193322,2.57561272658278));
#3616=CARTESIAN_POINT('Ctrl Pts',(-17.7913027519591,-13.5368708896268,2.46057552685873));
#3617=CARTESIAN_POINT('Ctrl Pts',(-13.4352397143351,-18.2690841734016,1.83025326204253));
#3618=CARTESIAN_POINT('Ctrl Pts',(-13.7381587631103,-18.2401020518756,1.92104321959432));
#3619=CARTESIAN_POINT('Ctrl Pts',(-14.6749790827326,-18.0719292320114,2.17139092913802));
#3620=CARTESIAN_POINT('Ctrl Pts',(-16.3384294249951,-17.2405883009915,2.42007386756614));
#3621=CARTESIAN_POINT('Ctrl Pts',(-17.4859526065048,-15.7983622899403,2.31083809321498));
#3622=CARTESIAN_POINT('Ctrl Pts',(-18.0109028593409,-14.5333923166528,2.05726518743112));
#3623=CARTESIAN_POINT('Ctrl Pts',(-18.142638813158,-13.9066997800011,1.88577446351776));
#3624=CARTESIAN_POINT('Ctrl Pts',(-18.1779922978903,-13.5368708896268,1.76874725880697));
#3625=CARTESIAN_POINT('Ctrl Pts',(-13.4352397143351,-18.6459096192387,0.200638628773176));
#3626=CARTESIAN_POINT('Ctrl Pts',(-13.7612695456932,-18.6577863544573,0.277757788390243));
#3627=CARTESIAN_POINT('Ctrl Pts',(-14.789443808743,-18.605509641703,0.494289918879414));
#3628=CARTESIAN_POINT('Ctrl Pts',(-16.7599110820674,-17.7968443550665,0.721540199631669));
#3629=CARTESIAN_POINT('Ctrl Pts',(-18.0369794062651,-16.0809150874746,0.620672853640453));
#3630=CARTESIAN_POINT('Ctrl Pts',(-18.4846022701457,-14.6255382415829,0.395126849183837));
#3631=CARTESIAN_POINT('Ctrl Pts',(-18.5437171921599,-13.9325823147892,0.247157589827207));
#3632=CARTESIAN_POINT('Ctrl Pts',(-18.5273309155855,-13.5368708896268,0.148474537936055));
#3633=CARTESIAN_POINT('Ctrl Pts',(-13.4352397143351,-17.8852989169111,-1.74270765735388));
#3634=CARTESIAN_POINT('Ctrl Pts',(-13.7145584417168,-17.9155776495765,-1.70250414950301));
#3635=CARTESIAN_POINT('Ctrl Pts',(-14.6020228126791,-17.9321973824967,-1.58870387661566));
#3636=CARTESIAN_POINT('Ctrl Pts',(-16.3599474243466,-17.2901071080603,-1.46626449865081));
#3637=CARTESIAN_POINT('Ctrl Pts',(-17.4594876052317,-15.7588070176909,-1.52083990448351));
#3638=CARTESIAN_POINT('Ctrl Pts',(-17.7826206416669,-14.4757958689357,-1.640922805302));
#3639=CARTESIAN_POINT('Ctrl Pts',(-17.7937183210786,-13.8752309098845,-1.71858187405588));
#3640=CARTESIAN_POINT('Ctrl Pts',(-17.7544894095496,-13.5368708896268,-1.76985264490463));
#3641=CARTESIAN_POINT('Ctrl Pts',(-13.4352397143351,-16.4040777489991,-3.11946865932583));
#3642=CARTESIAN_POINT('Ctrl Pts',(-13.6233568985707,-16.4282560740016,-3.11008047185987));
#3643=CARTESIAN_POINT('Ctrl Pts',(-14.2193150901633,-16.4508213335435,-3.08332646094393));
#3644=CARTESIAN_POINT('Ctrl Pts',(-15.3884865903835,-16.0402901062805,-3.05394342171273));
#3645=CARTESIAN_POINT('Ctrl Pts',(-16.1078501183581,-15.0259827972344,-3.06707861306405));
#3646=CARTESIAN_POINT('Ctrl Pts',(-16.3086735171749,-14.1692607835256,-3.09561973233824));
#3647=CARTESIAN_POINT('Ctrl Pts',(-16.3084653631607,-13.7653466672035,-3.11384788296993));
#3648=CARTESIAN_POINT('Ctrl Pts',(-16.277426402485,-13.5368708896268,-3.1257854518992));
#3649=CARTESIAN_POINT('Ctrl Pts',(-13.4352397143351,-15.2091316501993,-3.49101615137755));
#3650=CARTESIAN_POINT('Ctrl Pts',(-13.5500447228665,-15.2190217406293,-3.49117113585635));
#3651=CARTESIAN_POINT('Ctrl Pts',(-13.9066738350685,-15.2185409938231,-3.4915720812318));
#3652=CARTESIAN_POINT('Ctrl Pts',(-14.5624477931129,-14.9735358068416,-3.49205862358669));
#3653=CARTESIAN_POINT('Ctrl Pts',(-14.9671391449566,-14.4119797945453,-3.49189466045214));
#3654=CARTESIAN_POINT('Ctrl Pts',(-15.0966271549332,-13.9184461039381,-3.49141210091577));
#3655=CARTESIAN_POINT('Ctrl Pts',(-15.1049502067504,-13.677483179514,-3.49121115055453));
#3656=CARTESIAN_POINT('Ctrl Pts',(-15.0922623790798,-13.5368708896268,-3.49101615137755));
#3657=CARTESIAN_POINT('Ctrl Pts',(-13.4352397143351,-14.4099464249674,-3.49101615137755));
#3658=CARTESIAN_POINT('Ctrl Pts',(-13.5007868561111,-14.4099464249674,-3.49101615137755));
#3659=CARTESIAN_POINT('Ctrl Pts',(-13.697436510606,-14.3923424766315,-3.49101615137756));
#3660=CARTESIAN_POINT('Ctrl Pts',(-14.0076136044113,-14.2572916850767,-3.49101615137755));
#3661=CARTESIAN_POINT('Ctrl Pts',(-14.2017838857987,-13.9998200187347,-3.49101615137755));
#3662=CARTESIAN_POINT('Ctrl Pts',(-14.2844706083715,-13.7507222405258,-3.49101615137755));
#3663=CARTESIAN_POINT('Ctrl Pts',(-14.2996999793862,-13.6184627093895,-3.49101615137755));
#3664=CARTESIAN_POINT('Ctrl Pts',(-14.2996999793862,-13.5368708896268,-3.49101615137755));
#3665=CARTESIAN_POINT('',(-13.4352397143351,-14.4099464249674,-3.49101615137755));
#3666=CARTESIAN_POINT('',(-13.4352397143351,-17.8670950175621,2.52097878120076));
#3667=CARTESIAN_POINT('Origin',(-13.4352397143351,-14.4099464249674,0.508983848622448));
#3668=CARTESIAN_POINT('Ctrl Pts',(-13.4352397143351,-17.8670950175621,2.52097878120076));
#3669=CARTESIAN_POINT('Ctrl Pts',(-13.7133659220139,-17.8154403502635,2.60973539656834));
#3670=CARTESIAN_POINT('Ctrl Pts',(-14.5616523191611,-17.5868948907429,2.85119638625155));
#3671=CARTESIAN_POINT('Ctrl Pts',(-15.9842068347154,-16.7780194986616,3.08079395932417));
#3672=CARTESIAN_POINT('Ctrl Pts',(-17.0110015269982,-15.5489107304873,2.98070553796016));
#3673=CARTESIAN_POINT('Ctrl Pts',(-17.558155933141,-14.4426553112666,2.7414649745943));
#3674=CARTESIAN_POINT('Ctrl Pts',(-17.7270040168818,-13.8778805193322,2.57561272658278));
#3675=CARTESIAN_POINT('Ctrl Pts',(-17.7913027519591,-13.5368708896268,2.46057552685873));
#3676=CARTESIAN_POINT('Ctrl Pts',(-14.2996999793862,-13.5368708896268,-3.49101615137755));
#3677=CARTESIAN_POINT('Ctrl Pts',(-14.2996999793862,-13.6184627093895,-3.49101615137755));
#3678=CARTESIAN_POINT('Ctrl Pts',(-14.2844706083715,-13.7507222405258,-3.49101615137755));
#3679=CARTESIAN_POINT('Ctrl Pts',(-14.2017838857987,-13.9998200187347,-3.49101615137755));
#3680=CARTESIAN_POINT('Ctrl Pts',(-14.0076136044113,-14.2572916850767,-3.49101615137755));
#3681=CARTESIAN_POINT('Ctrl Pts',(-13.697436510606,-14.3923424766315,-3.49101615137756));
#3682=CARTESIAN_POINT('Ctrl Pts',(-13.5007868561111,-14.4099464249674,-3.49101615137755));
#3683=CARTESIAN_POINT('Ctrl Pts',(-13.4352397143351,-14.4099464249674,-3.49101615137755));
#3684=CARTESIAN_POINT('Origin',(99.6996999793862,-2.9515,0.508983848622448));
#3685=CARTESIAN_POINT('',(103.191302751959,-13.5368708896268,2.46057552685873));
#3686=CARTESIAN_POINT('',(99.6996999793862,-13.5368708896268,-3.49101615137755));
#3687=CARTESIAN_POINT('Origin',(99.6996999793862,-13.5368708896268,0.508983848622448));
#3688=CARTESIAN_POINT('',(99.6996999793862,-2.9515,-3.49101615137755));
#3689=CARTESIAN_POINT('',(103.191302751959,-2.9515,2.46057552685874));
#3690=CARTESIAN_POINT('Origin',(42.7,-14.4099464249674,0.508983848622448));
#3691=CARTESIAN_POINT('',(98.8352397143351,-14.4099464249674,-3.49101615137755));
#3692=CARTESIAN_POINT('',(98.8352397143351,-17.8670950175621,2.52097878120077));
#3693=CARTESIAN_POINT('Origin',(98.8352397143351,-14.4099464249674,0.508983848622448));
#3694=CARTESIAN_POINT('',(42.7,-17.8670950175621,2.52097878120077));
#3695=CARTESIAN_POINT('',(42.7,-14.4099464249674,-3.49101615137755));
#3696=CARTESIAN_POINT('Ctrl Pts',(98.8352397143351,-14.4099464249674,-3.49101615137755));
#3697=CARTESIAN_POINT('Ctrl Pts',(98.9011909880979,-14.4099464249674,-3.49101615137755));
#3698=CARTESIAN_POINT('Ctrl Pts',(99.0975625777855,-14.3922210571081,-3.49101615137755));
#3699=CARTESIAN_POINT('Ctrl Pts',(99.4081931814578,-14.2567228786829,-3.49101615137755));
#3700=CARTESIAN_POINT('Ctrl Pts',(99.6021518603215,-13.9989747253992,-3.49101615137755));
#3701=CARTESIAN_POINT('Ctrl Pts',(99.6845869450395,-13.7498250923994,-3.49101615137755));
#3702=CARTESIAN_POINT('Ctrl Pts',(99.6996999793862,-13.6184977737374,-3.49101615137755));
#3703=CARTESIAN_POINT('Ctrl Pts',(99.6996999793862,-13.5368708896268,-3.49101615137755));
#3704=CARTESIAN_POINT('Ctrl Pts',(98.835239714335,-15.2091316501993,-3.49101615137755));
#3705=CARTESIAN_POINT('Ctrl Pts',(98.9505323641888,-15.2188830854395,-3.49114997419876));
#3706=CARTESIAN_POINT('Ctrl Pts',(99.3070112075225,-15.2166967589287,-3.49154945841297));
#3707=CARTESIAN_POINT('Ctrl Pts',(99.9619444674838,-14.9704710283228,-3.49206663970688));
#3708=CARTESIAN_POINT('Ctrl Pts',(100.366153487042,-14.4089786294296,-3.49186774377803));
#3709=CARTESIAN_POINT('Ctrl Pts',(100.49547394782,-13.9168014467102,-3.49140611675698));
#3710=CARTESIAN_POINT('Ctrl Pts',(100.504707939121,-13.6772889182968,-3.49118098303192));
#3711=CARTESIAN_POINT('Ctrl Pts',(100.49226237908,-13.5368708896268,-3.49101615137755));
#3712=CARTESIAN_POINT('Ctrl Pts',(98.835239714335,-16.8068481862196,-2.99685741285528));
#3713=CARTESIAN_POINT('Ctrl Pts',(99.0495495833552,-16.8363723244125,-2.98428341950468));
#3714=CARTESIAN_POINT('Ctrl Pts',(99.726130740088,-16.8672042180906,-2.9487107966883));
#3715=CARTESIAN_POINT('Ctrl Pts',(101.071745555903,-16.4002810809243,-2.90947407995022));
#3716=CARTESIAN_POINT('Ctrl Pts',(101.896135324563,-15.2305132743423,-2.92715124860364));
#3717=CARTESIAN_POINT('Ctrl Pts',(102.118579046281,-14.2505909868297,-2.9652697833944));
#3718=CARTESIAN_POINT('Ctrl Pts',(102.114441567561,-13.7952596769914,-2.98938444912865));
#3719=CARTESIAN_POINT('Ctrl Pts',(102.07676758941,-13.5368708896268,-3.00527710330362));
#3720=CARTESIAN_POINT('Ctrl Pts',(98.835239714335,-18.1043425767611,-1.36212933193451));
#3721=CARTESIAN_POINT('Ctrl Pts',(99.1298341134794,-18.1330732874673,-1.31335512676187));
#3722=CARTESIAN_POINT('Ctrl Pts',(100.059212975436,-18.1393069092244,-1.17655630696037));
#3723=CARTESIAN_POINT('Ctrl Pts',(101.894874665914,-17.4549110870874,-1.02953296039918));
#3724=CARTESIAN_POINT('Ctrl Pts',(103.046977085647,-15.855297032129,-1.09549290767485));
#3725=CARTESIAN_POINT('Ctrl Pts',(103.393991747285,-14.5157699421145,-1.24011226425571));
#3726=CARTESIAN_POINT('Ctrl Pts',(103.411836001419,-13.8917436762296,-1.33300354758474));
#3727=CARTESIAN_POINT('Ctrl Pts',(103.374665739486,-13.5368708896268,-1.39487481040564));
#3728=CARTESIAN_POINT('Ctrl Pts',(98.835239714335,-18.5487471563705,0.610674085386903));
#3729=CARTESIAN_POINT('Ctrl Pts',(99.1572028576795,-18.5501726419755,0.69179658123194));
#3730=CARTESIAN_POINT('Ctrl Pts',(100.161368808557,-18.466821914349,0.916558219628896));
#3731=CARTESIAN_POINT('Ctrl Pts',(102.054867503587,-17.6500097587595,1.14939132934081));
#3732=CARTESIAN_POINT('Ctrl Pts',(103.297318195882,-16.0026752975657,1.04561411970241));
#3733=CARTESIAN_POINT('Ctrl Pts',(103.762902793189,-14.5971161951233,0.812468138093477));
#3734=CARTESIAN_POINT('Ctrl Pts',(103.840307132777,-13.9259745377864,0.659534720134518));
#3735=CARTESIAN_POINT('Ctrl Pts',(103.837160006874,-13.5368708896268,0.55610731062664));
#3736=CARTESIAN_POINT('Ctrl Pts',(98.835239714335,-18.2690841734016,1.83025326204252));
#3737=CARTESIAN_POINT('Ctrl Pts',(99.1402067778712,-18.240097905328,1.92151996714285));
#3738=CARTESIAN_POINT('Ctrl Pts',(100.07621905465,-18.0723156110133,2.17114182257267));
#3739=CARTESIAN_POINT('Ctrl Pts',(101.743339857898,-17.2391322628642,2.41960875221877));
#3740=CARTESIAN_POINT('Ctrl Pts',(102.889831464823,-15.7948223091338,2.30968081656086));
#3741=CARTESIAN_POINT('Ctrl Pts',(103.412926984724,-14.5290817887273,2.05593067731207));
#3742=CARTESIAN_POINT('Ctrl Pts',(103.542839456619,-13.9070668074178,1.88571944995289));
#3743=CARTESIAN_POINT('Ctrl Pts',(103.57799229789,-13.5368708896268,1.76874725880695));
#3744=CARTESIAN_POINT('Ctrl Pts',(98.835239714335,-17.8670950175621,2.52097878120075));
#3745=CARTESIAN_POINT('Ctrl Pts',(99.1150807137476,-17.8151218725578,2.6102826269485));
#3746=CARTESIAN_POINT('Ctrl Pts',(99.9622829259357,-17.5862880751692,2.85119590162472));
#3747=CARTESIAN_POINT('Ctrl Pts',(101.387114315741,-16.7751854580759,3.08077679144023));
#3748=CARTESIAN_POINT('Ctrl Pts',(102.413229033807,-15.5450878783358,2.98001201961694));
#3749=CARTESIAN_POINT('Ctrl Pts',(102.959356567709,-14.4388140383071,2.74035760574812));
#3750=CARTESIAN_POINT('Ctrl Pts',(103.126976384293,-13.8780270693208,2.57566216419055));
#3751=CARTESIAN_POINT('Ctrl Pts',(103.191302751959,-13.5368708896268,2.46057552685871));
#3752=CARTESIAN_POINT('Ctrl Pts',(98.8352397143351,-14.4099464249674,-3.49101615137755));
#3753=CARTESIAN_POINT('Ctrl Pts',(98.9011909880979,-14.4099464249674,-3.49101615137755));
#3754=CARTESIAN_POINT('Ctrl Pts',(99.0975625777855,-14.3922210571081,-3.49101615137755));
#3755=CARTESIAN_POINT('Ctrl Pts',(99.4081931814578,-14.2567228786829,-3.49101615137755));
#3756=CARTESIAN_POINT('Ctrl Pts',(99.6021518603215,-13.9989747253992,-3.49101615137755));
#3757=CARTESIAN_POINT('Ctrl Pts',(99.6845869450395,-13.7498250923994,-3.49101615137755));
#3758=CARTESIAN_POINT('Ctrl Pts',(99.6996999793862,-13.6184977737374,-3.49101615137755));
#3759=CARTESIAN_POINT('Ctrl Pts',(99.6996999793862,-13.5368708896268,-3.49101615137755));
#3760=CARTESIAN_POINT('Ctrl Pts',(103.191302751959,-13.5368708896268,2.46057552685871));
#3761=CARTESIAN_POINT('Ctrl Pts',(103.126976384293,-13.8780270693208,2.57566216419055));
#3762=CARTESIAN_POINT('Ctrl Pts',(102.959356567709,-14.4388140383071,2.74035760574812));
#3763=CARTESIAN_POINT('Ctrl Pts',(102.413229033807,-15.5450878783358,2.98001201961694));
#3764=CARTESIAN_POINT('Ctrl Pts',(101.387114315741,-16.7751854580759,3.08077679144023));
#3765=CARTESIAN_POINT('Ctrl Pts',(99.9622829259357,-17.5862880751692,2.85119590162472));
#3766=CARTESIAN_POINT('Ctrl Pts',(99.1150807137476,-17.8151218725578,2.6102826269485));
#3767=CARTESIAN_POINT('Ctrl Pts',(98.835239714335,-17.8670950175621,2.52097878120075));
#3768=CARTESIAN_POINT('Origin',(88.8325,-2.9515,28.1499838486224));
#3769=CARTESIAN_POINT('',(81.6442441181964,66.9015285047333,41.0105296517033));
#3770=CARTESIAN_POINT('',(88.8325,37.9,28.1499838486224));
#3771=CARTESIAN_POINT('',(80.9636664904913,9.60710613336706,42.2281546079614));
#3772=CARTESIAN_POINT('Origin',(77.2797406524802,66.9015285047333,38.5710400539079));
#3773=CARTESIAN_POINT('',(77.2797406524802,71.2229642454766,41.0860337196308));
#3774=CARTESIAN_POINT('Origin',(88.8325,78.7515,28.1499838486224));
#3775=CARTESIAN_POINT('',(8.80083697522485,70.5143296073763,42.3036586758889));
#3776=CARTESIAN_POINT('',(65.76625,78.7515,28.1499838486224));
#3777=CARTESIAN_POINT('',(75.9500022863518,80.611421044688,24.9541391087252));
#3778=CARTESIAN_POINT('',(13.4500022863538,80.6114130137344,24.9541529080642));
#3779=CARTESIAN_POINT('',(66.7662506708761,80.6114198646195,24.9541411364004));
#3780=CARTESIAN_POINT('',(13.4499977136482,89.6149846538203,9.48335140460502));
#3781=CARTESIAN_POINT('',(13.4500016154632,81.9323995237351,22.6843426913788));
#3782=CARTESIAN_POINT('',(75.9499977136462,89.614992684774,9.48333760526602));
#3783=CARTESIAN_POINT('',(82.39124609817,89.6150992156343,9.48339770035915));
#3784=CARTESIAN_POINT('',(75.9500016154612,81.9324075546888,22.6843288920397));
#3785=CARTESIAN_POINT('Origin',(8.80083697522485,66.192893866633,39.7886650101661));
#3786=CARTESIAN_POINT('Origin',(42.7,37.9,-3.49101615137755));
#3787=CARTESIAN_POINT('Origin',(42.7,78.7515,29.1499838486224));
#3788=CARTESIAN_POINT('Origin',(88.8325,37.9,29.1499838486224));
#3789=CARTESIAN_POINT('Origin',(8.12025934751977,8.89847149526677,38.5710400539079));
#3790=CARTESIAN_POINT('',(8.12025934751977,4.57703575452346,41.0860337196308));
#3791=CARTESIAN_POINT('Origin',(76.5991630247752,9.60710613336706,39.788665010166));
#3792=CARTESIAN_POINT('',(76.5991630247752,5.28567039262375,42.3036586758889));
#3793=CARTESIAN_POINT('Origin',(63.5,-5.,17.));
#3794=CARTESIAN_POINT('',(71.5,-9.44057919370673,17.));
#3795=CARTESIAN_POINT('',(71.5,-5.,17.));
#3796=CARTESIAN_POINT('',(55.5,-9.44057919370673,17.));
#3797=CARTESIAN_POINT('',(30.03375,-9.44057919370674,17.));
#3798=CARTESIAN_POINT('',(55.5,-5.,17.));
#3799=CARTESIAN_POINT('Origin',(55.5,-5.,16.));
#3800=CARTESIAN_POINT('',(55.5,-10.6045412732587,15.));
#3801=CARTESIAN_POINT('',(55.5,-5.85165684619811,23.1667341411845));
#3802=CARTESIAN_POINT('',(55.5,-5.,15.));
#3803=CARTESIAN_POINT('Origin',(63.5,-5.,15.));
#3804=CARTESIAN_POINT('',(71.5,-10.6045412732587,15.));
#3805=CARTESIAN_POINT('',(30.03375,-10.6045412732587,15.));
#3806=CARTESIAN_POINT('',(71.5,-5.,15.));
#3807=CARTESIAN_POINT('Origin',(71.5,-5.,16.));
#3808=CARTESIAN_POINT('',(71.5,-5.85165684619811,23.1667341411845));
#3809=CARTESIAN_POINT('Origin',(63.5,-5.,21.));
#3810=CARTESIAN_POINT('',(71.5,-7.11265503460279,21.));
#3811=CARTESIAN_POINT('',(71.5,-5.,21.));
#3812=CARTESIAN_POINT('',(55.5,-7.11265503460279,21.));
#3813=CARTESIAN_POINT('',(30.03375,-7.11265503460279,21.));
#3814=CARTESIAN_POINT('',(55.5,-5.,21.));
#3815=CARTESIAN_POINT('Origin',(55.5,-5.,20.));
#3816=CARTESIAN_POINT('',(55.5,-8.27661711415476,19.));
#3817=CARTESIAN_POINT('',(55.5,-4.98218616501428,24.6607186900944));
#3818=CARTESIAN_POINT('',(55.5,-5.,19.));
#3819=CARTESIAN_POINT('Origin',(63.5,-5.,19.));
#3820=CARTESIAN_POINT('',(71.5,-8.27661711415476,19.));
#3821=CARTESIAN_POINT('',(30.03375,-8.27661711415476,19.));
#3822=CARTESIAN_POINT('',(71.5,-5.,19.));
#3823=CARTESIAN_POINT('Origin',(71.5,-5.,20.));
#3824=CARTESIAN_POINT('',(71.5,-4.98218616501428,24.6607186900944));
#3825=CARTESIAN_POINT('Origin',(63.5,-5.,25.));
#3826=CARTESIAN_POINT('',(71.5,-4.78473087549885,25.));
#3827=CARTESIAN_POINT('',(71.5,-5.,25.));
#3828=CARTESIAN_POINT('',(55.5,-4.78473087549885,25.));
#3829=CARTESIAN_POINT('',(30.03375,-4.78473087549885,25.));
#3830=CARTESIAN_POINT('',(55.5,-5.,25.));
#3831=CARTESIAN_POINT('Origin',(55.5,-5.,24.));
#3832=CARTESIAN_POINT('',(55.5,-5.94869295505082,23.));
#3833=CARTESIAN_POINT('',(55.5,-4.11271548383044,26.1547032390043));
#3834=CARTESIAN_POINT('',(55.5,-5.,23.));
#3835=CARTESIAN_POINT('Origin',(63.5,-5.,23.));
#3836=CARTESIAN_POINT('',(71.5,-5.94869295505082,23.));
#3837=CARTESIAN_POINT('',(30.03375,-5.94869295505082,23.));
#3838=CARTESIAN_POINT('',(71.5,-5.,23.));
#3839=CARTESIAN_POINT('Origin',(71.5,-5.,24.));
#3840=CARTESIAN_POINT('',(71.5,-4.11271548383044,26.1547032390043));
#3841=CARTESIAN_POINT('Origin',(11.022216,59.586006,12.3));
#3842=CARTESIAN_POINT('',(16.022216,59.586006,-0.49101615137755));
#3843=CARTESIAN_POINT('',(6.022216,59.586006,-0.49101615137755));
#3844=CARTESIAN_POINT('',(26.861108,59.586006,-0.49101615137755));
#3845=CARTESIAN_POINT('',(16.022216,59.586006,25.));
#3846=CARTESIAN_POINT('',(16.022216,59.586006,12.3));
#3847=CARTESIAN_POINT('',(6.022216,59.586006,25.));
#3848=CARTESIAN_POINT('',(11.022216,59.586006,25.));
#3849=CARTESIAN_POINT('',(6.022216,59.586006,12.3));
#3850=CARTESIAN_POINT('Origin',(16.022216,64.586006,12.3));
#3851=CARTESIAN_POINT('',(16.022216,69.586006,-0.49101615137755));
#3852=CARTESIAN_POINT('',(16.022216,51.243003,-0.49101615137755));
#3853=CARTESIAN_POINT('',(16.022216,69.586006,25.));
#3854=CARTESIAN_POINT('',(16.022216,69.586006,12.3));
#3855=CARTESIAN_POINT('',(16.022216,64.586006,25.));
#3856=CARTESIAN_POINT('Origin',(11.022216,64.586006,23.));
#3857=CARTESIAN_POINT('',(8.522216,64.586006,21.));
#3858=CARTESIAN_POINT('Origin',(11.022216,64.586006,21.));
#3859=CARTESIAN_POINT('',(8.522216,64.586006,25.));
#3860=CARTESIAN_POINT('',(8.522216,64.586006,23.));
#3861=CARTESIAN_POINT('Origin',(11.022216,64.586006,25.));
#3862=CARTESIAN_POINT('Origin',(11.022216,64.586006,21.));
#3863=CARTESIAN_POINT('',(9.522216,64.586006,21.));
#3864=CARTESIAN_POINT('Origin',(11.022216,64.586006,21.));
#3865=CARTESIAN_POINT('Origin',(11.022216,64.586006,18.51));
#3866=CARTESIAN_POINT('',(9.52221600000001,64.586006,18.51));
#3867=CARTESIAN_POINT('Origin',(11.022216,64.586006,18.51));
#3868=CARTESIAN_POINT('Origin',(11.022216,64.586006,12.51));
#3869=CARTESIAN_POINT('',(9.522216,64.586006,12.51));
#3870=CARTESIAN_POINT('Origin',(11.022216,64.586006,25.));
#3871=CARTESIAN_POINT('',(6.022216,69.586006,25.));
#3872=CARTESIAN_POINT('',(11.022216,69.586006,25.));
#3873=CARTESIAN_POINT('',(6.022216,64.586006,25.));
#3874=CARTESIAN_POINT('Origin',(6.022216,64.586006,12.3));
#3875=CARTESIAN_POINT('',(6.022216,69.586006,-0.49101615137755));
#3876=CARTESIAN_POINT('',(6.022216,51.243003,-0.49101615137755));
#3877=CARTESIAN_POINT('',(6.022216,69.586006,12.3));
#3878=CARTESIAN_POINT('Origin',(11.022216,69.586006,12.3));
#3879=CARTESIAN_POINT('',(26.861108,69.586006,-0.49101615137755));
#3880=CARTESIAN_POINT('Origin',(79.1,11.,12.3));
#3881=CARTESIAN_POINT('',(79.1,7.00000000000003,-0.49101615137755));
#3882=CARTESIAN_POINT('',(79.1,7.00000000000003,25.));
#3883=CARTESIAN_POINT('',(79.1,7.00000000000003,14.5647419243112));
#3884=CARTESIAN_POINT('',(79.1,16.,-0.49101615137755));
#3885=CARTESIAN_POINT('',(79.1,24.45,-0.49101615137755));
#3886=CARTESIAN_POINT('',(79.1,16.,25.));
#3887=CARTESIAN_POINT('',(79.1,16.,12.3));
#3888=CARTESIAN_POINT('',(79.1,11.,25.));
#3889=CARTESIAN_POINT('Origin',(74.1,16.,12.3));
#3890=CARTESIAN_POINT('',(69.1,16.,-0.49101615137755));
#3891=CARTESIAN_POINT('',(58.4,16.,-0.49101615137755));
#3892=CARTESIAN_POINT('',(69.1,16.,25.));
#3893=CARTESIAN_POINT('',(69.1,16.,12.3));
#3894=CARTESIAN_POINT('',(74.1,16.,25.));
#3895=CARTESIAN_POINT('Origin',(69.1,11.,12.3));
#3896=CARTESIAN_POINT('',(69.1,6.00000000000001,-0.49101615137755));
#3897=CARTESIAN_POINT('',(69.1,24.45,-0.49101615137755));
#3898=CARTESIAN_POINT('',(69.1,6.00000000000001,25.));
#3899=CARTESIAN_POINT('',(69.1,6.00000000000001,12.3));
#3900=CARTESIAN_POINT('',(69.1,11.,25.));
#3901=CARTESIAN_POINT('Origin',(74.1,11.,18.503));
#3902=CARTESIAN_POINT('',(72.6,11.,18.503));
#3903=CARTESIAN_POINT('Origin',(74.1,11.,18.503));
#3904=CARTESIAN_POINT('Origin',(74.1,11.,12.503));
#3905=CARTESIAN_POINT('',(72.6,11.,21.));
#3906=CARTESIAN_POINT('',(72.6,11.,12.503));
#3907=CARTESIAN_POINT('Origin',(74.1,11.,21.));
#3908=CARTESIAN_POINT('Origin',(74.1,11.,23.));
#3909=CARTESIAN_POINT('',(71.6,11.,21.));
#3910=CARTESIAN_POINT('Origin',(74.1,11.,21.));
#3911=CARTESIAN_POINT('',(71.6,11.,25.));
#3912=CARTESIAN_POINT('',(71.6,11.,23.));
#3913=CARTESIAN_POINT('Origin',(74.1,11.,25.));
#3914=CARTESIAN_POINT('Origin',(74.1,11.,21.));
#3915=CARTESIAN_POINT('Origin',(74.1,11.,25.));
#3916=CARTESIAN_POINT('',(78.4,7.00000000000003,25.));
#3917=CARTESIAN_POINT('',(58.4,7.00000000000003,25.));
#3918=CARTESIAN_POINT('',(78.4,6.00000000000001,25.));
#3919=CARTESIAN_POINT('',(74.1,6.00000000000001,25.));
#3920=CARTESIAN_POINT('',(78.4,24.45,25.));
#3921=CARTESIAN_POINT('Origin',(74.1,6.00000000000001,12.3));
#3922=CARTESIAN_POINT('',(78.4,6.00000000000001,-0.49101615137755));
#3923=CARTESIAN_POINT('',(78.4,6.00000000000001,14.5647419243112));
#3924=CARTESIAN_POINT('',(58.4,6.00000000000001,-0.49101615137755));
#3925=CARTESIAN_POINT('Origin',(42.7,7.00000000000003,16.8294838486225));
#3926=CARTESIAN_POINT('',(101.666487855779,7.00000000000003,-0.491016151377549));
#3927=CARTESIAN_POINT('',(84.8748431012149,7.00000000000003,28.359918174286));
#3928=CARTESIAN_POINT('',(42.7,7.00000000000003,-0.49101615137755));
#3929=CARTESIAN_POINT('',(78.4,7.00000000000003,16.8294838486225));
#3930=CARTESIAN_POINT('Origin',(78.4,37.9,16.8294838486225));
#3931=CARTESIAN_POINT('',(78.4,37.9,-0.49101615137755));
#3932=CARTESIAN_POINT('Origin',(11.,5.90000000000002,12.3));
#3933=CARTESIAN_POINT('',(16.,5.90000000000002,-0.49101615137755));
#3934=CARTESIAN_POINT('',(26.85,5.90000000000002,-0.49101615137755));
#3935=CARTESIAN_POINT('',(16.,5.90000000000002,25.));
#3936=CARTESIAN_POINT('',(16.,5.90000000000002,12.3));
#3937=CARTESIAN_POINT('',(11.,5.90000000000002,25.));
#3938=CARTESIAN_POINT('Origin',(16.,10.9,12.3));
#3939=CARTESIAN_POINT('',(16.,15.9,-0.49101615137755));
#3940=CARTESIAN_POINT('',(16.,24.4,-0.49101615137755));
#3941=CARTESIAN_POINT('',(16.,15.9,25.));
#3942=CARTESIAN_POINT('',(16.,15.9,12.3));
#3943=CARTESIAN_POINT('',(16.,10.9,25.));
#3944=CARTESIAN_POINT('Origin',(11.,15.9,12.3));
#3945=CARTESIAN_POINT('',(6.00000000000001,15.9,-0.49101615137755));
#3946=CARTESIAN_POINT('',(26.85,15.9,-0.49101615137755));
#3947=CARTESIAN_POINT('',(6.00000000000001,15.9,25.));
#3948=CARTESIAN_POINT('',(6.00000000000001,15.9,12.3));
#3949=CARTESIAN_POINT('',(11.,15.9,25.));
#3950=CARTESIAN_POINT('Origin',(11.,10.9,18.503));
#3951=CARTESIAN_POINT('',(9.50000000000001,10.9,18.503));
#3952=CARTESIAN_POINT('Origin',(11.,10.9,18.503));
#3953=CARTESIAN_POINT('Origin',(11.,10.9,12.503));
#3954=CARTESIAN_POINT('',(9.50000000000001,10.9,21.));
#3955=CARTESIAN_POINT('',(9.50000000000001,10.9,12.503));
#3956=CARTESIAN_POINT('Origin',(11.,10.9,21.));
#3957=CARTESIAN_POINT('Origin',(11.,10.9,23.));
#3958=CARTESIAN_POINT('',(8.50000000000001,10.9,21.));
#3959=CARTESIAN_POINT('Origin',(11.,10.9,21.));
#3960=CARTESIAN_POINT('',(8.50000000000001,10.9,25.));
#3961=CARTESIAN_POINT('',(8.50000000000001,10.9,23.));
#3962=CARTESIAN_POINT('Origin',(11.,10.9,25.));
#3963=CARTESIAN_POINT('Origin',(11.,10.9,21.));
#3964=CARTESIAN_POINT('Origin',(11.,10.9,25.));
#3965=CARTESIAN_POINT('',(6.00000000000001,7.00000000000003,25.));
#3966=CARTESIAN_POINT('',(6.00000000000001,10.9,25.));
#3967=CARTESIAN_POINT('',(26.85,7.00000000000003,25.));
#3968=CARTESIAN_POINT('Origin',(6.00000000000001,10.9,12.3));
#3969=CARTESIAN_POINT('',(6.00000000000001,7.00000000000003,-0.49101615137755));
#3970=CARTESIAN_POINT('',(6.00000000000001,7.00000000000003,14.5647419243112));
#3971=CARTESIAN_POINT('',(6.00000000000001,24.4,-0.49101615137755));
#3972=CARTESIAN_POINT('Origin',(42.7,7.00000000000003,16.8294838486225));
#3973=CARTESIAN_POINT('',(-16.2664878557788,7.00000000000003,-0.49101615137755));
#3974=CARTESIAN_POINT('',(42.7,7.00000000000003,-0.49101615137755));
#3975=CARTESIAN_POINT('',(0.525156898785148,7.00000000000003,28.359918174286));
#3976=CARTESIAN_POINT('Origin',(1.025,1.364,16.15));
#3977=CARTESIAN_POINT('',(-0.474999999999997,1.364,16.15));
#3978=CARTESIAN_POINT('Origin',(84.175,74.05,16.15));
#3979=CARTESIAN_POINT('',(82.675,74.05,16.15));
#3980=CARTESIAN_POINT('Origin',(84.175,1.364,16.15));
#3981=CARTESIAN_POINT('',(82.675,1.364,16.15));
#3982=CARTESIAN_POINT('Origin',(1.025,74.05,16.15));
#3983=CARTESIAN_POINT('',(-0.474999999999997,74.05,16.15));
#3984=CARTESIAN_POINT('Origin',(1.025,1.364,28.15));
#3985=CARTESIAN_POINT('',(-1.475,1.364,28.15));
#3986=CARTESIAN_POINT('Origin',(1.025,74.05,28.15));
#3987=CARTESIAN_POINT('',(-1.475,74.05,28.15));
#3988=CARTESIAN_POINT('Origin',(84.175,74.05,28.15));
#3989=CARTESIAN_POINT('',(81.675,74.05,28.15));
#3990=CARTESIAN_POINT('Origin',(84.175,1.364,28.15));
#3991=CARTESIAN_POINT('',(81.675,1.364,28.15));
#3992=CARTESIAN_POINT('Origin',(42.7,37.9,-0.49101615137755));
#3993=CARTESIAN_POINT('',(79.89,68.8,-0.491016151377548));
#3994=CARTESIAN_POINT('',(79.89,85.860068801021,-0.491016151377548));
#3995=CARTESIAN_POINT('',(79.89,37.9,-0.49101615137755));
#3996=CARTESIAN_POINT('',(42.7,85.860068801021,-0.49101615137755));
#3997=CARTESIAN_POINT('',(-16.2664878557788,37.9,-0.491016151377549));
#3998=CARTESIAN_POINT('',(101.666487855779,68.8,-0.491016151377549));
#3999=CARTESIAN_POINT('',(101.666487855779,37.9,-0.491016151377549));
#4000=CARTESIAN_POINT('',(42.7,68.8,-0.49101615137755));
#4001=CARTESIAN_POINT('Origin',(42.7,76.168923799466,16.1600381120442));
#4002=CARTESIAN_POINT('',(79.89000464071,83.5285188119989,3.51498782223537));
#4003=CARTESIAN_POINT('',(79.89,71.1818288446356,24.7287251656787));
#4004=CARTESIAN_POINT('',(75.91000464071,83.5285188119988,3.51498782223542));
#4005=CARTESIAN_POINT('',(42.757502320355,83.5285188119989,3.51498782223538));
#4006=CARTESIAN_POINT('',(75.91000464071,68.8,28.8211168626193));
#4007=CARTESIAN_POINT('',(75.9100046407101,74.2953620712529,19.3791394666665));
#4008=CARTESIAN_POINT('',(42.7,68.8,28.8211168626193));
#4009=CARTESIAN_POINT('Origin',(42.81500464071,87.6921314989923,5.93843444409214));
#4010=CARTESIAN_POINT('',(79.89000464071,89.6626438563775,7.08537866653383));
#4011=CARTESIAN_POINT('',(79.89000464071,85.7216191416071,4.79149022165042));
#4012=CARTESIAN_POINT('',(5.74000464071001,89.6626438563775,7.08537866653383));
#4013=CARTESIAN_POINT('',(79.89000464071,89.6626438563775,7.08537866653383));
#4014=CARTESIAN_POINT('',(5.74000464071001,85.7216191416071,4.79149022165042));
#4015=CARTESIAN_POINT('',(5.74000464071001,89.6626438563775,7.08537866653383));
#4016=CARTESIAN_POINT('',(75.91000464071,85.7216191416072,4.79149022165051));
#4017=CARTESIAN_POINT('',(5.74000464071001,85.7216191416071,4.79149022165042));
#4018=CARTESIAN_POINT('',(75.91000464071,86.7241605164171,5.37502324710328));
#4019=CARTESIAN_POINT('Origin',(75.91000464071,74.6143698295402,23.8743467352752));
#4020=CARTESIAN_POINT('',(75.91000464071,74.6143698295402,23.8743467352752));
#4021=CARTESIAN_POINT('',(75.9100046407101,68.8,20.3519152919488));
#4022=CARTESIAN_POINT('Origin',(5.74000464071001,74.6143698295402,23.8743467352752));
#4023=CARTESIAN_POINT('',(5.74000464071001,74.6143698295402,23.8743467352752));
#4024=CARTESIAN_POINT('Origin',(75.94999999997,83.3098319228816,16.1690771076662));
#4025=CARTESIAN_POINT('',(75.94999771363,88.608043608924,8.89723906832778));
#4026=CARTESIAN_POINT('',(75.9499977136172,87.8120910416767,8.43395184512388));
#4027=CARTESIAN_POINT('',(75.9500022863356,79.6035253713339,24.3674895934125));
#4028=CARTESIAN_POINT('',(75.950001409292,81.3305892640603,21.400300190456));
#4029=CARTESIAN_POINT('',(75.9500022863228,78.8075728040865,23.9042023702086));
#4030=CARTESIAN_POINT('Origin',(79.89000464071,67.5360820194593,19.7544023572938));
#4031=CARTESIAN_POINT('',(79.89000464071,78.5553945443105,26.1682351801585));
#4032=CARTESIAN_POINT('',(79.89,68.8,16.8294838486225));
#4033=CARTESIAN_POINT('Origin',(5.74000464071001,78.5553945443105,26.1682351801586));
#4034=CARTESIAN_POINT('',(5.74000464071001,78.5553945443105,26.1682351801586));
#4035=CARTESIAN_POINT('Origin',(44.7000022863238,78.8075687886096,23.9042092698781));
#4036=CARTESIAN_POINT('',(13.4500022863376,79.6035173396301,24.3675033923149));
#4037=CARTESIAN_POINT('',(62.2950031973841,79.6035236165673,24.3674926081965));
#4038=CARTESIAN_POINT('',(13.4500022863248,78.8075647731328,23.9042161695476));
#4039=CARTESIAN_POINT('Origin',(44.6999977136182,87.8120870261998,8.43395874479335));
#4040=CARTESIAN_POINT('',(13.449997713632,88.6080355772203,8.89725286723022));
#4041=CARTESIAN_POINT('',(62.2949986246785,88.6080418541575,8.89724208311177));
#4042=CARTESIAN_POINT('',(13.4499977136192,87.8120830107229,8.43396564446283));
#4043=CARTESIAN_POINT('Origin',(13.449999999972,83.3098238919278,16.1690909070052));
#4044=CARTESIAN_POINT('',(13.4500014092941,81.3305812323566,21.4003139893584));
#4045=CARTESIAN_POINT('Origin',(79.89000464071,78.5553945443105,26.1682351801585));
#4046=CARTESIAN_POINT('Origin',(42.7,68.8,16.8294838486225));
#4047=CARTESIAN_POINT('Origin',(42.7,68.8,16.8294838486225));
#4048=CARTESIAN_POINT('',(84.8748431012149,68.8,28.359918174286));
#4049=CARTESIAN_POINT('Origin',(90.533477199088,37.9,18.6374113491981));
#4050=CARTESIAN_POINT('Origin',(-5.13347719908802,37.9,18.6374113491981));
#4051=CARTESIAN_POINT('Origin',(-3.43250000000001,-2.9515,28.1499838486224));
#4052=UNCERTAINTY_MEASURE_WITH_UNIT(LENGTH_MEASURE(0.01),#4056,
'DISTANCE_ACCURACY_VALUE',
'Maximum model space distance between geometric entities at asserted c
onnectivities');
#4053=UNCERTAINTY_MEASURE_WITH_UNIT(LENGTH_MEASURE(0.01),#4056,
'DISTANCE_ACCURACY_VALUE',
'Maximum model space distance between geometric entities at asserted c
onnectivities');
#4054=(
GEOMETRIC_REPRESENTATION_CONTEXT(3)
GLOBAL_UNCERTAINTY_ASSIGNED_CONTEXT((#4052))
GLOBAL_UNIT_ASSIGNED_CONTEXT((#4056,#4058,#4059))
REPRESENTATION_CONTEXT('','3D')
);
#4055=(
GEOMETRIC_REPRESENTATION_CONTEXT(3)
GLOBAL_UNCERTAINTY_ASSIGNED_CONTEXT((#4053))
GLOBAL_UNIT_ASSIGNED_CONTEXT((#4056,#4058,#4059))
REPRESENTATION_CONTEXT('','3D')
);
#4056=(
LENGTH_UNIT()
NAMED_UNIT(*)
SI_UNIT(.MILLI.,.METRE.)
);
#4057=(
LENGTH_UNIT()
NAMED_UNIT(*)
SI_UNIT($,.METRE.)
);
#4058=(
NAMED_UNIT(*)
PLANE_ANGLE_UNIT()
SI_UNIT($,.RADIAN.)
);
#4059=(
NAMED_UNIT(*)
SI_UNIT($,.STERADIAN.)
SOLID_ANGLE_UNIT()
);
#4060=SHAPE_DEFINITION_REPRESENTATION(#4061,#4062);
#4061=PRODUCT_DEFINITION_SHAPE('',$,#4064);
#4062=SHAPE_REPRESENTATION('',(#2292),#4054);
#4063=PRODUCT_DEFINITION_CONTEXT('part definition',#4068,'design');
#4064=PRODUCT_DEFINITION('2026-09-06-00-19-12-033','Blare V2',#4065,#4063);
#4065=PRODUCT_DEFINITION_FORMATION('',$,#4070);
#4066=PRODUCT_RELATED_PRODUCT_CATEGORY('Blare V2','Blare V2',(#4070));
#4067=APPLICATION_PROTOCOL_DEFINITION('international standard',
'automotive_design',2009,#4068);
#4068=APPLICATION_CONTEXT(
'Core Data for Automotive Mechanical Design Process');
#4069=PRODUCT_CONTEXT('part definition',#4068,'mechanical');
#4070=PRODUCT('2026-09-06-00-19-12-033','Blare V2',$,(#4069));
#4071=PRESENTATION_STYLE_ASSIGNMENT((#4089));
#4072=PRESENTATION_STYLE_ASSIGNMENT((#4090));
#4073=PRESENTATION_STYLE_ASSIGNMENT((#4091));
#4074=PRESENTATION_STYLE_ASSIGNMENT((#4092));
#4075=PRESENTATION_STYLE_ASSIGNMENT((#4093));
#4076=PRESENTATION_STYLE_ASSIGNMENT((#4094));
#4077=PRESENTATION_STYLE_ASSIGNMENT((#4095));
#4078=PRESENTATION_STYLE_ASSIGNMENT((#4096));
#4079=PRESENTATION_STYLE_ASSIGNMENT((#4097));
#4080=PRESENTATION_STYLE_ASSIGNMENT((#4098));
#4081=PRESENTATION_STYLE_ASSIGNMENT((#4099));
#4082=PRESENTATION_STYLE_ASSIGNMENT((#4100));
#4083=PRESENTATION_STYLE_ASSIGNMENT((#4101));
#4084=PRESENTATION_STYLE_ASSIGNMENT((#4102));
#4085=PRESENTATION_STYLE_ASSIGNMENT((#4103));
#4086=PRESENTATION_STYLE_ASSIGNMENT((#4104));
#4087=PRESENTATION_STYLE_ASSIGNMENT((#4105));
#4088=PRESENTATION_STYLE_ASSIGNMENT((#4106));
#4089=SURFACE_STYLE_USAGE(.BOTH.,#4107);
#4090=SURFACE_STYLE_USAGE(.BOTH.,#4108);
#4091=SURFACE_STYLE_USAGE(.BOTH.,#4109);
#4092=SURFACE_STYLE_USAGE(.BOTH.,#4110);
#4093=SURFACE_STYLE_USAGE(.BOTH.,#4111);
#4094=SURFACE_STYLE_USAGE(.BOTH.,#4112);
#4095=SURFACE_STYLE_USAGE(.BOTH.,#4113);
#4096=SURFACE_STYLE_USAGE(.BOTH.,#4114);
#4097=SURFACE_STYLE_USAGE(.BOTH.,#4115);
#4098=SURFACE_STYLE_USAGE(.BOTH.,#4116);
#4099=SURFACE_STYLE_USAGE(.BOTH.,#4117);
#4100=SURFACE_STYLE_USAGE(.BOTH.,#4118);
#4101=SURFACE_STYLE_USAGE(.BOTH.,#4119);
#4102=SURFACE_STYLE_USAGE(.BOTH.,#4120);
#4103=SURFACE_STYLE_USAGE(.BOTH.,#4121);
#4104=SURFACE_STYLE_USAGE(.BOTH.,#4122);
#4105=SURFACE_STYLE_USAGE(.BOTH.,#4123);
#4106=SURFACE_STYLE_USAGE(.BOTH.,#4124);
#4107=SURFACE_SIDE_STYLE('',(#4125));
#4108=SURFACE_SIDE_STYLE('',(#4126));
#4109=SURFACE_SIDE_STYLE('',(#4127));
#4110=SURFACE_SIDE_STYLE('',(#4128));
#4111=SURFACE_SIDE_STYLE('',(#4129));
#4112=SURFACE_SIDE_STYLE('',(#4130));
#4113=SURFACE_SIDE_STYLE('',(#4131));
#4114=SURFACE_SIDE_STYLE('',(#4132));
#4115=SURFACE_SIDE_STYLE('',(#4133));
#4116=SURFACE_SIDE_STYLE('',(#4134));
#4117=SURFACE_SIDE_STYLE('',(#4135));
#4118=SURFACE_SIDE_STYLE('',(#4136));
#4119=SURFACE_SIDE_STYLE('',(#4137));
#4120=SURFACE_SIDE_STYLE('',(#4138));
#4121=SURFACE_SIDE_STYLE('',(#4139));
#4122=SURFACE_SIDE_STYLE('',(#4140));
#4123=SURFACE_SIDE_STYLE('',(#4141));
#4124=SURFACE_SIDE_STYLE('',(#4142));
#4125=SURFACE_STYLE_FILL_AREA(#4143);
#4126=SURFACE_STYLE_FILL_AREA(#4144);
#4127=SURFACE_STYLE_FILL_AREA(#4145);
#4128=SURFACE_STYLE_FILL_AREA(#4146);
#4129=SURFACE_STYLE_FILL_AREA(#4147);
#4130=SURFACE_STYLE_FILL_AREA(#4148);
#4131=SURFACE_STYLE_FILL_AREA(#4149);
#4132=SURFACE_STYLE_FILL_AREA(#4150);
#4133=SURFACE_STYLE_FILL_AREA(#4151);
#4134=SURFACE_STYLE_FILL_AREA(#4152);
#4135=SURFACE_STYLE_FILL_AREA(#4153);
#4136=SURFACE_STYLE_FILL_AREA(#4154);
#4137=SURFACE_STYLE_FILL_AREA(#4155);
#4138=SURFACE_STYLE_FILL_AREA(#4156);
#4139=SURFACE_STYLE_FILL_AREA(#4157);
#4140=SURFACE_STYLE_FILL_AREA(#4158);
#4141=SURFACE_STYLE_FILL_AREA(#4159);
#4142=SURFACE_STYLE_FILL_AREA(#4160);
#4143=FILL_AREA_STYLE('Steel - Satin',(#4161));
#4144=FILL_AREA_STYLE('Opaque(25,25,25)',(#4162));
#4145=FILL_AREA_STYLE('Opaque(196,197,196)',(#4163));
#4146=FILL_AREA_STYLE('Opaque(214,48,48)',(#4164));
#4147=FILL_AREA_STYLE('ABS (White)',(#4165));
#4148=FILL_AREA_STYLE('Opaque(210,209,199)',(#4166));
#4149=FILL_AREA_STYLE('Opaque(178,25,13)',(#4167));
#4150=FILL_AREA_STYLE('Opaque(0,161,191)',(#4168));
#4151=FILL_AREA_STYLE('Opaque(247,224,153)',(#4169));
#4152=FILL_AREA_STYLE('Opaque(244,229,167)',(#4170));
#4153=FILL_AREA_STYLE('Opaque(160,160,160)',(#4171));
#4154=FILL_AREA_STYLE('Opaque(246,246,243)',(#4172));
#4155=FILL_AREA_STYLE('Opaque(80,124,105)',(#4173));
#4156=FILL_AREA_STYLE('Opaque(38,37,37)',(#4174));
#4157=FILL_AREA_STYLE('Opaque(219,188,126)',(#4175));
#4158=FILL_AREA_STYLE('Opaque(206,109,38)',(#4176));
#4159=FILL_AREA_STYLE('Opaque(157,207,237)',(#4177));
#4160=FILL_AREA_STYLE('Opaque(40,40,40)',(#4178));
#4161=FILL_AREA_STYLE_COLOUR('Steel - Satin',#4179);
#4162=FILL_AREA_STYLE_COLOUR('Opaque(25,25,25)',#4180);
#4163=FILL_AREA_STYLE_COLOUR('Opaque(196,197,196)',#4181);
#4164=FILL_AREA_STYLE_COLOUR('Opaque(214,48,48)',#4182);
#4165=FILL_AREA_STYLE_COLOUR('ABS (White)',#4183);
#4166=FILL_AREA_STYLE_COLOUR('Opaque(210,209,199)',#4184);
#4167=FILL_AREA_STYLE_COLOUR('Opaque(178,25,13)',#4185);
#4168=FILL_AREA_STYLE_COLOUR('Opaque(0,161,191)',#4186);
#4169=FILL_AREA_STYLE_COLOUR('Opaque(247,224,153)',#4187);
#4170=FILL_AREA_STYLE_COLOUR('Opaque(244,229,167)',#4188);
#4171=FILL_AREA_STYLE_COLOUR('Opaque(160,160,160)',#4189);
#4172=FILL_AREA_STYLE_COLOUR('Opaque(246,246,243)',#4190);
#4173=FILL_AREA_STYLE_COLOUR('Opaque(80,124,105)',#4191);
#4174=FILL_AREA_STYLE_COLOUR('Opaque(38,37,37)',#4192);
#4175=FILL_AREA_STYLE_COLOUR('Opaque(219,188,126)',#4193);
#4176=FILL_AREA_STYLE_COLOUR('Opaque(206,109,38)',#4194);
#4177=FILL_AREA_STYLE_COLOUR('Opaque(157,207,237)',#4195);
#4178=FILL_AREA_STYLE_COLOUR('Opaque(40,40,40)',#4196);
#4179=COLOUR_RGB('Steel - Satin',0.627450980392157,0.627450980392157,0.627450980392157);
#4180=COLOUR_RGB('Opaque(25,25,25)',0.0980392156862745,0.0980392156862745,
0.0980392156862745);
#4181=COLOUR_RGB('Opaque(196,197,196)',0.768627450980392,0.772549019607843,
0.768627450980392);
#4182=COLOUR_RGB('Opaque(214,48,48)',0.83921568627451,0.188235294117647,
0.188235294117647);
#4183=COLOUR_RGB('ABS (White)',0.964705882352941,0.964705882352941,0.952941176470588);
#4184=COLOUR_RGB('Opaque(210,209,199)',0.823529411764706,0.819607843137255,
0.780392156862745);
#4185=COLOUR_RGB('Opaque(178,25,13)',0.698039215686274,0.0980392156862745,
0.0509803921568627);
#4186=COLOUR_RGB('Opaque(0,161,191)',0.,0.631372549019608,0.749019607843137);
#4187=COLOUR_RGB('Opaque(247,224,153)',0.968627450980392,0.87843137254902,
0.6);
#4188=COLOUR_RGB('Opaque(244,229,167)',0.956862745098039,0.898039215686275,
0.654901960784314);
#4189=COLOUR_RGB('Opaque(160,160,160)',0.627450980392157,0.627450980392157,
0.627450980392157);
#4190=COLOUR_RGB('Opaque(246,246,243)',0.964705882352941,0.964705882352941,
0.952941176470588);
#4191=COLOUR_RGB('Opaque(80,124,105)',0.313725490196078,0.486274509803922,
0.411764705882353);
#4192=COLOUR_RGB('Opaque(38,37,37)',0.149019607843137,0.145098039215686,
0.145098039215686);
#4193=COLOUR_RGB('Opaque(219,188,126)',0.858823529411765,0.737254901960784,
0.494117647058824);
#4194=COLOUR_RGB('Opaque(206,109,38)',0.807843137254902,0.427450980392157,
0.149019607843137);
#4195=COLOUR_RGB('Opaque(157,207,237)',0.615686274509804,0.811764705882353,
0.929411764705882);
#4196=COLOUR_RGB('Opaque(40,40,40)',0.156862745098039,0.156862745098039,
0.156862745098039);
ENDSEC;
END-ISO-10303-21;
