ISO-10303-21;
HEADER;
/* Generated by software containing ST-Developer
 * from STEP Tools, Inc. (www.steptools.com) 
 */

FILE_DESCRIPTION(
/* description */ (''),
/* implementation_level */ '2;1');

FILE_NAME(
/* name */ 'BlareCaseFull.step',
/* time_stamp */ '2026-09-19T16:48:23-04:00',
/* author */ (''),
/* organization */ (''),
/* preprocessor_version */ 'ST-DEVELOPER v20.2',
/* originating_system */ 'Autodesk Translation Framework v15.15.0.0',
/* authorisation */ '');

FILE_SCHEMA (('AUTOMOTIVE_DESIGN { 1 0 10303 214 3 1 1 }'));
ENDSEC;

DATA;
#10=MECHANICAL_DESIGN_GEOMETRIC_PRESENTATION_REPRESENTATION('',(#45,#46),
#7353);
#11=SHAPE_REPRESENTATION_RELATIONSHIP('SRR','None',#7360,#12);
#12=ADVANCED_BREP_SHAPE_REPRESENTATION('',(#47,#48),#7352);
#13=B_SPLINE_SURFACE_WITH_KNOTS('',3,3,((#6754,#6755,#6756,#6757,#6758,
#6759,#6760),(#6761,#6762,#6763,#6764,#6765,#6766,#6767),(#6768,#6769,#6770,
#6771,#6772,#6773,#6774),(#6775,#6776,#6777,#6778,#6779,#6780,#6781),(#6782,
#6783,#6784,#6785,#6786,#6787,#6788),(#6789,#6790,#6791,#6792,#6793,#6794,
#6795),(#6796,#6797,#6798,#6799,#6800,#6801,#6802)),.UNSPECIFIED.,.F.,.F.,
 .F.,(4,1,1,1,4),(4,1,1,1,4),(0.,0.285714285714286,0.571428571428571,0.714285714285714,
1.),(0.701227927273123,0.740381848880024,0.759958809683475,0.799112731290377,
0.838266652897279),.UNSPECIFIED.);
#14=B_SPLINE_SURFACE_WITH_KNOTS('',3,3,((#6832,#6833,#6834,#6835,#6836,
#6837,#6838,#6839),(#6840,#6841,#6842,#6843,#6844,#6845,#6846,#6847),(#6848,
#6849,#6850,#6851,#6852,#6853,#6854,#6855),(#6856,#6857,#6858,#6859,#6860,
#6861,#6862,#6863),(#6864,#6865,#6866,#6867,#6868,#6869,#6870,#6871),(#6872,
#6873,#6874,#6875,#6876,#6877,#6878,#6879),(#6880,#6881,#6882,#6883,#6884,
#6885,#6886,#6887)),.UNSPECIFIED.,.F.,.F.,.F.,(4,1,1,1,4),(4,1,1,1,1,4),
(0.,0.285714285714286,0.571428571428571,0.714285714285714,1.),(0.579296501404357,
0.598886372582252,0.63806611493804,0.677245857293829,0.691938260677249,
0.716425599649617),.UNSPECIFIED.);
#15=B_SPLINE_SURFACE_WITH_KNOTS('',3,3,((#6907,#6908,#6909,#6910,#6911,
#6912,#6913,#6914),(#6915,#6916,#6917,#6918,#6919,#6920,#6921,#6922),(#6923,
#6924,#6925,#6926,#6927,#6928,#6929,#6930),(#6931,#6932,#6933,#6934,#6935,
#6936,#6937,#6938),(#6939,#6940,#6941,#6942,#6943,#6944,#6945,#6946),(#6947,
#6948,#6949,#6950,#6951,#6952,#6953,#6954),(#6955,#6956,#6957,#6958,#6959,
#6960,#6961,#6962)),.UNSPECIFIED.,.F.,.F.,.F.,(4,1,1,1,4),(4,1,1,1,1,4),
(0.,0.285714285714286,0.571428571428571,0.714285714285714,1.),(0.5794799306587,
0.599061967401756,0.638226040887869,0.677390114373981,0.692076641931273,
0.716554187860093),.UNSPECIFIED.);
#16=B_SPLINE_SURFACE_WITH_KNOTS('',3,3,((#6994,#6995,#6996,#6997,#6998,
#6999,#7000,#7001),(#7002,#7003,#7004,#7005,#7006,#7007,#7008,#7009),(#7010,
#7011,#7012,#7013,#7014,#7015,#7016,#7017),(#7018,#7019,#7020,#7021,#7022,
#7023,#7024,#7025),(#7026,#7027,#7028,#7029,#7030,#7031,#7032,#7033),(#7034,
#7035,#7036,#7037,#7038,#7039,#7040,#7041),(#7042,#7043,#7044,#7045,#7046,
#7047,#7048,#7049)),.UNSPECIFIED.,.F.,.F.,.F.,(4,1,1,1,4),(4,1,1,1,1,4),
(0.,0.285714285714286,0.571428571428571,0.714285714285714,1.),(0.579287845328917,
0.598878297515449,0.638059201888513,0.677240106261577,0.691932945401477,
0.716421010634642),.UNSPECIFIED.);
#17=B_SPLINE_CURVE_WITH_KNOTS('',3,(#6459,#6460,#6461,#6462,#6463,#6464,
#6465,#6466,#6467,#6468,#6469,#6470,#6471,#6472,#6473,#6474),
 .UNSPECIFIED.,.F.,.F.,(4,2,2,2,2,2,2,4),(5.04370284894566,5.08643871694149,
5.16711671181149,5.24779470668149,5.36807937220452,5.51307832578482,5.65807727936512,
5.67702982370489),.UNSPECIFIED.);
#18=B_SPLINE_CURVE_WITH_KNOTS('',3,(#6532,#6533,#6534,#6535,#6536,#6537,
#6538,#6539,#6540,#6541,#6542,#6543,#6544,#6545,#6546,#6547,#6548,#6549),
 .UNSPECIFIED.,.F.,.F.,(4,2,2,2,2,2,2,2,4),(3.49695687777367,3.51362011246805,
3.64034934485119,3.72146519677244,3.80258104869369,3.88404384122602,3.96550663375836,
4.0892146400314,4.12570878652443),.UNSPECIFIED.);
#19=B_SPLINE_CURVE_WITH_KNOTS('',3,(#6601,#6602,#6603,#6604,#6605,#6606,
#6607,#6608,#6609,#6610,#6611,#6612,#6613,#6614,#6615,#6616,#6617,#6618),
 .UNSPECIFIED.,.F.,.F.,(4,2,2,2,2,2,2,2,4),(3.49695687777363,3.51362011246801,
3.64034934485115,3.7214651967724,3.80258104869364,3.88404384122598,3.96550663375832,
4.08921464003136,4.12570878652438),.UNSPECIFIED.);
#20=B_SPLINE_CURVE_WITH_KNOTS('',3,(#6660,#6661,#6662,#6663,#6664,#6665,
#6666,#6667,#6668,#6669),.UNSPECIFIED.,.F.,.F.,(4,2,2,2,4),(1.23691369767266,
1.37109921426523,1.57361468846967,1.77942359781025,1.8748955050234),
 .UNSPECIFIED.);
#21=B_SPLINE_CURVE_WITH_KNOTS('',3,(#6807,#6808,#6809,#6810,#6811,#6812,
#6813),.UNSPECIFIED.,.F.,.F.,(4,1,1,1,4),(0.701227927273123,0.740381848880024,
0.759958809683475,0.799112731290377,0.838266652897279),.UNSPECIFIED.);
#22=B_SPLINE_CURVE_WITH_KNOTS('',3,(#6815,#6816,#6817,#6818,#6819,#6820,
#6821),.UNSPECIFIED.,.F.,.F.,(4,1,1,1,4),(-0.838266652897279,-0.799112731290377,
-0.759958809683475,-0.740381848880024,-0.701227927273123),.UNSPECIFIED.);
#23=B_SPLINE_CURVE_WITH_KNOTS('',3,(#6891,#6892,#6893,#6894,#6895,#6896,
#6897,#6898),.UNSPECIFIED.,.F.,.F.,(4,1,1,1,1,4),(0.579296501404357,0.598886372582252,
0.63806611493804,0.677245857293829,0.691938260677249,0.716425599649617),
 .UNSPECIFIED.);
#24=B_SPLINE_CURVE_WITH_KNOTS('',3,(#6899,#6900,#6901,#6902,#6903,#6904,
#6905,#6906),.UNSPECIFIED.,.F.,.F.,(4,1,1,1,1,4),(-0.716425599649617,-0.691938260677249,
-0.677245857293829,-0.63806611493804,-0.598886372582252,-0.579296501404357),
 .UNSPECIFIED.);
#25=B_SPLINE_CURVE_WITH_KNOTS('',3,(#6966,#6967,#6968,#6969,#6970,#6971,
#6972,#6973),.UNSPECIFIED.,.F.,.F.,(4,1,1,1,1,4),(0.5794799306587,0.599061967401756,
0.638226040887869,0.677390114373981,0.692076641931273,0.716554187860093),
 .UNSPECIFIED.);
#26=B_SPLINE_CURVE_WITH_KNOTS('',3,(#6974,#6975,#6976,#6977,#6978,#6979,
#6980,#6981),.UNSPECIFIED.,.F.,.F.,(4,1,1,1,1,4),(-0.716554187860093,-0.692076641931273,
-0.677390114373981,-0.638226040887869,-0.599061967401756,-0.5794799306587),
 .UNSPECIFIED.);
#27=B_SPLINE_CURVE_WITH_KNOTS('',3,(#7050,#7051,#7052,#7053,#7054,#7055,
#7056,#7057),.UNSPECIFIED.,.F.,.F.,(4,1,1,1,1,4),(0.579287845328917,0.598878297515449,
0.638059201888513,0.677240106261577,0.691932945401477,0.716421010634642),
 .UNSPECIFIED.);
#28=B_SPLINE_CURVE_WITH_KNOTS('',3,(#7058,#7059,#7060,#7061,#7062,#7063,
#7064,#7065),.UNSPECIFIED.,.F.,.F.,(4,1,1,1,1,4),(-0.716421010634642,-0.691932945401477,
-0.677240106261577,-0.638059201888513,-0.598878297515449,-0.579287845328917),
 .UNSPECIFIED.);
#29=ELLIPSE('',#4449,4.6281576079251,4.);
#30=ELLIPSE('',#4450,4.62809149548059,4.);
#31=ELLIPSE('',#4453,4.6281576079251,4.);
#32=ELLIPSE('',#4454,4.62809149548059,4.);
#33=ELLIPSE('',#4458,4.6281576079251,4.);
#34=ELLIPSE('',#4459,4.62809149548059,4.);
#35=ELLIPSE('',#4461,4.6281576079251,4.);
#36=ELLIPSE('',#4462,4.62809149548059,4.);
#37=ELLIPSE('',#4474,9.94038288872356,5.);
#38=ELLIPSE('',#4476,10.2480453380876,5.);
#39=ELLIPSE('',#4488,10.2480453380876,5.);
#40=ELLIPSE('',#4490,9.94038288872356,5.);
#41=ELLIPSE('',#4501,10.2480453380876,5.);
#42=ELLIPSE('',#4503,9.94038288872354,5.);
#43=ELLIPSE('',#4515,10.2480453380876,4.99999999999999);
#44=ELLIPSE('',#4518,6.42478467603384,5.);
#45=STYLED_ITEM('',(#7382),#47);
#46=STYLED_ITEM('',(#7382),#48);
#47=MANIFOLD_SOLID_BREP('Case (Top)',#4242);
#48=MANIFOLD_SOLID_BREP('Case (Bottom)',#4243);
#49=CYLINDRICAL_SURFACE('',#4263,1.5);
#50=CYLINDRICAL_SURFACE('',#4269,5.);
#51=CYLINDRICAL_SURFACE('',#4304,1.5);
#52=CYLINDRICAL_SURFACE('',#4309,5.);
#53=CYLINDRICAL_SURFACE('',#4322,1.5);
#54=CYLINDRICAL_SURFACE('',#4328,5.00000000000001);
#55=CYLINDRICAL_SURFACE('',#4335,1.5);
#56=CYLINDRICAL_SURFACE('',#4343,5.);
#57=CYLINDRICAL_SURFACE('',#4346,5.);
#58=CYLINDRICAL_SURFACE('',#4355,5.);
#59=CYLINDRICAL_SURFACE('',#4390,5.);
#60=CYLINDRICAL_SURFACE('',#4391,5.);
#61=CYLINDRICAL_SURFACE('',#4393,5.);
#62=CYLINDRICAL_SURFACE('',#4395,3.);
#63=CYLINDRICAL_SURFACE('',#4396,3.);
#64=CYLINDRICAL_SURFACE('',#4397,3.);
#65=CYLINDRICAL_SURFACE('',#4398,3.);
#66=CYLINDRICAL_SURFACE('',#4401,0.999999999999996);
#67=CYLINDRICAL_SURFACE('',#4403,0.999999999999992);
#68=CYLINDRICAL_SURFACE('',#4405,0.999999999999996);
#69=CYLINDRICAL_SURFACE('',#4407,0.999999999999996);
#70=CYLINDRICAL_SURFACE('',#4409,0.999999999999996);
#71=CYLINDRICAL_SURFACE('',#4411,0.999999999999992);
#72=CYLINDRICAL_SURFACE('',#4413,0.999999999999996);
#73=CYLINDRICAL_SURFACE('',#4415,0.999999999999996);
#74=CYLINDRICAL_SURFACE('',#4417,0.999999999999996);
#75=CYLINDRICAL_SURFACE('',#4419,0.999999999999992);
#76=CYLINDRICAL_SURFACE('',#4421,0.999999999999996);
#77=CYLINDRICAL_SURFACE('',#4423,0.999999999999996);
#78=CYLINDRICAL_SURFACE('',#4425,0.999999999999996);
#79=CYLINDRICAL_SURFACE('',#4427,0.999999999999992);
#80=CYLINDRICAL_SURFACE('',#4429,0.999999999999996);
#81=CYLINDRICAL_SURFACE('',#4431,0.999999999999996);
#82=CYLINDRICAL_SURFACE('',#4433,0.999999999999996);
#83=CYLINDRICAL_SURFACE('',#4435,0.999999999999992);
#84=CYLINDRICAL_SURFACE('',#4437,0.999999999999996);
#85=CYLINDRICAL_SURFACE('',#4439,0.999999999999996);
#86=CYLINDRICAL_SURFACE('',#4441,0.999999999999996);
#87=CYLINDRICAL_SURFACE('',#4443,0.999999999999992);
#88=CYLINDRICAL_SURFACE('',#4445,0.999999999999996);
#89=CYLINDRICAL_SURFACE('',#4447,0.999999999999996);
#90=CYLINDRICAL_SURFACE('',#4448,4.);
#91=CYLINDRICAL_SURFACE('',#4452,4.);
#92=CYLINDRICAL_SURFACE('',#4457,4.);
#93=CYLINDRICAL_SURFACE('',#4460,4.);
#94=CYLINDRICAL_SURFACE('',#4473,5.);
#95=CYLINDRICAL_SURFACE('',#4487,5.);
#96=CYLINDRICAL_SURFACE('',#4500,5.00000000000001);
#97=CYLINDRICAL_SURFACE('',#4513,4.99999999999999);
#98=CYLINDRICAL_SURFACE('',#4531,4.00000000000001);
#99=CYLINDRICAL_SURFACE('',#4533,4.);
#100=CYLINDRICAL_SURFACE('',#4537,4.00000000000001);
#101=CYLINDRICAL_SURFACE('',#4539,4.);
#102=CYLINDRICAL_SURFACE('',#4542,5.);
#103=CYLINDRICAL_SURFACE('',#4544,5.);
#104=CYLINDRICAL_SURFACE('',#4548,5.);
#105=CYLINDRICAL_SURFACE('',#4549,5.);
#106=CYLINDRICAL_SURFACE('',#4564,2.5);
#107=CYLINDRICAL_SURFACE('',#4571,1.5);
#108=CYLINDRICAL_SURFACE('',#4580,1.5);
#109=CYLINDRICAL_SURFACE('',#4582,2.5);
#110=CYLINDRICAL_SURFACE('',#4595,1.5);
#111=CYLINDRICAL_SURFACE('',#4597,2.5);
#112=CYLINDRICAL_SURFACE('',#4604,1.5);
#113=CYLINDRICAL_SURFACE('',#4605,1.5);
#114=CYLINDRICAL_SURFACE('',#4606,1.5);
#115=CYLINDRICAL_SURFACE('',#4607,1.5);
#116=CYLINDRICAL_SURFACE('',#4608,2.5);
#117=CYLINDRICAL_SURFACE('',#4609,2.5);
#118=CYLINDRICAL_SURFACE('',#4610,2.5);
#119=CYLINDRICAL_SURFACE('',#4611,2.5);
#120=LINE('',#5822,#558);
#121=LINE('',#5828,#559);
#122=LINE('',#5829,#560);
#123=LINE('',#5832,#561);
#124=LINE('',#5837,#562);
#125=LINE('',#5839,#563);
#126=LINE('',#5841,#564);
#127=LINE('',#5842,#565);
#128=LINE('',#5845,#566);
#129=LINE('',#5847,#567);
#130=LINE('',#5848,#568);
#131=LINE('',#5851,#569);
#132=LINE('',#5852,#570);
#133=LINE('',#5853,#571);
#134=LINE('',#5856,#572);
#135=LINE('',#5857,#573);
#136=LINE('',#5866,#574);
#137=LINE('',#5872,#575);
#138=LINE('',#5874,#576);
#139=LINE('',#5876,#577);
#140=LINE('',#5878,#578);
#141=LINE('',#5880,#579);
#142=LINE('',#5882,#580);
#143=LINE('',#5884,#581);
#144=LINE('',#5886,#582);
#145=LINE('',#5888,#583);
#146=LINE('',#5890,#584);
#147=LINE('',#5892,#585);
#148=LINE('',#5893,#586);
#149=LINE('',#5896,#587);
#150=LINE('',#5900,#588);
#151=LINE('',#5904,#589);
#152=LINE('',#5908,#590);
#153=LINE('',#5912,#591);
#154=LINE('',#5916,#592);
#155=LINE('',#5920,#593);
#156=LINE('',#5924,#594);
#157=LINE('',#5928,#595);
#158=LINE('',#5932,#596);
#159=LINE('',#5936,#597);
#160=LINE('',#5940,#598);
#161=LINE('',#5944,#599);
#162=LINE('',#5948,#600);
#163=LINE('',#5952,#601);
#164=LINE('',#5956,#602);
#165=LINE('',#5960,#603);
#166=LINE('',#5964,#604);
#167=LINE('',#5968,#605);
#168=LINE('',#5972,#606);
#169=LINE('',#5976,#607);
#170=LINE('',#5980,#608);
#171=LINE('',#5984,#609);
#172=LINE('',#5988,#610);
#173=LINE('',#5997,#611);
#174=LINE('',#6002,#612);
#175=LINE('',#6004,#613);
#176=LINE('',#6005,#614);
#177=LINE('',#6006,#615);
#178=LINE('',#6009,#616);
#179=LINE('',#6011,#617);
#180=LINE('',#6012,#618);
#181=LINE('',#6015,#619);
#182=LINE('',#6017,#620);
#183=LINE('',#6018,#621);
#184=LINE('',#6024,#622);
#185=LINE('',#6026,#623);
#186=LINE('',#6027,#624);
#187=LINE('',#6030,#625);
#188=LINE('',#6032,#626);
#189=LINE('',#6043,#627);
#190=LINE('',#6045,#628);
#191=LINE('',#6047,#629);
#192=LINE('',#6051,#630);
#193=LINE('',#6056,#631);
#194=LINE('',#6057,#632);
#195=LINE('',#6058,#633);
#196=LINE('',#6061,#634);
#197=LINE('',#6062,#635);
#198=LINE('',#6065,#636);
#199=LINE('',#6066,#637);
#200=LINE('',#6069,#638);
#201=LINE('',#6070,#639);
#202=LINE('',#6081,#640);
#203=LINE('',#6083,#641);
#204=LINE('',#6084,#642);
#205=LINE('',#6087,#643);
#206=LINE('',#6092,#644);
#207=LINE('',#6094,#645);
#208=LINE('',#6095,#646);
#209=LINE('',#6096,#647);
#210=LINE('',#6099,#648);
#211=LINE('',#6100,#649);
#212=LINE('',#6103,#650);
#213=LINE('',#6104,#651);
#214=LINE('',#6107,#652);
#215=LINE('',#6108,#653);
#216=LINE('',#6111,#654);
#217=LINE('',#6113,#655);
#218=LINE('',#6114,#656);
#219=LINE('',#6117,#657);
#220=LINE('',#6119,#658);
#221=LINE('',#6120,#659);
#222=LINE('',#6126,#660);
#223=LINE('',#6135,#661);
#224=LINE('',#6140,#662);
#225=LINE('',#6143,#663);
#226=LINE('',#6146,#664);
#227=LINE('',#6149,#665);
#228=LINE('',#6153,#666);
#229=LINE('',#6157,#667);
#230=LINE('',#6160,#668);
#231=LINE('',#6165,#669);
#232=LINE('',#6169,#670);
#233=LINE('',#6173,#671);
#234=LINE('',#6177,#672);
#235=LINE('',#6181,#673);
#236=LINE('',#6185,#674);
#237=LINE('',#6189,#675);
#238=LINE('',#6193,#676);
#239=LINE('',#6197,#677);
#240=LINE('',#6201,#678);
#241=LINE('',#6205,#679);
#242=LINE('',#6209,#680);
#243=LINE('',#6213,#681);
#244=LINE('',#6217,#682);
#245=LINE('',#6221,#683);
#246=LINE('',#6225,#684);
#247=LINE('',#6229,#685);
#248=LINE('',#6233,#686);
#249=LINE('',#6237,#687);
#250=LINE('',#6241,#688);
#251=LINE('',#6245,#689);
#252=LINE('',#6249,#690);
#253=LINE('',#6253,#691);
#254=LINE('',#6257,#692);
#255=LINE('',#6266,#693);
#256=LINE('',#6268,#694);
#257=LINE('',#6270,#695);
#258=LINE('',#6271,#696);
#259=LINE('',#6273,#697);
#260=LINE('',#6275,#698);
#261=LINE('',#6278,#699);
#262=LINE('',#6280,#700);
#263=LINE('',#6282,#701);
#264=LINE('',#6284,#702);
#265=LINE('',#6287,#703);
#266=LINE('',#6288,#704);
#267=LINE('',#6290,#705);
#268=LINE('',#6292,#706);
#269=LINE('',#6294,#707);
#270=LINE('',#6296,#708);
#271=LINE('',#6298,#709);
#272=LINE('',#6300,#710);
#273=LINE('',#6303,#711);
#274=LINE('',#6304,#712);
#275=LINE('',#6306,#713);
#276=LINE('',#6308,#714);
#277=LINE('',#6310,#715);
#278=LINE('',#6312,#716);
#279=LINE('',#6314,#717);
#280=LINE('',#6316,#718);
#281=LINE('',#6319,#719);
#282=LINE('',#6320,#720);
#283=LINE('',#6322,#721);
#284=LINE('',#6324,#722);
#285=LINE('',#6326,#723);
#286=LINE('',#6328,#724);
#287=LINE('',#6330,#725);
#288=LINE('',#6332,#726);
#289=LINE('',#6335,#727);
#290=LINE('',#6336,#728);
#291=LINE('',#6338,#729);
#292=LINE('',#6340,#730);
#293=LINE('',#6342,#731);
#294=LINE('',#6344,#732);
#295=LINE('',#6346,#733);
#296=LINE('',#6348,#734);
#297=LINE('',#6351,#735);
#298=LINE('',#6352,#736);
#299=LINE('',#6354,#737);
#300=LINE('',#6356,#738);
#301=LINE('',#6358,#739);
#302=LINE('',#6360,#740);
#303=LINE('',#6362,#741);
#304=LINE('',#6364,#742);
#305=LINE('',#6367,#743);
#306=LINE('',#6368,#744);
#307=LINE('',#6370,#745);
#308=LINE('',#6372,#746);
#309=LINE('',#6374,#747);
#310=LINE('',#6376,#748);
#311=LINE('',#6378,#749);
#312=LINE('',#6380,#750);
#313=LINE('',#6387,#751);
#314=LINE('',#6390,#752);
#315=LINE('',#6393,#753);
#316=LINE('',#6395,#754);
#317=LINE('',#6396,#755);
#318=LINE('',#6402,#756);
#319=LINE('',#6405,#757);
#320=LINE('',#6407,#758);
#321=LINE('',#6408,#759);
#322=LINE('',#6411,#760);
#323=LINE('',#6413,#761);
#324=LINE('',#6414,#762);
#325=LINE('',#6419,#763);
#326=LINE('',#6426,#764);
#327=LINE('',#6428,#765);
#328=LINE('',#6429,#766);
#329=LINE('',#6445,#767);
#330=LINE('',#6447,#768);
#331=LINE('',#6449,#769);
#332=LINE('',#6450,#770);
#333=LINE('',#6478,#771);
#334=LINE('',#6480,#772);
#335=LINE('',#6482,#773);
#336=LINE('',#6483,#774);
#337=LINE('',#6485,#775);
#338=LINE('',#6487,#776);
#339=LINE('',#6488,#777);
#340=LINE('',#6489,#778);
#341=LINE('',#6494,#779);
#342=LINE('',#6496,#780);
#343=LINE('',#6497,#781);
#344=LINE('',#6500,#782);
#345=LINE('',#6502,#783);
#346=LINE('',#6503,#784);
#347=LINE('',#6512,#785);
#348=LINE('',#6514,#786);
#349=LINE('',#6516,#787);
#350=LINE('',#6517,#788);
#351=LINE('',#6520,#789);
#352=LINE('',#6522,#790);
#353=LINE('',#6523,#791);
#354=LINE('',#6553,#792);
#355=LINE('',#6555,#793);
#356=LINE('',#6556,#794);
#357=LINE('',#6557,#795);
#358=LINE('',#6558,#796);
#359=LINE('',#6560,#797);
#360=LINE('',#6561,#798);
#361=LINE('',#6566,#799);
#362=LINE('',#6568,#800);
#363=LINE('',#6570,#801);
#364=LINE('',#6571,#802);
#365=LINE('',#6574,#803);
#366=LINE('',#6576,#804);
#367=LINE('',#6577,#805);
#368=LINE('',#6580,#806);
#369=LINE('',#6581,#807);
#370=LINE('',#6584,#808);
#371=LINE('',#6586,#809);
#372=LINE('',#6587,#810);
#373=LINE('',#6622,#811);
#374=LINE('',#6624,#812);
#375=LINE('',#6626,#813);
#376=LINE('',#6627,#814);
#377=LINE('',#6630,#815);
#378=LINE('',#6632,#816);
#379=LINE('',#6633,#817);
#380=LINE('',#6635,#818);
#381=LINE('',#6637,#819);
#382=LINE('',#6638,#820);
#383=LINE('',#6639,#821);
#384=LINE('',#6644,#822);
#385=LINE('',#6646,#823);
#386=LINE('',#6647,#824);
#387=LINE('',#6650,#825);
#388=LINE('',#6651,#826);
#389=LINE('',#6675,#827);
#390=LINE('',#6676,#828);
#391=LINE('',#6680,#829);
#392=LINE('',#6682,#830);
#393=LINE('',#6684,#831);
#394=LINE('',#6686,#832);
#395=LINE('',#6688,#833);
#396=LINE('',#6690,#834);
#397=LINE('',#6691,#835);
#398=LINE('',#6695,#836);
#399=LINE('',#6696,#837);
#400=LINE('',#6698,#838);
#401=LINE('',#6700,#839);
#402=LINE('',#6702,#840);
#403=LINE('',#6703,#841);
#404=LINE('',#6706,#842);
#405=LINE('',#6708,#843);
#406=LINE('',#6709,#844);
#407=LINE('',#6712,#845);
#408=LINE('',#6714,#846);
#409=LINE('',#6716,#847);
#410=LINE('',#6717,#848);
#411=LINE('',#6720,#849);
#412=LINE('',#6722,#850);
#413=LINE('',#6724,#851);
#414=LINE('',#6725,#852);
#415=LINE('',#6728,#853);
#416=LINE('',#6730,#854);
#417=LINE('',#6732,#855);
#418=LINE('',#6733,#856);
#419=LINE('',#6736,#857);
#420=LINE('',#6738,#858);
#421=LINE('',#6740,#859);
#422=LINE('',#6741,#860);
#423=LINE('',#6744,#861);
#424=LINE('',#6746,#862);
#425=LINE('',#6747,#863);
#426=LINE('',#6826,#864);
#427=LINE('',#6827,#865);
#428=LINE('',#6831,#866);
#429=LINE('',#6986,#867);
#430=LINE('',#6987,#868);
#431=LINE('',#6992,#869);
#432=LINE('',#6993,#870);
#433=LINE('',#7067,#871);
#434=LINE('',#7068,#872);
#435=LINE('',#7069,#873);
#436=LINE('',#7071,#874);
#437=LINE('',#7073,#875);
#438=LINE('',#7074,#876);
#439=LINE('',#7077,#877);
#440=LINE('',#7079,#878);
#441=LINE('',#7081,#879);
#442=LINE('',#7082,#880);
#443=LINE('',#7088,#881);
#444=LINE('',#7090,#882);
#445=LINE('',#7093,#883);
#446=LINE('',#7095,#884);
#447=LINE('',#7096,#885);
#448=LINE('',#7099,#886);
#449=LINE('',#7100,#887);
#450=LINE('',#7103,#888);
#451=LINE('',#7104,#889);
#452=LINE('',#7106,#890);
#453=LINE('',#7109,#891);
#454=LINE('',#7111,#892);
#455=LINE('',#7112,#893);
#456=LINE('',#7115,#894);
#457=LINE('',#7116,#895);
#458=LINE('',#7119,#896);
#459=LINE('',#7120,#897);
#460=LINE('',#7122,#898);
#461=LINE('',#7125,#899);
#462=LINE('',#7127,#900);
#463=LINE('',#7128,#901);
#464=LINE('',#7131,#902);
#465=LINE('',#7132,#903);
#466=LINE('',#7135,#904);
#467=LINE('',#7136,#905);
#468=LINE('',#7138,#906);
#469=LINE('',#7142,#907);
#470=LINE('',#7144,#908);
#471=LINE('',#7146,#909);
#472=LINE('',#7147,#910);
#473=LINE('',#7150,#911);
#474=LINE('',#7152,#912);
#475=LINE('',#7153,#913);
#476=LINE('',#7158,#914);
#477=LINE('',#7167,#915);
#478=LINE('',#7170,#916);
#479=LINE('',#7171,#917);
#480=LINE('',#7174,#918);
#481=LINE('',#7175,#919);
#482=LINE('',#7177,#920);
#483=LINE('',#7181,#921);
#484=LINE('',#7183,#922);
#485=LINE('',#7185,#923);
#486=LINE('',#7186,#924);
#487=LINE('',#7189,#925);
#488=LINE('',#7191,#926);
#489=LINE('',#7192,#927);
#490=LINE('',#7195,#928);
#491=LINE('',#7197,#929);
#492=LINE('',#7198,#930);
#493=LINE('',#7204,#931);
#494=LINE('',#7210,#932);
#495=LINE('',#7215,#933);
#496=LINE('',#7217,#934);
#497=LINE('',#7218,#935);
#498=LINE('',#7221,#936);
#499=LINE('',#7222,#937);
#500=LINE('',#7225,#938);
#501=LINE('',#7226,#939);
#502=LINE('',#7227,#940);
#503=LINE('',#7229,#941);
#504=LINE('',#7232,#942);
#505=LINE('',#7234,#943);
#506=LINE('',#7235,#944);
#507=LINE('',#7238,#945);
#508=LINE('',#7240,#946);
#509=LINE('',#7241,#947);
#510=LINE('',#7244,#948);
#511=LINE('',#7246,#949);
#512=LINE('',#7247,#950);
#513=LINE('',#7253,#951);
#514=LINE('',#7259,#952);
#515=LINE('',#7264,#953);
#516=LINE('',#7265,#954);
#517=LINE('',#7268,#955);
#518=LINE('',#7269,#956);
#519=LINE('',#7272,#957);
#520=LINE('',#7273,#958);
#521=LINE('',#7275,#959);
#522=LINE('',#7277,#960);
#523=LINE('',#7279,#961);
#524=LINE('',#7281,#962);
#525=LINE('',#7283,#963);
#526=LINE('',#7285,#964);
#527=LINE('',#7287,#965);
#528=LINE('',#7289,#966);
#529=LINE('',#7293,#967);
#530=LINE('',#7294,#968);
#531=LINE('',#7295,#969);
#532=LINE('',#7297,#970);
#533=LINE('',#7298,#971);
#534=LINE('',#7301,#972);
#535=LINE('',#7303,#973);
#536=LINE('',#7305,#974);
#537=LINE('',#7306,#975);
#538=LINE('',#7309,#976);
#539=LINE('',#7311,#977);
#540=LINE('',#7313,#978);
#541=LINE('',#7315,#979);
#542=LINE('',#7316,#980);
#543=LINE('',#7318,#981);
#544=LINE('',#7319,#982);
#545=LINE('',#7321,#983);
#546=LINE('',#7324,#984);
#547=LINE('',#7326,#985);
#548=LINE('',#7327,#986);
#549=LINE('',#7329,#987);
#550=LINE('',#7330,#988);
#551=LINE('',#7332,#989);
#552=LINE('',#7335,#990);
#553=LINE('',#7336,#991);
#554=LINE('',#7339,#992);
#555=LINE('',#7340,#993);
#556=LINE('',#7342,#994);
#557=LINE('',#7346,#995);
#558=VECTOR('',#4639,10.);
#559=VECTOR('',#4644,10.);
#560=VECTOR('',#4645,10.);
#561=VECTOR('',#4648,2.5);
#562=VECTOR('',#4653,10.);
#563=VECTOR('',#4654,10.);
#564=VECTOR('',#4655,10.);
#565=VECTOR('',#4656,10.);
#566=VECTOR('',#4659,10.);
#567=VECTOR('',#4660,10.);
#568=VECTOR('',#4661,10.);
#569=VECTOR('',#4664,10.);
#570=VECTOR('',#4665,10.);
#571=VECTOR('',#4666,10.);
#572=VECTOR('',#4669,10.);
#573=VECTOR('',#4670,10.);
#574=VECTOR('',#4683,10.);
#575=VECTOR('',#4688,10.);
#576=VECTOR('',#4689,10.);
#577=VECTOR('',#4690,10.);
#578=VECTOR('',#4691,10.);
#579=VECTOR('',#4692,10.);
#580=VECTOR('',#4693,10.);
#581=VECTOR('',#4694,10.);
#582=VECTOR('',#4695,10.);
#583=VECTOR('',#4696,10.);
#584=VECTOR('',#4697,10.);
#585=VECTOR('',#4698,10.);
#586=VECTOR('',#4699,10.);
#587=VECTOR('',#4700,10.);
#588=VECTOR('',#4703,10.);
#589=VECTOR('',#4706,10.);
#590=VECTOR('',#4709,10.);
#591=VECTOR('',#4712,10.);
#592=VECTOR('',#4715,10.);
#593=VECTOR('',#4718,10.);
#594=VECTOR('',#4721,10.);
#595=VECTOR('',#4724,10.);
#596=VECTOR('',#4727,10.);
#597=VECTOR('',#4730,10.);
#598=VECTOR('',#4733,10.);
#599=VECTOR('',#4736,10.);
#600=VECTOR('',#4739,10.);
#601=VECTOR('',#4742,10.);
#602=VECTOR('',#4745,10.);
#603=VECTOR('',#4748,10.);
#604=VECTOR('',#4751,10.);
#605=VECTOR('',#4754,10.);
#606=VECTOR('',#4757,10.);
#607=VECTOR('',#4760,10.);
#608=VECTOR('',#4763,10.);
#609=VECTOR('',#4766,10.);
#610=VECTOR('',#4769,10.);
#611=VECTOR('',#4780,2.5);
#612=VECTOR('',#4785,10.);
#613=VECTOR('',#4786,10.);
#614=VECTOR('',#4787,10.);
#615=VECTOR('',#4788,10.);
#616=VECTOR('',#4791,10.);
#617=VECTOR('',#4792,10.);
#618=VECTOR('',#4793,10.);
#619=VECTOR('',#4796,10.);
#620=VECTOR('',#4797,10.);
#621=VECTOR('',#4798,10.);
#622=VECTOR('',#4805,10.);
#623=VECTOR('',#4808,10.);
#624=VECTOR('',#4809,10.);
#625=VECTOR('',#4812,10.);
#626=VECTOR('',#4813,10.);
#627=VECTOR('',#4828,10.);
#628=VECTOR('',#4829,10.);
#629=VECTOR('',#4830,10.);
#630=VECTOR('',#4835,2.5);
#631=VECTOR('',#4840,10.);
#632=VECTOR('',#4841,10.);
#633=VECTOR('',#4842,10.);
#634=VECTOR('',#4845,10.);
#635=VECTOR('',#4846,10.);
#636=VECTOR('',#4849,10.);
#637=VECTOR('',#4850,10.);
#638=VECTOR('',#4853,10.);
#639=VECTOR('',#4854,10.);
#640=VECTOR('',#4869,10.);
#641=VECTOR('',#4870,10.);
#642=VECTOR('',#4871,10.);
#643=VECTOR('',#4874,2.5);
#644=VECTOR('',#4879,10.);
#645=VECTOR('',#4880,10.);
#646=VECTOR('',#4881,10.);
#647=VECTOR('',#4882,10.);
#648=VECTOR('',#4885,10.);
#649=VECTOR('',#4886,10.);
#650=VECTOR('',#4889,10.);
#651=VECTOR('',#4890,10.);
#652=VECTOR('',#4893,10.);
#653=VECTOR('',#4894,10.);
#654=VECTOR('',#4897,10.);
#655=VECTOR('',#4898,10.);
#656=VECTOR('',#4899,10.);
#657=VECTOR('',#4902,10.);
#658=VECTOR('',#4903,10.);
#659=VECTOR('',#4904,10.);
#660=VECTOR('',#4911,10.);
#661=VECTOR('',#4924,10.);
#662=VECTOR('',#4931,10.);
#663=VECTOR('',#4934,10.);
#664=VECTOR('',#4937,10.);
#665=VECTOR('',#4940,10.);
#666=VECTOR('',#4943,10.);
#667=VECTOR('',#4946,10.);
#668=VECTOR('',#4949,10.);
#669=VECTOR('',#4952,10.);
#670=VECTOR('',#4955,10.);
#671=VECTOR('',#4958,10.);
#672=VECTOR('',#4961,10.);
#673=VECTOR('',#4964,10.);
#674=VECTOR('',#4967,10.);
#675=VECTOR('',#4970,10.);
#676=VECTOR('',#4973,10.);
#677=VECTOR('',#4976,10.);
#678=VECTOR('',#4979,10.);
#679=VECTOR('',#4982,10.);
#680=VECTOR('',#4985,10.);
#681=VECTOR('',#4988,10.);
#682=VECTOR('',#4991,10.);
#683=VECTOR('',#4994,10.);
#684=VECTOR('',#4997,10.);
#685=VECTOR('',#5000,10.);
#686=VECTOR('',#5003,10.);
#687=VECTOR('',#5006,10.);
#688=VECTOR('',#5009,10.);
#689=VECTOR('',#5012,10.);
#690=VECTOR('',#5015,10.);
#691=VECTOR('',#5018,10.);
#692=VECTOR('',#5021,10.);
#693=VECTOR('',#5032,10.);
#694=VECTOR('',#5035,10.);
#695=VECTOR('',#5038,10.);
#696=VECTOR('',#5039,10.);
#697=VECTOR('',#5042,10.);
#698=VECTOR('',#5045,10.);
#699=VECTOR('',#5050,2.5);
#700=VECTOR('',#5053,2.5);
#701=VECTOR('',#5056,3.);
#702=VECTOR('',#5059,2.5);
#703=VECTOR('',#5064,10.);
#704=VECTOR('',#5065,10.);
#705=VECTOR('',#5068,10.);
#706=VECTOR('',#5071,10.);
#707=VECTOR('',#5074,10.);
#708=VECTOR('',#5077,10.);
#709=VECTOR('',#5080,10.);
#710=VECTOR('',#5083,10.);
#711=VECTOR('',#5088,10.);
#712=VECTOR('',#5089,10.);
#713=VECTOR('',#5092,10.);
#714=VECTOR('',#5095,10.);
#715=VECTOR('',#5098,10.);
#716=VECTOR('',#5101,10.);
#717=VECTOR('',#5104,10.);
#718=VECTOR('',#5107,10.);
#719=VECTOR('',#5112,10.);
#720=VECTOR('',#5113,10.);
#721=VECTOR('',#5116,10.);
#722=VECTOR('',#5119,10.);
#723=VECTOR('',#5122,10.);
#724=VECTOR('',#5125,10.);
#725=VECTOR('',#5128,10.);
#726=VECTOR('',#5131,10.);
#727=VECTOR('',#5136,10.);
#728=VECTOR('',#5137,10.);
#729=VECTOR('',#5140,10.);
#730=VECTOR('',#5143,10.);
#731=VECTOR('',#5146,10.);
#732=VECTOR('',#5149,10.);
#733=VECTOR('',#5152,10.);
#734=VECTOR('',#5155,10.);
#735=VECTOR('',#5160,10.);
#736=VECTOR('',#5161,10.);
#737=VECTOR('',#5164,10.);
#738=VECTOR('',#5167,10.);
#739=VECTOR('',#5170,10.);
#740=VECTOR('',#5173,10.);
#741=VECTOR('',#5176,10.);
#742=VECTOR('',#5179,10.);
#743=VECTOR('',#5184,10.);
#744=VECTOR('',#5185,10.);
#745=VECTOR('',#5188,10.);
#746=VECTOR('',#5191,10.);
#747=VECTOR('',#5194,10.);
#748=VECTOR('',#5197,10.);
#749=VECTOR('',#5200,10.);
#750=VECTOR('',#5203,10.);
#751=VECTOR('',#5210,10.);
#752=VECTOR('',#5213,10.);
#753=VECTOR('',#5216,10.);
#754=VECTOR('',#5217,10.);
#755=VECTOR('',#5218,10.);
#756=VECTOR('',#5225,10.);
#757=VECTOR('',#5228,10.);
#758=VECTOR('',#5229,10.);
#759=VECTOR('',#5230,10.);
#760=VECTOR('',#5233,10.);
#761=VECTOR('',#5234,10.);
#762=VECTOR('',#5235,10.);
#763=VECTOR('',#5240,10.);
#764=VECTOR('',#5249,10.);
#765=VECTOR('',#5252,10.);
#766=VECTOR('',#5253,10.);
#767=VECTOR('',#5272,10.);
#768=VECTOR('',#5273,10.);
#769=VECTOR('',#5274,10.);
#770=VECTOR('',#5275,10.);
#771=VECTOR('',#5286,10.);
#772=VECTOR('',#5287,10.);
#773=VECTOR('',#5288,10.);
#774=VECTOR('',#5289,10.);
#775=VECTOR('',#5292,10.);
#776=VECTOR('',#5293,10.);
#777=VECTOR('',#5294,10.);
#778=VECTOR('',#5295,10.);
#779=VECTOR('',#5300,10.);
#780=VECTOR('',#5301,10.);
#781=VECTOR('',#5302,10.);
#782=VECTOR('',#5305,10.);
#783=VECTOR('',#5306,10.);
#784=VECTOR('',#5307,10.);
#785=VECTOR('',#5316,10.);
#786=VECTOR('',#5317,10.);
#787=VECTOR('',#5318,10.);
#788=VECTOR('',#5319,10.);
#789=VECTOR('',#5322,10.);
#790=VECTOR('',#5323,10.);
#791=VECTOR('',#5324,10.);
#792=VECTOR('',#5335,10.);
#793=VECTOR('',#5336,10.);
#794=VECTOR('',#5337,10.);
#795=VECTOR('',#5338,10.);
#796=VECTOR('',#5339,10.);
#797=VECTOR('',#5340,10.);
#798=VECTOR('',#5341,10.);
#799=VECTOR('',#5346,10.);
#800=VECTOR('',#5347,10.);
#801=VECTOR('',#5348,10.);
#802=VECTOR('',#5349,10.);
#803=VECTOR('',#5352,10.);
#804=VECTOR('',#5353,10.);
#805=VECTOR('',#5354,10.);
#806=VECTOR('',#5357,10.);
#807=VECTOR('',#5358,10.);
#808=VECTOR('',#5361,10.);
#809=VECTOR('',#5362,10.);
#810=VECTOR('',#5363,10.);
#811=VECTOR('',#5380,10.);
#812=VECTOR('',#5381,10.);
#813=VECTOR('',#5382,10.);
#814=VECTOR('',#5383,10.);
#815=VECTOR('',#5386,10.);
#816=VECTOR('',#5387,10.);
#817=VECTOR('',#5388,10.);
#818=VECTOR('',#5391,10.);
#819=VECTOR('',#5392,10.);
#820=VECTOR('',#5393,10.);
#821=VECTOR('',#5394,10.);
#822=VECTOR('',#5399,10.);
#823=VECTOR('',#5400,10.);
#824=VECTOR('',#5401,10.);
#825=VECTOR('',#5404,10.);
#826=VECTOR('',#5405,10.);
#827=VECTOR('',#5420,10.);
#828=VECTOR('',#5421,10.);
#829=VECTOR('',#5426,10.);
#830=VECTOR('',#5427,10.);
#831=VECTOR('',#5428,10.);
#832=VECTOR('',#5429,10.);
#833=VECTOR('',#5430,10.);
#834=VECTOR('',#5431,10.);
#835=VECTOR('',#5432,10.);
#836=VECTOR('',#5437,10.);
#837=VECTOR('',#5438,10.);
#838=VECTOR('',#5441,10.);
#839=VECTOR('',#5442,10.);
#840=VECTOR('',#5443,4.);
#841=VECTOR('',#5444,10.);
#842=VECTOR('',#5447,10.);
#843=VECTOR('',#5448,10.);
#844=VECTOR('',#5449,10.);
#845=VECTOR('',#5450,10.);
#846=VECTOR('',#5451,10.);
#847=VECTOR('',#5452,10.);
#848=VECTOR('',#5453,10.);
#849=VECTOR('',#5454,10.);
#850=VECTOR('',#5455,10.);
#851=VECTOR('',#5456,10.);
#852=VECTOR('',#5457,10.);
#853=VECTOR('',#5458,10.);
#854=VECTOR('',#5459,10.);
#855=VECTOR('',#5460,10.);
#856=VECTOR('',#5461,10.);
#857=VECTOR('',#5464,10.);
#858=VECTOR('',#5465,10.);
#859=VECTOR('',#5466,10.);
#860=VECTOR('',#5467,10.);
#861=VECTOR('',#5470,10.);
#862=VECTOR('',#5471,10.);
#863=VECTOR('',#5472,10.);
#864=VECTOR('',#5489,4.);
#865=VECTOR('',#5490,4.);
#866=VECTOR('',#5495,4.);
#867=VECTOR('',#5504,4.);
#868=VECTOR('',#5505,4.);
#869=VECTOR('',#5510,4.);
#870=VECTOR('',#5511,4.);
#871=VECTOR('',#5514,10.);
#872=VECTOR('',#5515,10.);
#873=VECTOR('',#5516,10.);
#874=VECTOR('',#5519,10.);
#875=VECTOR('',#5522,10.);
#876=VECTOR('',#5523,10.);
#877=VECTOR('',#5524,10.);
#878=VECTOR('',#5525,10.);
#879=VECTOR('',#5526,10.);
#880=VECTOR('',#5527,10.);
#881=VECTOR('',#5538,10.);
#882=VECTOR('',#5541,10.);
#883=VECTOR('',#5544,10.);
#884=VECTOR('',#5545,10.);
#885=VECTOR('',#5546,10.);
#886=VECTOR('',#5549,10.);
#887=VECTOR('',#5550,10.);
#888=VECTOR('',#5553,10.);
#889=VECTOR('',#5554,10.);
#890=VECTOR('',#5557,10.);
#891=VECTOR('',#5560,10.);
#892=VECTOR('',#5561,10.);
#893=VECTOR('',#5562,10.);
#894=VECTOR('',#5565,10.);
#895=VECTOR('',#5566,10.);
#896=VECTOR('',#5569,10.);
#897=VECTOR('',#5570,10.);
#898=VECTOR('',#5573,10.);
#899=VECTOR('',#5576,10.);
#900=VECTOR('',#5577,10.);
#901=VECTOR('',#5578,10.);
#902=VECTOR('',#5581,10.);
#903=VECTOR('',#5582,10.);
#904=VECTOR('',#5585,10.);
#905=VECTOR('',#5586,10.);
#906=VECTOR('',#5589,10.);
#907=VECTOR('',#5592,10.);
#908=VECTOR('',#5593,10.);
#909=VECTOR('',#5594,10.);
#910=VECTOR('',#5595,10.);
#911=VECTOR('',#5598,10.);
#912=VECTOR('',#5599,10.);
#913=VECTOR('',#5600,10.);
#914=VECTOR('',#5605,2.5);
#915=VECTOR('',#5618,2.5);
#916=VECTOR('',#5621,10.);
#917=VECTOR('',#5622,10.);
#918=VECTOR('',#5625,10.);
#919=VECTOR('',#5626,10.);
#920=VECTOR('',#5629,10.);
#921=VECTOR('',#5632,10.);
#922=VECTOR('',#5633,10.);
#923=VECTOR('',#5634,10.);
#924=VECTOR('',#5635,10.);
#925=VECTOR('',#5638,10.);
#926=VECTOR('',#5639,10.);
#927=VECTOR('',#5640,10.);
#928=VECTOR('',#5643,10.);
#929=VECTOR('',#5644,10.);
#930=VECTOR('',#5645,10.);
#931=VECTOR('',#5652,2.5);
#932=VECTOR('',#5659,2.5);
#933=VECTOR('',#5666,10.);
#934=VECTOR('',#5667,10.);
#935=VECTOR('',#5668,10.);
#936=VECTOR('',#5671,10.);
#937=VECTOR('',#5672,10.);
#938=VECTOR('',#5675,10.);
#939=VECTOR('',#5676,10.);
#940=VECTOR('',#5677,10.);
#941=VECTOR('',#5680,10.);
#942=VECTOR('',#5683,10.);
#943=VECTOR('',#5684,10.);
#944=VECTOR('',#5685,10.);
#945=VECTOR('',#5688,10.);
#946=VECTOR('',#5689,10.);
#947=VECTOR('',#5690,10.);
#948=VECTOR('',#5693,10.);
#949=VECTOR('',#5694,10.);
#950=VECTOR('',#5695,10.);
#951=VECTOR('',#5702,2.5);
#952=VECTOR('',#5709,2.5);
#953=VECTOR('',#5716,10.);
#954=VECTOR('',#5717,10.);
#955=VECTOR('',#5720,10.);
#956=VECTOR('',#5721,10.);
#957=VECTOR('',#5724,10.);
#958=VECTOR('',#5725,10.);
#959=VECTOR('',#5728,2.5);
#960=VECTOR('',#5731,2.5);
#961=VECTOR('',#5734,2.5);
#962=VECTOR('',#5737,2.5);
#963=VECTOR('',#5740,2.5);
#964=VECTOR('',#5743,2.5);
#965=VECTOR('',#5746,2.5);
#966=VECTOR('',#5749,2.5);
#967=VECTOR('',#5752,10.);
#968=VECTOR('',#5753,10.);
#969=VECTOR('',#5754,10.);
#970=VECTOR('',#5755,10.);
#971=VECTOR('',#5756,10.);
#972=VECTOR('',#5759,10.);
#973=VECTOR('',#5760,10.);
#974=VECTOR('',#5761,10.);
#975=VECTOR('',#5762,10.);
#976=VECTOR('',#5765,10.);
#977=VECTOR('',#5766,10.);
#978=VECTOR('',#5767,10.);
#979=VECTOR('',#5768,10.);
#980=VECTOR('',#5769,10.);
#981=VECTOR('',#5772,10.);
#982=VECTOR('',#5773,10.);
#983=VECTOR('',#5776,10.);
#984=VECTOR('',#5779,1000.);
#985=VECTOR('',#5780,10.);
#986=VECTOR('',#5781,10.);
#987=VECTOR('',#5784,10.);
#988=VECTOR('',#5785,10.);
#989=VECTOR('',#5788,10.);
#990=VECTOR('',#5791,10.);
#991=VECTOR('',#5792,1000.);
#992=VECTOR('',#5795,10.);
#993=VECTOR('',#5796,1000.);
#994=VECTOR('',#5799,10.);
#995=VECTOR('',#5806,10.);
#996=FACE_BOUND('',#1278,.T.);
#997=FACE_BOUND('',#1287,.T.);
#998=FACE_BOUND('',#1289,.T.);
#999=FACE_BOUND('',#1290,.T.);
#1000=FACE_BOUND('',#1291,.T.);
#1001=FACE_BOUND('',#1292,.T.);
#1002=FACE_BOUND('',#1293,.T.);
#1003=FACE_BOUND('',#1294,.T.);
#1004=FACE_BOUND('',#1296,.T.);
#1005=FACE_BOUND('',#1305,.T.);
#1006=FACE_BOUND('',#1307,.T.);
#1007=FACE_BOUND('',#1316,.T.);
#1008=FACE_BOUND('',#1318,.T.);
#1009=FACE_BOUND('',#1331,.T.);
#1010=FACE_BOUND('',#1335,.T.);
#1011=FACE_BOUND('',#1336,.T.);
#1012=FACE_BOUND('',#1337,.T.);
#1013=FACE_BOUND('',#1338,.T.);
#1014=FACE_BOUND('',#1339,.T.);
#1015=FACE_BOUND('',#1340,.T.);
#1016=FACE_BOUND('',#1341,.T.);
#1017=FACE_BOUND('',#1342,.T.);
#1018=FACE_BOUND('',#1343,.T.);
#1019=FACE_BOUND('',#1344,.T.);
#1020=FACE_BOUND('',#1420,.T.);
#1021=FACE_BOUND('',#1424,.T.);
#1022=FACE_BOUND('',#1429,.T.);
#1023=FACE_BOUND('',#1435,.T.);
#1024=FACE_BOUND('',#1440,.T.);
#1025=FACE_BOUND('',#1444,.T.);
#1026=FACE_BOUND('',#1448,.T.);
#1027=FACE_BOUND('',#1452,.T.);
#1028=FACE_BOUND('',#1453,.T.);
#1029=FACE_BOUND('',#1454,.T.);
#1030=FACE_BOUND('',#1455,.T.);
#1031=FACE_BOUND('',#1460,.T.);
#1032=FACE_BOUND('',#1472,.T.);
#1033=FACE_BOUND('',#1495,.T.);
#1034=FACE_BOUND('',#1499,.T.);
#1035=FACE_BOUND('',#1509,.T.);
#1036=FACE_BOUND('',#1511,.T.);
#1037=FACE_BOUND('',#1522,.T.);
#1038=FACE_BOUND('',#1524,.T.);
#1039=FACE_BOUND('',#1536,.T.);
#1040=FACE_BOUND('',#1548,.T.);
#1041=FACE_BOUND('',#1554,.T.);
#1042=FACE_BOUND('',#1555,.T.);
#1043=FACE_BOUND('',#1556,.T.);
#1044=FACE_BOUND('',#1557,.T.);
#1045=FACE_OUTER_BOUND('',#1277,.T.);
#1046=FACE_OUTER_BOUND('',#1279,.T.);
#1047=FACE_OUTER_BOUND('',#1280,.T.);
#1048=FACE_OUTER_BOUND('',#1281,.T.);
#1049=FACE_OUTER_BOUND('',#1282,.T.);
#1050=FACE_OUTER_BOUND('',#1283,.T.);
#1051=FACE_OUTER_BOUND('',#1284,.T.);
#1052=FACE_OUTER_BOUND('',#1285,.T.);
#1053=FACE_OUTER_BOUND('',#1286,.T.);
#1054=FACE_OUTER_BOUND('',#1288,.T.);
#1055=FACE_OUTER_BOUND('',#1295,.T.);
#1056=FACE_OUTER_BOUND('',#1297,.T.);
#1057=FACE_OUTER_BOUND('',#1298,.T.);
#1058=FACE_OUTER_BOUND('',#1299,.T.);
#1059=FACE_OUTER_BOUND('',#1300,.T.);
#1060=FACE_OUTER_BOUND('',#1301,.T.);
#1061=FACE_OUTER_BOUND('',#1302,.T.);
#1062=FACE_OUTER_BOUND('',#1303,.T.);
#1063=FACE_OUTER_BOUND('',#1304,.T.);
#1064=FACE_OUTER_BOUND('',#1306,.T.);
#1065=FACE_OUTER_BOUND('',#1308,.T.);
#1066=FACE_OUTER_BOUND('',#1309,.T.);
#1067=FACE_OUTER_BOUND('',#1310,.T.);
#1068=FACE_OUTER_BOUND('',#1311,.T.);
#1069=FACE_OUTER_BOUND('',#1312,.T.);
#1070=FACE_OUTER_BOUND('',#1313,.T.);
#1071=FACE_OUTER_BOUND('',#1314,.T.);
#1072=FACE_OUTER_BOUND('',#1315,.T.);
#1073=FACE_OUTER_BOUND('',#1317,.T.);
#1074=FACE_OUTER_BOUND('',#1319,.T.);
#1075=FACE_OUTER_BOUND('',#1320,.T.);
#1076=FACE_OUTER_BOUND('',#1321,.T.);
#1077=FACE_OUTER_BOUND('',#1322,.T.);
#1078=FACE_OUTER_BOUND('',#1323,.T.);
#1079=FACE_OUTER_BOUND('',#1324,.T.);
#1080=FACE_OUTER_BOUND('',#1325,.T.);
#1081=FACE_OUTER_BOUND('',#1326,.T.);
#1082=FACE_OUTER_BOUND('',#1327,.T.);
#1083=FACE_OUTER_BOUND('',#1328,.T.);
#1084=FACE_OUTER_BOUND('',#1329,.T.);
#1085=FACE_OUTER_BOUND('',#1330,.T.);
#1086=FACE_OUTER_BOUND('',#1332,.T.);
#1087=FACE_OUTER_BOUND('',#1333,.T.);
#1088=FACE_OUTER_BOUND('',#1334,.T.);
#1089=FACE_OUTER_BOUND('',#1345,.T.);
#1090=FACE_OUTER_BOUND('',#1346,.T.);
#1091=FACE_OUTER_BOUND('',#1347,.T.);
#1092=FACE_OUTER_BOUND('',#1348,.T.);
#1093=FACE_OUTER_BOUND('',#1349,.T.);
#1094=FACE_OUTER_BOUND('',#1350,.T.);
#1095=FACE_OUTER_BOUND('',#1351,.T.);
#1096=FACE_OUTER_BOUND('',#1352,.T.);
#1097=FACE_OUTER_BOUND('',#1353,.T.);
#1098=FACE_OUTER_BOUND('',#1354,.T.);
#1099=FACE_OUTER_BOUND('',#1355,.T.);
#1100=FACE_OUTER_BOUND('',#1356,.T.);
#1101=FACE_OUTER_BOUND('',#1357,.T.);
#1102=FACE_OUTER_BOUND('',#1358,.T.);
#1103=FACE_OUTER_BOUND('',#1359,.T.);
#1104=FACE_OUTER_BOUND('',#1360,.T.);
#1105=FACE_OUTER_BOUND('',#1361,.T.);
#1106=FACE_OUTER_BOUND('',#1362,.T.);
#1107=FACE_OUTER_BOUND('',#1363,.T.);
#1108=FACE_OUTER_BOUND('',#1364,.T.);
#1109=FACE_OUTER_BOUND('',#1365,.T.);
#1110=FACE_OUTER_BOUND('',#1366,.T.);
#1111=FACE_OUTER_BOUND('',#1367,.T.);
#1112=FACE_OUTER_BOUND('',#1368,.T.);
#1113=FACE_OUTER_BOUND('',#1369,.T.);
#1114=FACE_OUTER_BOUND('',#1370,.T.);
#1115=FACE_OUTER_BOUND('',#1371,.T.);
#1116=FACE_OUTER_BOUND('',#1372,.T.);
#1117=FACE_OUTER_BOUND('',#1373,.T.);
#1118=FACE_OUTER_BOUND('',#1374,.T.);
#1119=FACE_OUTER_BOUND('',#1375,.T.);
#1120=FACE_OUTER_BOUND('',#1376,.T.);
#1121=FACE_OUTER_BOUND('',#1377,.T.);
#1122=FACE_OUTER_BOUND('',#1378,.T.);
#1123=FACE_OUTER_BOUND('',#1379,.T.);
#1124=FACE_OUTER_BOUND('',#1380,.T.);
#1125=FACE_OUTER_BOUND('',#1381,.T.);
#1126=FACE_OUTER_BOUND('',#1382,.T.);
#1127=FACE_OUTER_BOUND('',#1383,.T.);
#1128=FACE_OUTER_BOUND('',#1384,.T.);
#1129=FACE_OUTER_BOUND('',#1385,.T.);
#1130=FACE_OUTER_BOUND('',#1386,.T.);
#1131=FACE_OUTER_BOUND('',#1387,.T.);
#1132=FACE_OUTER_BOUND('',#1388,.T.);
#1133=FACE_OUTER_BOUND('',#1389,.T.);
#1134=FACE_OUTER_BOUND('',#1390,.T.);
#1135=FACE_OUTER_BOUND('',#1391,.T.);
#1136=FACE_OUTER_BOUND('',#1392,.T.);
#1137=FACE_OUTER_BOUND('',#1393,.T.);
#1138=FACE_OUTER_BOUND('',#1394,.T.);
#1139=FACE_OUTER_BOUND('',#1395,.T.);
#1140=FACE_OUTER_BOUND('',#1396,.T.);
#1141=FACE_OUTER_BOUND('',#1397,.T.);
#1142=FACE_OUTER_BOUND('',#1398,.T.);
#1143=FACE_OUTER_BOUND('',#1399,.T.);
#1144=FACE_OUTER_BOUND('',#1400,.T.);
#1145=FACE_OUTER_BOUND('',#1401,.T.);
#1146=FACE_OUTER_BOUND('',#1402,.T.);
#1147=FACE_OUTER_BOUND('',#1403,.T.);
#1148=FACE_OUTER_BOUND('',#1404,.T.);
#1149=FACE_OUTER_BOUND('',#1405,.T.);
#1150=FACE_OUTER_BOUND('',#1406,.T.);
#1151=FACE_OUTER_BOUND('',#1407,.T.);
#1152=FACE_OUTER_BOUND('',#1408,.T.);
#1153=FACE_OUTER_BOUND('',#1409,.T.);
#1154=FACE_OUTER_BOUND('',#1410,.T.);
#1155=FACE_OUTER_BOUND('',#1411,.T.);
#1156=FACE_OUTER_BOUND('',#1412,.T.);
#1157=FACE_OUTER_BOUND('',#1413,.T.);
#1158=FACE_OUTER_BOUND('',#1414,.T.);
#1159=FACE_OUTER_BOUND('',#1415,.T.);
#1160=FACE_OUTER_BOUND('',#1416,.T.);
#1161=FACE_OUTER_BOUND('',#1417,.T.);
#1162=FACE_OUTER_BOUND('',#1418,.T.);
#1163=FACE_OUTER_BOUND('',#1419,.T.);
#1164=FACE_OUTER_BOUND('',#1421,.T.);
#1165=FACE_OUTER_BOUND('',#1422,.T.);
#1166=FACE_OUTER_BOUND('',#1423,.T.);
#1167=FACE_OUTER_BOUND('',#1425,.T.);
#1168=FACE_OUTER_BOUND('',#1426,.T.);
#1169=FACE_OUTER_BOUND('',#1427,.T.);
#1170=FACE_OUTER_BOUND('',#1428,.T.);
#1171=FACE_OUTER_BOUND('',#1430,.T.);
#1172=FACE_OUTER_BOUND('',#1431,.T.);
#1173=FACE_OUTER_BOUND('',#1432,.T.);
#1174=FACE_OUTER_BOUND('',#1433,.T.);
#1175=FACE_OUTER_BOUND('',#1434,.T.);
#1176=FACE_OUTER_BOUND('',#1436,.T.);
#1177=FACE_OUTER_BOUND('',#1437,.T.);
#1178=FACE_OUTER_BOUND('',#1438,.T.);
#1179=FACE_OUTER_BOUND('',#1439,.T.);
#1180=FACE_OUTER_BOUND('',#1441,.T.);
#1181=FACE_OUTER_BOUND('',#1442,.T.);
#1182=FACE_OUTER_BOUND('',#1443,.T.);
#1183=FACE_OUTER_BOUND('',#1445,.T.);
#1184=FACE_OUTER_BOUND('',#1446,.T.);
#1185=FACE_OUTER_BOUND('',#1447,.T.);
#1186=FACE_OUTER_BOUND('',#1449,.T.);
#1187=FACE_OUTER_BOUND('',#1450,.T.);
#1188=FACE_OUTER_BOUND('',#1451,.T.);
#1189=FACE_OUTER_BOUND('',#1456,.T.);
#1190=FACE_OUTER_BOUND('',#1457,.T.);
#1191=FACE_OUTER_BOUND('',#1458,.T.);
#1192=FACE_OUTER_BOUND('',#1459,.T.);
#1193=FACE_OUTER_BOUND('',#1461,.T.);
#1194=FACE_OUTER_BOUND('',#1462,.T.);
#1195=FACE_OUTER_BOUND('',#1463,.T.);
#1196=FACE_OUTER_BOUND('',#1464,.T.);
#1197=FACE_OUTER_BOUND('',#1465,.T.);
#1198=FACE_OUTER_BOUND('',#1466,.T.);
#1199=FACE_OUTER_BOUND('',#1467,.T.);
#1200=FACE_OUTER_BOUND('',#1468,.T.);
#1201=FACE_OUTER_BOUND('',#1469,.T.);
#1202=FACE_OUTER_BOUND('',#1470,.T.);
#1203=FACE_OUTER_BOUND('',#1471,.T.);
#1204=FACE_OUTER_BOUND('',#1473,.T.);
#1205=FACE_OUTER_BOUND('',#1474,.T.);
#1206=FACE_OUTER_BOUND('',#1475,.T.);
#1207=FACE_OUTER_BOUND('',#1476,.T.);
#1208=FACE_OUTER_BOUND('',#1477,.T.);
#1209=FACE_OUTER_BOUND('',#1478,.T.);
#1210=FACE_OUTER_BOUND('',#1479,.T.);
#1211=FACE_OUTER_BOUND('',#1480,.T.);
#1212=FACE_OUTER_BOUND('',#1481,.T.);
#1213=FACE_OUTER_BOUND('',#1482,.T.);
#1214=FACE_OUTER_BOUND('',#1483,.T.);
#1215=FACE_OUTER_BOUND('',#1484,.T.);
#1216=FACE_OUTER_BOUND('',#1485,.T.);
#1217=FACE_OUTER_BOUND('',#1486,.T.);
#1218=FACE_OUTER_BOUND('',#1487,.T.);
#1219=FACE_OUTER_BOUND('',#1488,.T.);
#1220=FACE_OUTER_BOUND('',#1489,.T.);
#1221=FACE_OUTER_BOUND('',#1490,.T.);
#1222=FACE_OUTER_BOUND('',#1491,.T.);
#1223=FACE_OUTER_BOUND('',#1492,.T.);
#1224=FACE_OUTER_BOUND('',#1493,.T.);
#1225=FACE_OUTER_BOUND('',#1494,.T.);
#1226=FACE_OUTER_BOUND('',#1496,.T.);
#1227=FACE_OUTER_BOUND('',#1497,.T.);
#1228=FACE_OUTER_BOUND('',#1498,.T.);
#1229=FACE_OUTER_BOUND('',#1500,.T.);
#1230=FACE_OUTER_BOUND('',#1501,.T.);
#1231=FACE_OUTER_BOUND('',#1502,.T.);
#1232=FACE_OUTER_BOUND('',#1503,.T.);
#1233=FACE_OUTER_BOUND('',#1504,.T.);
#1234=FACE_OUTER_BOUND('',#1505,.T.);
#1235=FACE_OUTER_BOUND('',#1506,.T.);
#1236=FACE_OUTER_BOUND('',#1507,.T.);
#1237=FACE_OUTER_BOUND('',#1508,.T.);
#1238=FACE_OUTER_BOUND('',#1510,.T.);
#1239=FACE_OUTER_BOUND('',#1512,.T.);
#1240=FACE_OUTER_BOUND('',#1513,.T.);
#1241=FACE_OUTER_BOUND('',#1514,.T.);
#1242=FACE_OUTER_BOUND('',#1515,.T.);
#1243=FACE_OUTER_BOUND('',#1516,.T.);
#1244=FACE_OUTER_BOUND('',#1517,.T.);
#1245=FACE_OUTER_BOUND('',#1518,.T.);
#1246=FACE_OUTER_BOUND('',#1519,.T.);
#1247=FACE_OUTER_BOUND('',#1520,.T.);
#1248=FACE_OUTER_BOUND('',#1521,.T.);
#1249=FACE_OUTER_BOUND('',#1523,.T.);
#1250=FACE_OUTER_BOUND('',#1525,.T.);
#1251=FACE_OUTER_BOUND('',#1526,.T.);
#1252=FACE_OUTER_BOUND('',#1527,.T.);
#1253=FACE_OUTER_BOUND('',#1528,.T.);
#1254=FACE_OUTER_BOUND('',#1529,.T.);
#1255=FACE_OUTER_BOUND('',#1530,.T.);
#1256=FACE_OUTER_BOUND('',#1531,.T.);
#1257=FACE_OUTER_BOUND('',#1532,.T.);
#1258=FACE_OUTER_BOUND('',#1533,.T.);
#1259=FACE_OUTER_BOUND('',#1534,.T.);
#1260=FACE_OUTER_BOUND('',#1535,.T.);
#1261=FACE_OUTER_BOUND('',#1537,.T.);
#1262=FACE_OUTER_BOUND('',#1538,.T.);
#1263=FACE_OUTER_BOUND('',#1539,.T.);
#1264=FACE_OUTER_BOUND('',#1540,.T.);
#1265=FACE_OUTER_BOUND('',#1541,.T.);
#1266=FACE_OUTER_BOUND('',#1542,.T.);
#1267=FACE_OUTER_BOUND('',#1543,.T.);
#1268=FACE_OUTER_BOUND('',#1544,.T.);
#1269=FACE_OUTER_BOUND('',#1545,.T.);
#1270=FACE_OUTER_BOUND('',#1546,.T.);
#1271=FACE_OUTER_BOUND('',#1547,.T.);
#1272=FACE_OUTER_BOUND('',#1549,.T.);
#1273=FACE_OUTER_BOUND('',#1550,.T.);
#1274=FACE_OUTER_BOUND('',#1551,.T.);
#1275=FACE_OUTER_BOUND('',#1552,.T.);
#1276=FACE_OUTER_BOUND('',#1553,.T.);
#1277=EDGE_LOOP('',(#2665));
#1278=EDGE_LOOP('',(#2666));
#1279=EDGE_LOOP('',(#2667,#2668,#2669,#2670,#2671));
#1280=EDGE_LOOP('',(#2672,#2673,#2674,#2675));
#1281=EDGE_LOOP('',(#2676,#2677,#2678,#2679));
#1282=EDGE_LOOP('',(#2680,#2681,#2682,#2683));
#1283=EDGE_LOOP('',(#2684,#2685,#2686,#2687,#2688));
#1284=EDGE_LOOP('',(#2689,#2690,#2691,#2692));
#1285=EDGE_LOOP('',(#2693,#2694,#2695,#2696,#2697));
#1286=EDGE_LOOP('',(#2698,#2699,#2700,#2701,#2702));
#1287=EDGE_LOOP('',(#2703));
#1288=EDGE_LOOP('',(#2704,#2705,#2706,#2707,#2708,#2709,#2710,#2711,#2712,
#2713,#2714,#2715,#2716,#2717,#2718,#2719,#2720,#2721,#2722,#2723));
#1289=EDGE_LOOP('',(#2724,#2725,#2726,#2727,#2728,#2729,#2730,#2731));
#1290=EDGE_LOOP('',(#2732,#2733,#2734,#2735,#2736,#2737,#2738,#2739));
#1291=EDGE_LOOP('',(#2740,#2741,#2742,#2743,#2744,#2745,#2746,#2747));
#1292=EDGE_LOOP('',(#2748,#2749,#2750,#2751,#2752,#2753,#2754,#2755));
#1293=EDGE_LOOP('',(#2756,#2757,#2758,#2759,#2760,#2761,#2762,#2763));
#1294=EDGE_LOOP('',(#2764,#2765,#2766,#2767,#2768,#2769,#2770,#2771));
#1295=EDGE_LOOP('',(#2772));
#1296=EDGE_LOOP('',(#2773));
#1297=EDGE_LOOP('',(#2774,#2775,#2776,#2777));
#1298=EDGE_LOOP('',(#2778,#2779,#2780,#2781,#2782));
#1299=EDGE_LOOP('',(#2783,#2784,#2785,#2786,#2787));
#1300=EDGE_LOOP('',(#2788,#2789,#2790,#2791));
#1301=EDGE_LOOP('',(#2792,#2793,#2794,#2795));
#1302=EDGE_LOOP('',(#2796,#2797,#2798,#2799));
#1303=EDGE_LOOP('',(#2800,#2801,#2802,#2803,#2804,#2805,#2806,#2807));
#1304=EDGE_LOOP('',(#2808,#2809,#2810,#2811,#2812));
#1305=EDGE_LOOP('',(#2813));
#1306=EDGE_LOOP('',(#2814));
#1307=EDGE_LOOP('',(#2815));
#1308=EDGE_LOOP('',(#2816,#2817,#2818,#2819,#2820));
#1309=EDGE_LOOP('',(#2821,#2822,#2823,#2824));
#1310=EDGE_LOOP('',(#2825,#2826,#2827,#2828));
#1311=EDGE_LOOP('',(#2829,#2830,#2831,#2832,#2833));
#1312=EDGE_LOOP('',(#2834,#2835,#2836,#2837));
#1313=EDGE_LOOP('',(#2838,#2839,#2840,#2841));
#1314=EDGE_LOOP('',(#2842,#2843,#2844,#2845,#2846));
#1315=EDGE_LOOP('',(#2847,#2848,#2849,#2850,#2851));
#1316=EDGE_LOOP('',(#2852));
#1317=EDGE_LOOP('',(#2853));
#1318=EDGE_LOOP('',(#2854));
#1319=EDGE_LOOP('',(#2855,#2856,#2857));
#1320=EDGE_LOOP('',(#2858,#2859,#2860,#2861));
#1321=EDGE_LOOP('',(#2862,#2863,#2864,#2865,#2866));
#1322=EDGE_LOOP('',(#2867,#2868,#2869,#2870,#2871));
#1323=EDGE_LOOP('',(#2872,#2873,#2874,#2875));
#1324=EDGE_LOOP('',(#2876,#2877,#2878,#2879));
#1325=EDGE_LOOP('',(#2880,#2881,#2882,#2883,#2884));
#1326=EDGE_LOOP('',(#2885,#2886,#2887,#2888));
#1327=EDGE_LOOP('',(#2889,#2890,#2891,#2892));
#1328=EDGE_LOOP('',(#2893,#2894,#2895,#2896,#2897));
#1329=EDGE_LOOP('',(#2898,#2899,#2900,#2901,#2902,#2903));
#1330=EDGE_LOOP('',(#2904,#2905,#2906,#2907,#2908,#2909,#2910,#2911));
#1331=EDGE_LOOP('',(#2912));
#1332=EDGE_LOOP('',(#2913,#2914,#2915,#2916));
#1333=EDGE_LOOP('',(#2917,#2918,#2919,#2920));
#1334=EDGE_LOOP('',(#2921,#2922,#2923,#2924,#2925,#2926,#2927,#2928));
#1335=EDGE_LOOP('',(#2929));
#1336=EDGE_LOOP('',(#2930,#2931,#2932,#2933,#2934,#2935,#2936,#2937));
#1337=EDGE_LOOP('',(#2938,#2939,#2940,#2941,#2942,#2943,#2944,#2945));
#1338=EDGE_LOOP('',(#2946,#2947,#2948,#2949,#2950,#2951,#2952,#2953));
#1339=EDGE_LOOP('',(#2954,#2955,#2956,#2957,#2958,#2959,#2960,#2961));
#1340=EDGE_LOOP('',(#2962,#2963,#2964,#2965,#2966,#2967,#2968,#2969));
#1341=EDGE_LOOP('',(#2970,#2971,#2972,#2973,#2974,#2975,#2976,#2977));
#1342=EDGE_LOOP('',(#2978));
#1343=EDGE_LOOP('',(#2979));
#1344=EDGE_LOOP('',(#2980));
#1345=EDGE_LOOP('',(#2981,#2982,#2983,#2984,#2985,#2986,#2987));
#1346=EDGE_LOOP('',(#2988,#2989,#2990,#2991,#2992));
#1347=EDGE_LOOP('',(#2993,#2994,#2995,#2996,#2997));
#1348=EDGE_LOOP('',(#2998,#2999,#3000,#3001));
#1349=EDGE_LOOP('',(#3002,#3003,#3004,#3005,#3006));
#1350=EDGE_LOOP('',(#3007,#3008,#3009,#3010,#3011,#3012));
#1351=EDGE_LOOP('',(#3013,#3014,#3015,#3016));
#1352=EDGE_LOOP('',(#3017,#3018,#3019,#3020));
#1353=EDGE_LOOP('',(#3021,#3022,#3023,#3024));
#1354=EDGE_LOOP('',(#3025,#3026,#3027,#3028));
#1355=EDGE_LOOP('',(#3029,#3030,#3031,#3032,#3033,#3034));
#1356=EDGE_LOOP('',(#3035,#3036,#3037,#3038));
#1357=EDGE_LOOP('',(#3039,#3040,#3041,#3042));
#1358=EDGE_LOOP('',(#3043,#3044,#3045,#3046));
#1359=EDGE_LOOP('',(#3047,#3048,#3049,#3050));
#1360=EDGE_LOOP('',(#3051,#3052,#3053,#3054));
#1361=EDGE_LOOP('',(#3055,#3056,#3057,#3058));
#1362=EDGE_LOOP('',(#3059,#3060,#3061,#3062));
#1363=EDGE_LOOP('',(#3063,#3064,#3065,#3066));
#1364=EDGE_LOOP('',(#3067,#3068,#3069,#3070));
#1365=EDGE_LOOP('',(#3071,#3072,#3073,#3074));
#1366=EDGE_LOOP('',(#3075,#3076,#3077,#3078));
#1367=EDGE_LOOP('',(#3079,#3080,#3081,#3082));
#1368=EDGE_LOOP('',(#3083,#3084,#3085,#3086));
#1369=EDGE_LOOP('',(#3087,#3088,#3089,#3090));
#1370=EDGE_LOOP('',(#3091,#3092,#3093,#3094));
#1371=EDGE_LOOP('',(#3095,#3096,#3097,#3098));
#1372=EDGE_LOOP('',(#3099,#3100,#3101,#3102));
#1373=EDGE_LOOP('',(#3103,#3104,#3105,#3106));
#1374=EDGE_LOOP('',(#3107,#3108,#3109,#3110));
#1375=EDGE_LOOP('',(#3111,#3112,#3113,#3114));
#1376=EDGE_LOOP('',(#3115,#3116,#3117,#3118));
#1377=EDGE_LOOP('',(#3119,#3120,#3121,#3122));
#1378=EDGE_LOOP('',(#3123,#3124,#3125,#3126));
#1379=EDGE_LOOP('',(#3127,#3128,#3129,#3130));
#1380=EDGE_LOOP('',(#3131,#3132,#3133,#3134));
#1381=EDGE_LOOP('',(#3135,#3136,#3137,#3138));
#1382=EDGE_LOOP('',(#3139,#3140,#3141,#3142));
#1383=EDGE_LOOP('',(#3143,#3144,#3145,#3146));
#1384=EDGE_LOOP('',(#3147,#3148,#3149,#3150));
#1385=EDGE_LOOP('',(#3151,#3152,#3153,#3154));
#1386=EDGE_LOOP('',(#3155,#3156,#3157,#3158));
#1387=EDGE_LOOP('',(#3159,#3160,#3161,#3162));
#1388=EDGE_LOOP('',(#3163,#3164,#3165,#3166));
#1389=EDGE_LOOP('',(#3167,#3168,#3169,#3170));
#1390=EDGE_LOOP('',(#3171,#3172,#3173,#3174));
#1391=EDGE_LOOP('',(#3175,#3176,#3177,#3178));
#1392=EDGE_LOOP('',(#3179,#3180,#3181,#3182));
#1393=EDGE_LOOP('',(#3183,#3184,#3185,#3186));
#1394=EDGE_LOOP('',(#3187,#3188,#3189,#3190));
#1395=EDGE_LOOP('',(#3191,#3192,#3193,#3194));
#1396=EDGE_LOOP('',(#3195,#3196,#3197,#3198));
#1397=EDGE_LOOP('',(#3199,#3200,#3201,#3202));
#1398=EDGE_LOOP('',(#3203,#3204,#3205,#3206));
#1399=EDGE_LOOP('',(#3207,#3208,#3209,#3210));
#1400=EDGE_LOOP('',(#3211,#3212,#3213,#3214));
#1401=EDGE_LOOP('',(#3215,#3216,#3217,#3218));
#1402=EDGE_LOOP('',(#3219,#3220,#3221,#3222));
#1403=EDGE_LOOP('',(#3223,#3224,#3225,#3226));
#1404=EDGE_LOOP('',(#3227,#3228,#3229,#3230));
#1405=EDGE_LOOP('',(#3231,#3232,#3233,#3234));
#1406=EDGE_LOOP('',(#3235,#3236,#3237,#3238));
#1407=EDGE_LOOP('',(#3239,#3240,#3241,#3242));
#1408=EDGE_LOOP('',(#3243,#3244,#3245,#3246));
#1409=EDGE_LOOP('',(#3247,#3248,#3249,#3250));
#1410=EDGE_LOOP('',(#3251,#3252,#3253,#3254));
#1411=EDGE_LOOP('',(#3255,#3256,#3257,#3258));
#1412=EDGE_LOOP('',(#3259));
#1413=EDGE_LOOP('',(#3260));
#1414=EDGE_LOOP('',(#3261));
#1415=EDGE_LOOP('',(#3262));
#1416=EDGE_LOOP('',(#3263,#3264,#3265,#3266));
#1417=EDGE_LOOP('',(#3267,#3268,#3269,#3270));
#1418=EDGE_LOOP('',(#3271,#3272,#3273,#3274));
#1419=EDGE_LOOP('',(#3275,#3276,#3277,#3278,#3279,#3280,#3281));
#1420=EDGE_LOOP('',(#3282));
#1421=EDGE_LOOP('',(#3283,#3284,#3285,#3286));
#1422=EDGE_LOOP('',(#3287,#3288,#3289,#3290));
#1423=EDGE_LOOP('',(#3291));
#1424=EDGE_LOOP('',(#3292));
#1425=EDGE_LOOP('',(#3293,#3294,#3295,#3296));
#1426=EDGE_LOOP('',(#3297,#3298,#3299,#3300));
#1427=EDGE_LOOP('',(#3301,#3302,#3303,#3304));
#1428=EDGE_LOOP('',(#3305,#3306,#3307,#3308,#3309,#3310,#3311,#3312,#3313,
#3314));
#1429=EDGE_LOOP('',(#3315));
#1430=EDGE_LOOP('',(#3316,#3317,#3318,#3319,#3320));
#1431=EDGE_LOOP('',(#3321,#3322,#3323,#3324));
#1432=EDGE_LOOP('',(#3325,#3326,#3327,#3328));
#1433=EDGE_LOOP('',(#3329,#3330,#3331,#3332));
#1434=EDGE_LOOP('',(#3333));
#1435=EDGE_LOOP('',(#3334));
#1436=EDGE_LOOP('',(#3335,#3336,#3337,#3338));
#1437=EDGE_LOOP('',(#3339,#3340,#3341,#3342));
#1438=EDGE_LOOP('',(#3343,#3344,#3345,#3346));
#1439=EDGE_LOOP('',(#3347,#3348,#3349,#3350,#3351,#3352,#3353));
#1440=EDGE_LOOP('',(#3354));
#1441=EDGE_LOOP('',(#3355,#3356,#3357,#3358));
#1442=EDGE_LOOP('',(#3359,#3360,#3361,#3362));
#1443=EDGE_LOOP('',(#3363));
#1444=EDGE_LOOP('',(#3364));
#1445=EDGE_LOOP('',(#3365,#3366,#3367));
#1446=EDGE_LOOP('',(#3368,#3369,#3370,#3371));
#1447=EDGE_LOOP('',(#3372,#3373,#3374,#3375,#3376,#3377,#3378,#3379,#3380,
#3381));
#1448=EDGE_LOOP('',(#3382));
#1449=EDGE_LOOP('',(#3383,#3384,#3385,#3386));
#1450=EDGE_LOOP('',(#3387,#3388,#3389,#3390,#3391,#3392,#3393,#3394));
#1451=EDGE_LOOP('',(#3395,#3396,#3397,#3398,#3399,#3400,#3401));
#1452=EDGE_LOOP('',(#3402,#3403,#3404,#3405,#3406,#3407,#3408,#3409));
#1453=EDGE_LOOP('',(#3410,#3411,#3412,#3413));
#1454=EDGE_LOOP('',(#3414,#3415,#3416,#3417));
#1455=EDGE_LOOP('',(#3418,#3419,#3420,#3421));
#1456=EDGE_LOOP('',(#3422,#3423,#3424,#3425,#3426,#3427));
#1457=EDGE_LOOP('',(#3428,#3429,#3430,#3431));
#1458=EDGE_LOOP('',(#3432,#3433,#3434,#3435));
#1459=EDGE_LOOP('',(#3436));
#1460=EDGE_LOOP('',(#3437));
#1461=EDGE_LOOP('',(#3438,#3439,#3440,#3441));
#1462=EDGE_LOOP('',(#3442,#3443,#3444,#3445));
#1463=EDGE_LOOP('',(#3446,#3447,#3448,#3449));
#1464=EDGE_LOOP('',(#3450,#3451,#3452,#3453));
#1465=EDGE_LOOP('',(#3454,#3455,#3456,#3457));
#1466=EDGE_LOOP('',(#3458,#3459,#3460,#3461));
#1467=EDGE_LOOP('',(#3462,#3463,#3464,#3465));
#1468=EDGE_LOOP('',(#3466,#3467,#3468,#3469));
#1469=EDGE_LOOP('',(#3470,#3471,#3472,#3473,#3474,#3475,#3476,#3477));
#1470=EDGE_LOOP('',(#3478,#3479,#3480,#3481));
#1471=EDGE_LOOP('',(#3482,#3483,#3484,#3485,#3486,#3487,#3488,#3489));
#1472=EDGE_LOOP('',(#3490,#3491,#3492,#3493));
#1473=EDGE_LOOP('',(#3494,#3495,#3496,#3497));
#1474=EDGE_LOOP('',(#3498,#3499,#3500,#3501,#3502,#3503,#3504,#3505));
#1475=EDGE_LOOP('',(#3506,#3507,#3508,#3509));
#1476=EDGE_LOOP('',(#3510,#3511,#3512,#3513));
#1477=EDGE_LOOP('',(#3514,#3515,#3516,#3517,#3518));
#1478=EDGE_LOOP('',(#3519,#3520,#3521,#3522));
#1479=EDGE_LOOP('',(#3523,#3524,#3525,#3526));
#1480=EDGE_LOOP('',(#3527,#3528,#3529,#3530));
#1481=EDGE_LOOP('',(#3531,#3532,#3533,#3534));
#1482=EDGE_LOOP('',(#3535,#3536,#3537,#3538));
#1483=EDGE_LOOP('',(#3539,#3540,#3541,#3542));
#1484=EDGE_LOOP('',(#3543,#3544,#3545,#3546));
#1485=EDGE_LOOP('',(#3547,#3548,#3549,#3550));
#1486=EDGE_LOOP('',(#3551,#3552,#3553,#3554));
#1487=EDGE_LOOP('',(#3555,#3556,#3557,#3558));
#1488=EDGE_LOOP('',(#3559,#3560,#3561,#3562));
#1489=EDGE_LOOP('',(#3563,#3564,#3565,#3566));
#1490=EDGE_LOOP('',(#3567,#3568,#3569,#3570));
#1491=EDGE_LOOP('',(#3571,#3572,#3573,#3574));
#1492=EDGE_LOOP('',(#3575,#3576,#3577,#3578));
#1493=EDGE_LOOP('',(#3579,#3580,#3581,#3582));
#1494=EDGE_LOOP('',(#3583));
#1495=EDGE_LOOP('',(#3584));
#1496=EDGE_LOOP('',(#3585));
#1497=EDGE_LOOP('',(#3586,#3587,#3588,#3589));
#1498=EDGE_LOOP('',(#3590,#3591,#3592,#3593));
#1499=EDGE_LOOP('',(#3594));
#1500=EDGE_LOOP('',(#3595,#3596,#3597,#3598));
#1501=EDGE_LOOP('',(#3599,#3600,#3601,#3602));
#1502=EDGE_LOOP('',(#3603,#3604,#3605,#3606));
#1503=EDGE_LOOP('',(#3607,#3608,#3609,#3610));
#1504=EDGE_LOOP('',(#3611,#3612,#3613,#3614));
#1505=EDGE_LOOP('',(#3615));
#1506=EDGE_LOOP('',(#3616,#3617,#3618,#3619));
#1507=EDGE_LOOP('',(#3620,#3621,#3622,#3623));
#1508=EDGE_LOOP('',(#3624));
#1509=EDGE_LOOP('',(#3625));
#1510=EDGE_LOOP('',(#3626,#3627,#3628,#3629,#3630,#3631));
#1511=EDGE_LOOP('',(#3632));
#1512=EDGE_LOOP('',(#3633,#3634,#3635,#3636));
#1513=EDGE_LOOP('',(#3637,#3638,#3639,#3640,#3641,#3642));
#1514=EDGE_LOOP('',(#3643,#3644,#3645,#3646,#3647,#3648));
#1515=EDGE_LOOP('',(#3649,#3650,#3651,#3652));
#1516=EDGE_LOOP('',(#3653,#3654,#3655,#3656));
#1517=EDGE_LOOP('',(#3657,#3658,#3659,#3660));
#1518=EDGE_LOOP('',(#3661));
#1519=EDGE_LOOP('',(#3662,#3663,#3664,#3665));
#1520=EDGE_LOOP('',(#3666,#3667,#3668,#3669));
#1521=EDGE_LOOP('',(#3670));
#1522=EDGE_LOOP('',(#3671));
#1523=EDGE_LOOP('',(#3672,#3673,#3674,#3675,#3676,#3677));
#1524=EDGE_LOOP('',(#3678));
#1525=EDGE_LOOP('',(#3679,#3680,#3681,#3682));
#1526=EDGE_LOOP('',(#3683,#3684,#3685,#3686,#3687,#3688));
#1527=EDGE_LOOP('',(#3689,#3690,#3691,#3692));
#1528=EDGE_LOOP('',(#3693,#3694,#3695,#3696));
#1529=EDGE_LOOP('',(#3697,#3698,#3699,#3700));
#1530=EDGE_LOOP('',(#3701,#3702,#3703,#3704));
#1531=EDGE_LOOP('',(#3705,#3706,#3707,#3708));
#1532=EDGE_LOOP('',(#3709,#3710,#3711,#3712));
#1533=EDGE_LOOP('',(#3713,#3714,#3715,#3716));
#1534=EDGE_LOOP('',(#3717,#3718,#3719,#3720));
#1535=EDGE_LOOP('',(#3721,#3722,#3723,#3724,#3725,#3726,#3727,#3728,#3729,
#3730,#3731,#3732,#3733,#3734,#3735,#3736,#3737,#3738,#3739,#3740));
#1536=EDGE_LOOP('',(#3741,#3742,#3743,#3744));
#1537=EDGE_LOOP('',(#3745,#3746,#3747,#3748,#3749,#3750,#3751,#3752));
#1538=EDGE_LOOP('',(#3753,#3754,#3755,#3756,#3757,#3758));
#1539=EDGE_LOOP('',(#3759,#3760,#3761,#3762,#3763));
#1540=EDGE_LOOP('',(#3764,#3765,#3766,#3767,#3768));
#1541=EDGE_LOOP('',(#3769,#3770,#3771,#3772));
#1542=EDGE_LOOP('',(#3773,#3774,#3775,#3776,#3777,#3778));
#1543=EDGE_LOOP('',(#3779,#3780,#3781,#3782));
#1544=EDGE_LOOP('',(#3783,#3784,#3785,#3786));
#1545=EDGE_LOOP('',(#3787,#3788,#3789,#3790));
#1546=EDGE_LOOP('',(#3791,#3792,#3793,#3794));
#1547=EDGE_LOOP('',(#3795,#3796,#3797,#3798,#3799,#3800));
#1548=EDGE_LOOP('',(#3801,#3802,#3803,#3804));
#1549=EDGE_LOOP('',(#3805,#3806,#3807,#3808));
#1550=EDGE_LOOP('',(#3809,#3810,#3811,#3812));
#1551=EDGE_LOOP('',(#3813,#3814,#3815,#3816,#3817,#3818));
#1552=EDGE_LOOP('',(#3819,#3820,#3821,#3822,#3823,#3824,#3825));
#1553=EDGE_LOOP('',(#3826,#3827,#3828,#3829,#3830,#3831,#3832));
#1554=EDGE_LOOP('',(#3833,#3834,#3835,#3836,#3837,#3838,#3839,#3840));
#1555=EDGE_LOOP('',(#3841,#3842,#3843,#3844));
#1556=EDGE_LOOP('',(#3845,#3846,#3847,#3848));
#1557=EDGE_LOOP('',(#3849,#3850,#3851,#3852));
#1558=CIRCLE('',#4258,3.);
#1559=CIRCLE('',#4259,1.5);
#1560=CIRCLE('',#4261,5.);
#1561=CIRCLE('',#4262,5.);
#1562=CIRCLE('',#4264,1.5);
#1563=CIRCLE('',#4270,5.);
#1564=CIRCLE('',#4271,5.);
#1565=CIRCLE('',#4274,5.);
#1566=CIRCLE('',#4275,5.);
#1567=CIRCLE('',#4276,5.00000000000001);
#1568=CIRCLE('',#4277,0.999999999999992);
#1569=CIRCLE('',#4278,0.999999999999996);
#1570=CIRCLE('',#4279,0.999999999999996);
#1571=CIRCLE('',#4280,0.999999999999996);
#1572=CIRCLE('',#4281,0.999999999999992);
#1573=CIRCLE('',#4282,0.999999999999996);
#1574=CIRCLE('',#4283,0.999999999999996);
#1575=CIRCLE('',#4284,0.999999999999996);
#1576=CIRCLE('',#4285,0.999999999999992);
#1577=CIRCLE('',#4286,0.999999999999996);
#1578=CIRCLE('',#4287,0.999999999999996);
#1579=CIRCLE('',#4288,0.999999999999996);
#1580=CIRCLE('',#4289,0.999999999999992);
#1581=CIRCLE('',#4290,0.999999999999996);
#1582=CIRCLE('',#4291,0.999999999999996);
#1583=CIRCLE('',#4292,0.999999999999996);
#1584=CIRCLE('',#4293,0.999999999999992);
#1585=CIRCLE('',#4294,0.999999999999996);
#1586=CIRCLE('',#4295,0.999999999999996);
#1587=CIRCLE('',#4296,0.999999999999996);
#1588=CIRCLE('',#4297,0.999999999999992);
#1589=CIRCLE('',#4298,0.999999999999996);
#1590=CIRCLE('',#4299,0.999999999999996);
#1591=CIRCLE('',#4300,0.999999999999996);
#1592=CIRCLE('',#4302,3.);
#1593=CIRCLE('',#4303,1.5);
#1594=CIRCLE('',#4305,1.5);
#1595=CIRCLE('',#4310,5.);
#1596=CIRCLE('',#4311,5.);
#1597=CIRCLE('',#4314,5.);
#1598=CIRCLE('',#4317,3.);
#1599=CIRCLE('',#4318,1.5);
#1600=CIRCLE('',#4320,5.);
#1601=CIRCLE('',#4321,5.00000000000001);
#1602=CIRCLE('',#4323,1.5);
#1603=CIRCLE('',#4329,5.00000000000001);
#1604=CIRCLE('',#4332,3.);
#1605=CIRCLE('',#4333,1.5);
#1606=CIRCLE('',#4336,1.5);
#1607=CIRCLE('',#4344,5.);
#1608=CIRCLE('',#4345,5.);
#1609=CIRCLE('',#4347,5.);
#1610=CIRCLE('',#4348,5.);
#1611=CIRCLE('',#4349,5.);
#1612=CIRCLE('',#4351,5.);
#1613=CIRCLE('',#4354,5.);
#1614=CIRCLE('',#4356,5.);
#1615=CIRCLE('',#4358,5.);
#1616=CIRCLE('',#4359,5.);
#1617=CIRCLE('',#4360,5.);
#1618=CIRCLE('',#4361,3.);
#1619=CIRCLE('',#4362,0.999999999999996);
#1620=CIRCLE('',#4363,0.999999999999996);
#1621=CIRCLE('',#4364,0.999999999999996);
#1622=CIRCLE('',#4365,0.999999999999992);
#1623=CIRCLE('',#4366,0.999999999999996);
#1624=CIRCLE('',#4367,0.999999999999996);
#1625=CIRCLE('',#4368,0.999999999999996);
#1626=CIRCLE('',#4369,0.999999999999992);
#1627=CIRCLE('',#4370,0.999999999999996);
#1628=CIRCLE('',#4371,0.999999999999996);
#1629=CIRCLE('',#4372,0.999999999999996);
#1630=CIRCLE('',#4373,0.999999999999992);
#1631=CIRCLE('',#4374,0.999999999999996);
#1632=CIRCLE('',#4375,0.999999999999996);
#1633=CIRCLE('',#4376,0.999999999999996);
#1634=CIRCLE('',#4377,0.999999999999992);
#1635=CIRCLE('',#4378,0.999999999999996);
#1636=CIRCLE('',#4379,0.999999999999996);
#1637=CIRCLE('',#4380,0.999999999999996);
#1638=CIRCLE('',#4381,0.999999999999992);
#1639=CIRCLE('',#4382,0.999999999999996);
#1640=CIRCLE('',#4383,0.999999999999996);
#1641=CIRCLE('',#4384,0.999999999999996);
#1642=CIRCLE('',#4385,0.999999999999992);
#1643=CIRCLE('',#4386,3.);
#1644=CIRCLE('',#4387,3.);
#1645=CIRCLE('',#4388,3.);
#1646=CIRCLE('',#4465,1.5);
#1647=CIRCLE('',#4467,1.5);
#1648=CIRCLE('',#4469,1.5);
#1649=CIRCLE('',#4471,1.5);
#1650=CIRCLE('',#4475,5.);
#1651=CIRCLE('',#4479,2.5);
#1652=CIRCLE('',#4483,2.5);
#1653=CIRCLE('',#4484,1.5);
#1654=CIRCLE('',#4489,5.);
#1655=CIRCLE('',#4492,2.5);
#1656=CIRCLE('',#4498,2.5);
#1657=CIRCLE('',#4499,1.5);
#1658=CIRCLE('',#4502,5.00000000000001);
#1659=CIRCLE('',#4507,2.5);
#1660=CIRCLE('',#4511,2.5);
#1661=CIRCLE('',#4512,1.5);
#1662=CIRCLE('',#4514,4.99999999999999);
#1663=CIRCLE('',#4519,2.5);
#1664=CIRCLE('',#4527,2.5);
#1665=CIRCLE('',#4528,1.5);
#1666=CIRCLE('',#4529,3.99999999999999);
#1667=CIRCLE('',#4530,4.);
#1668=CIRCLE('',#4532,4.00000000000001);
#1669=CIRCLE('',#4534,4.);
#1670=CIRCLE('',#4535,4.00000000000002);
#1671=CIRCLE('',#4536,4.);
#1672=CIRCLE('',#4538,4.);
#1673=CIRCLE('',#4540,4.);
#1674=CIRCLE('',#4565,2.5);
#1675=CIRCLE('',#4566,2.5);
#1676=CIRCLE('',#4568,1.5);
#1677=CIRCLE('',#4570,1.5);
#1678=CIRCLE('',#4579,1.5);
#1679=CIRCLE('',#4581,1.5);
#1680=CIRCLE('',#4583,2.5);
#1681=CIRCLE('',#4584,2.5);
#1682=CIRCLE('',#4594,1.5);
#1683=CIRCLE('',#4596,1.5);
#1684=CIRCLE('',#4598,2.5);
#1685=CIRCLE('',#4599,2.5);
#1686=VERTEX_POINT('',#5815);
#1687=VERTEX_POINT('',#5817);
#1688=VERTEX_POINT('',#5820);
#1689=VERTEX_POINT('',#5821);
#1690=VERTEX_POINT('',#5823);
#1691=VERTEX_POINT('',#5825);
#1692=VERTEX_POINT('',#5827);
#1693=VERTEX_POINT('',#5831);
#1694=VERTEX_POINT('',#5835);
#1695=VERTEX_POINT('',#5836);
#1696=VERTEX_POINT('',#5838);
#1697=VERTEX_POINT('',#5840);
#1698=VERTEX_POINT('',#5844);
#1699=VERTEX_POINT('',#5846);
#1700=VERTEX_POINT('',#5850);
#1701=VERTEX_POINT('',#5855);
#1702=VERTEX_POINT('',#5863);
#1703=VERTEX_POINT('',#5865);
#1704=VERTEX_POINT('',#5867);
#1705=VERTEX_POINT('',#5869);
#1706=VERTEX_POINT('',#5871);
#1707=VERTEX_POINT('',#5873);
#1708=VERTEX_POINT('',#5875);
#1709=VERTEX_POINT('',#5877);
#1710=VERTEX_POINT('',#5879);
#1711=VERTEX_POINT('',#5881);
#1712=VERTEX_POINT('',#5883);
#1713=VERTEX_POINT('',#5885);
#1714=VERTEX_POINT('',#5887);
#1715=VERTEX_POINT('',#5889);
#1716=VERTEX_POINT('',#5891);
#1717=VERTEX_POINT('',#5894);
#1718=VERTEX_POINT('',#5895);
#1719=VERTEX_POINT('',#5897);
#1720=VERTEX_POINT('',#5899);
#1721=VERTEX_POINT('',#5901);
#1722=VERTEX_POINT('',#5903);
#1723=VERTEX_POINT('',#5905);
#1724=VERTEX_POINT('',#5907);
#1725=VERTEX_POINT('',#5910);
#1726=VERTEX_POINT('',#5911);
#1727=VERTEX_POINT('',#5913);
#1728=VERTEX_POINT('',#5915);
#1729=VERTEX_POINT('',#5917);
#1730=VERTEX_POINT('',#5919);
#1731=VERTEX_POINT('',#5921);
#1732=VERTEX_POINT('',#5923);
#1733=VERTEX_POINT('',#5926);
#1734=VERTEX_POINT('',#5927);
#1735=VERTEX_POINT('',#5929);
#1736=VERTEX_POINT('',#5931);
#1737=VERTEX_POINT('',#5933);
#1738=VERTEX_POINT('',#5935);
#1739=VERTEX_POINT('',#5937);
#1740=VERTEX_POINT('',#5939);
#1741=VERTEX_POINT('',#5942);
#1742=VERTEX_POINT('',#5943);
#1743=VERTEX_POINT('',#5945);
#1744=VERTEX_POINT('',#5947);
#1745=VERTEX_POINT('',#5949);
#1746=VERTEX_POINT('',#5951);
#1747=VERTEX_POINT('',#5953);
#1748=VERTEX_POINT('',#5955);
#1749=VERTEX_POINT('',#5958);
#1750=VERTEX_POINT('',#5959);
#1751=VERTEX_POINT('',#5961);
#1752=VERTEX_POINT('',#5963);
#1753=VERTEX_POINT('',#5965);
#1754=VERTEX_POINT('',#5967);
#1755=VERTEX_POINT('',#5969);
#1756=VERTEX_POINT('',#5971);
#1757=VERTEX_POINT('',#5974);
#1758=VERTEX_POINT('',#5975);
#1759=VERTEX_POINT('',#5977);
#1760=VERTEX_POINT('',#5979);
#1761=VERTEX_POINT('',#5981);
#1762=VERTEX_POINT('',#5983);
#1763=VERTEX_POINT('',#5985);
#1764=VERTEX_POINT('',#5987);
#1765=VERTEX_POINT('',#5991);
#1766=VERTEX_POINT('',#5993);
#1767=VERTEX_POINT('',#5996);
#1768=VERTEX_POINT('',#6000);
#1769=VERTEX_POINT('',#6001);
#1770=VERTEX_POINT('',#6003);
#1771=VERTEX_POINT('',#6008);
#1772=VERTEX_POINT('',#6010);
#1773=VERTEX_POINT('',#6014);
#1774=VERTEX_POINT('',#6016);
#1775=VERTEX_POINT('',#6020);
#1776=VERTEX_POINT('',#6022);
#1777=VERTEX_POINT('',#6029);
#1778=VERTEX_POINT('',#6031);
#1779=VERTEX_POINT('',#6036);
#1780=VERTEX_POINT('',#6038);
#1781=VERTEX_POINT('',#6041);
#1782=VERTEX_POINT('',#6044);
#1783=VERTEX_POINT('',#6046);
#1784=VERTEX_POINT('',#6050);
#1785=VERTEX_POINT('',#6054);
#1786=VERTEX_POINT('',#6055);
#1787=VERTEX_POINT('',#6060);
#1788=VERTEX_POINT('',#6064);
#1789=VERTEX_POINT('',#6068);
#1790=VERTEX_POINT('',#6075);
#1791=VERTEX_POINT('',#6077);
#1792=VERTEX_POINT('',#6080);
#1793=VERTEX_POINT('',#6082);
#1794=VERTEX_POINT('',#6086);
#1795=VERTEX_POINT('',#6090);
#1796=VERTEX_POINT('',#6091);
#1797=VERTEX_POINT('',#6093);
#1798=VERTEX_POINT('',#6098);
#1799=VERTEX_POINT('',#6102);
#1800=VERTEX_POINT('',#6106);
#1801=VERTEX_POINT('',#6110);
#1802=VERTEX_POINT('',#6112);
#1803=VERTEX_POINT('',#6116);
#1804=VERTEX_POINT('',#6118);
#1805=VERTEX_POINT('',#6122);
#1806=VERTEX_POINT('',#6124);
#1807=VERTEX_POINT('',#6129);
#1808=VERTEX_POINT('',#6133);
#1809=VERTEX_POINT('',#6138);
#1810=VERTEX_POINT('',#6142);
#1811=VERTEX_POINT('',#6144);
#1812=VERTEX_POINT('',#6148);
#1813=VERTEX_POINT('',#6150);
#1814=VERTEX_POINT('',#6152);
#1815=VERTEX_POINT('',#6154);
#1816=VERTEX_POINT('',#6156);
#1817=VERTEX_POINT('',#6158);
#1818=VERTEX_POINT('',#6161);
#1819=VERTEX_POINT('',#6163);
#1820=VERTEX_POINT('',#6164);
#1821=VERTEX_POINT('',#6166);
#1822=VERTEX_POINT('',#6168);
#1823=VERTEX_POINT('',#6170);
#1824=VERTEX_POINT('',#6172);
#1825=VERTEX_POINT('',#6174);
#1826=VERTEX_POINT('',#6176);
#1827=VERTEX_POINT('',#6179);
#1828=VERTEX_POINT('',#6180);
#1829=VERTEX_POINT('',#6182);
#1830=VERTEX_POINT('',#6184);
#1831=VERTEX_POINT('',#6186);
#1832=VERTEX_POINT('',#6188);
#1833=VERTEX_POINT('',#6190);
#1834=VERTEX_POINT('',#6192);
#1835=VERTEX_POINT('',#6195);
#1836=VERTEX_POINT('',#6196);
#1837=VERTEX_POINT('',#6198);
#1838=VERTEX_POINT('',#6200);
#1839=VERTEX_POINT('',#6202);
#1840=VERTEX_POINT('',#6204);
#1841=VERTEX_POINT('',#6206);
#1842=VERTEX_POINT('',#6208);
#1843=VERTEX_POINT('',#6211);
#1844=VERTEX_POINT('',#6212);
#1845=VERTEX_POINT('',#6214);
#1846=VERTEX_POINT('',#6216);
#1847=VERTEX_POINT('',#6218);
#1848=VERTEX_POINT('',#6220);
#1849=VERTEX_POINT('',#6222);
#1850=VERTEX_POINT('',#6224);
#1851=VERTEX_POINT('',#6227);
#1852=VERTEX_POINT('',#6228);
#1853=VERTEX_POINT('',#6230);
#1854=VERTEX_POINT('',#6232);
#1855=VERTEX_POINT('',#6234);
#1856=VERTEX_POINT('',#6236);
#1857=VERTEX_POINT('',#6238);
#1858=VERTEX_POINT('',#6240);
#1859=VERTEX_POINT('',#6243);
#1860=VERTEX_POINT('',#6244);
#1861=VERTEX_POINT('',#6246);
#1862=VERTEX_POINT('',#6248);
#1863=VERTEX_POINT('',#6250);
#1864=VERTEX_POINT('',#6252);
#1865=VERTEX_POINT('',#6254);
#1866=VERTEX_POINT('',#6256);
#1867=VERTEX_POINT('',#6259);
#1868=VERTEX_POINT('',#6261);
#1869=VERTEX_POINT('',#6263);
#1870=VERTEX_POINT('',#6383);
#1871=VERTEX_POINT('',#6384);
#1872=VERTEX_POINT('',#6386);
#1873=VERTEX_POINT('',#6388);
#1874=VERTEX_POINT('',#6392);
#1875=VERTEX_POINT('',#6394);
#1876=VERTEX_POINT('',#6398);
#1877=VERTEX_POINT('',#6400);
#1878=VERTEX_POINT('',#6404);
#1879=VERTEX_POINT('',#6406);
#1880=VERTEX_POINT('',#6410);
#1881=VERTEX_POINT('',#6412);
#1882=VERTEX_POINT('',#6416);
#1883=VERTEX_POINT('',#6418);
#1884=VERTEX_POINT('',#6422);
#1885=VERTEX_POINT('',#6424);
#1886=VERTEX_POINT('',#6431);
#1887=VERTEX_POINT('',#6434);
#1888=VERTEX_POINT('',#6437);
#1889=VERTEX_POINT('',#6440);
#1890=VERTEX_POINT('',#6443);
#1891=VERTEX_POINT('',#6444);
#1892=VERTEX_POINT('',#6446);
#1893=VERTEX_POINT('',#6448);
#1894=VERTEX_POINT('',#6452);
#1895=VERTEX_POINT('',#6453);
#1896=VERTEX_POINT('',#6455);
#1897=VERTEX_POINT('',#6457);
#1898=VERTEX_POINT('',#6476);
#1899=VERTEX_POINT('',#6477);
#1900=VERTEX_POINT('',#6479);
#1901=VERTEX_POINT('',#6481);
#1902=VERTEX_POINT('',#6486);
#1903=VERTEX_POINT('',#6490);
#1904=VERTEX_POINT('',#6493);
#1905=VERTEX_POINT('',#6495);
#1906=VERTEX_POINT('',#6499);
#1907=VERTEX_POINT('',#6501);
#1908=VERTEX_POINT('',#6505);
#1909=VERTEX_POINT('',#6507);
#1910=VERTEX_POINT('',#6510);
#1911=VERTEX_POINT('',#6511);
#1912=VERTEX_POINT('',#6513);
#1913=VERTEX_POINT('',#6515);
#1914=VERTEX_POINT('',#6519);
#1915=VERTEX_POINT('',#6521);
#1916=VERTEX_POINT('',#6525);
#1917=VERTEX_POINT('',#6526);
#1918=VERTEX_POINT('',#6528);
#1919=VERTEX_POINT('',#6530);
#1920=VERTEX_POINT('',#6551);
#1921=VERTEX_POINT('',#6552);
#1922=VERTEX_POINT('',#6554);
#1923=VERTEX_POINT('',#6559);
#1924=VERTEX_POINT('',#6562);
#1925=VERTEX_POINT('',#6565);
#1926=VERTEX_POINT('',#6567);
#1927=VERTEX_POINT('',#6569);
#1928=VERTEX_POINT('',#6573);
#1929=VERTEX_POINT('',#6575);
#1930=VERTEX_POINT('',#6579);
#1931=VERTEX_POINT('',#6583);
#1932=VERTEX_POINT('',#6585);
#1933=VERTEX_POINT('',#6589);
#1934=VERTEX_POINT('',#6591);
#1935=VERTEX_POINT('',#6594);
#1936=VERTEX_POINT('',#6595);
#1937=VERTEX_POINT('',#6597);
#1938=VERTEX_POINT('',#6599);
#1939=VERTEX_POINT('',#6620);
#1940=VERTEX_POINT('',#6621);
#1941=VERTEX_POINT('',#6623);
#1942=VERTEX_POINT('',#6625);
#1943=VERTEX_POINT('',#6629);
#1944=VERTEX_POINT('',#6631);
#1945=VERTEX_POINT('',#6636);
#1946=VERTEX_POINT('',#6640);
#1947=VERTEX_POINT('',#6643);
#1948=VERTEX_POINT('',#6645);
#1949=VERTEX_POINT('',#6649);
#1950=VERTEX_POINT('',#6653);
#1951=VERTEX_POINT('',#6655);
#1952=VERTEX_POINT('',#6658);
#1953=VERTEX_POINT('',#6659);
#1954=VERTEX_POINT('',#6670);
#1955=VERTEX_POINT('',#6674);
#1956=VERTEX_POINT('',#6678);
#1957=VERTEX_POINT('',#6681);
#1958=VERTEX_POINT('',#6683);
#1959=VERTEX_POINT('',#6685);
#1960=VERTEX_POINT('',#6687);
#1961=VERTEX_POINT('',#6689);
#1962=VERTEX_POINT('',#6692);
#1963=VERTEX_POINT('',#6699);
#1964=VERTEX_POINT('',#6701);
#1965=VERTEX_POINT('',#6705);
#1966=VERTEX_POINT('',#6707);
#1967=VERTEX_POINT('',#6710);
#1968=VERTEX_POINT('',#6711);
#1969=VERTEX_POINT('',#6713);
#1970=VERTEX_POINT('',#6715);
#1971=VERTEX_POINT('',#6718);
#1972=VERTEX_POINT('',#6719);
#1973=VERTEX_POINT('',#6721);
#1974=VERTEX_POINT('',#6723);
#1975=VERTEX_POINT('',#6726);
#1976=VERTEX_POINT('',#6727);
#1977=VERTEX_POINT('',#6729);
#1978=VERTEX_POINT('',#6731);
#1979=VERTEX_POINT('',#6735);
#1980=VERTEX_POINT('',#6737);
#1981=VERTEX_POINT('',#6739);
#1982=VERTEX_POINT('',#6743);
#1983=VERTEX_POINT('',#6745);
#1984=VERTEX_POINT('',#6750);
#1985=VERTEX_POINT('',#6752);
#1986=VERTEX_POINT('',#6803);
#1987=VERTEX_POINT('',#6804);
#1988=VERTEX_POINT('',#6806);
#1989=VERTEX_POINT('',#6823);
#1990=VERTEX_POINT('',#6824);
#1991=VERTEX_POINT('',#6829);
#1992=VERTEX_POINT('',#6888);
#1993=VERTEX_POINT('',#6889);
#1994=VERTEX_POINT('',#6963);
#1995=VERTEX_POINT('',#6964);
#1996=VERTEX_POINT('',#6983);
#1997=VERTEX_POINT('',#6984);
#1998=VERTEX_POINT('',#6989);
#1999=VERTEX_POINT('',#6990);
#2000=VERTEX_POINT('',#7075);
#2001=VERTEX_POINT('',#7076);
#2002=VERTEX_POINT('',#7078);
#2003=VERTEX_POINT('',#7080);
#2004=VERTEX_POINT('',#7092);
#2005=VERTEX_POINT('',#7094);
#2006=VERTEX_POINT('',#7098);
#2007=VERTEX_POINT('',#7102);
#2008=VERTEX_POINT('',#7108);
#2009=VERTEX_POINT('',#7110);
#2010=VERTEX_POINT('',#7114);
#2011=VERTEX_POINT('',#7118);
#2012=VERTEX_POINT('',#7124);
#2013=VERTEX_POINT('',#7126);
#2014=VERTEX_POINT('',#7130);
#2015=VERTEX_POINT('',#7134);
#2016=VERTEX_POINT('',#7140);
#2017=VERTEX_POINT('',#7141);
#2018=VERTEX_POINT('',#7143);
#2019=VERTEX_POINT('',#7145);
#2020=VERTEX_POINT('',#7149);
#2021=VERTEX_POINT('',#7151);
#2022=VERTEX_POINT('',#7155);
#2023=VERTEX_POINT('',#7157);
#2024=VERTEX_POINT('',#7161);
#2025=VERTEX_POINT('',#7164);
#2026=VERTEX_POINT('',#7169);
#2027=VERTEX_POINT('',#7173);
#2028=VERTEX_POINT('',#7179);
#2029=VERTEX_POINT('',#7180);
#2030=VERTEX_POINT('',#7182);
#2031=VERTEX_POINT('',#7184);
#2032=VERTEX_POINT('',#7188);
#2033=VERTEX_POINT('',#7190);
#2034=VERTEX_POINT('',#7194);
#2035=VERTEX_POINT('',#7196);
#2036=VERTEX_POINT('',#7200);
#2037=VERTEX_POINT('',#7203);
#2038=VERTEX_POINT('',#7207);
#2039=VERTEX_POINT('',#7209);
#2040=VERTEX_POINT('',#7214);
#2041=VERTEX_POINT('',#7216);
#2042=VERTEX_POINT('',#7220);
#2043=VERTEX_POINT('',#7224);
#2044=VERTEX_POINT('',#7231);
#2045=VERTEX_POINT('',#7233);
#2046=VERTEX_POINT('',#7237);
#2047=VERTEX_POINT('',#7239);
#2048=VERTEX_POINT('',#7243);
#2049=VERTEX_POINT('',#7245);
#2050=VERTEX_POINT('',#7249);
#2051=VERTEX_POINT('',#7252);
#2052=VERTEX_POINT('',#7256);
#2053=VERTEX_POINT('',#7258);
#2054=VERTEX_POINT('',#7263);
#2055=VERTEX_POINT('',#7267);
#2056=VERTEX_POINT('',#7271);
#2057=VERTEX_POINT('',#7291);
#2058=VERTEX_POINT('',#7292);
#2059=VERTEX_POINT('',#7296);
#2060=VERTEX_POINT('',#7300);
#2061=VERTEX_POINT('',#7302);
#2062=VERTEX_POINT('',#7304);
#2063=VERTEX_POINT('',#7308);
#2064=VERTEX_POINT('',#7310);
#2065=VERTEX_POINT('',#7312);
#2066=VERTEX_POINT('',#7314);
#2067=VERTEX_POINT('',#7323);
#2068=VERTEX_POINT('',#7325);
#2069=VERTEX_POINT('',#7334);
#2070=VERTEX_POINT('',#7338);
#2071=EDGE_CURVE('',#1686,#1686,#1558,.T.);
#2072=EDGE_CURVE('',#1687,#1687,#1559,.F.);
#2073=EDGE_CURVE('',#1688,#1689,#120,.T.);
#2074=EDGE_CURVE('',#1690,#1689,#1560,.T.);
#2075=EDGE_CURVE('',#1690,#1691,#1561,.T.);
#2076=EDGE_CURVE('',#1691,#1692,#121,.T.);
#2077=EDGE_CURVE('',#1692,#1688,#122,.T.);
#2078=EDGE_CURVE('',#1687,#1693,#123,.T.);
#2079=EDGE_CURVE('',#1693,#1693,#1562,.F.);
#2080=EDGE_CURVE('',#1694,#1695,#124,.T.);
#2081=EDGE_CURVE('',#1695,#1696,#125,.T.);
#2082=EDGE_CURVE('',#1697,#1696,#126,.T.);
#2083=EDGE_CURVE('',#1694,#1697,#127,.T.);
#2084=EDGE_CURVE('',#1698,#1694,#128,.T.);
#2085=EDGE_CURVE('',#1699,#1697,#129,.T.);
#2086=EDGE_CURVE('',#1698,#1699,#130,.T.);
#2087=EDGE_CURVE('',#1700,#1698,#131,.T.);
#2088=EDGE_CURVE('',#1688,#1699,#132,.T.);
#2089=EDGE_CURVE('',#1700,#1692,#133,.T.);
#2090=EDGE_CURVE('',#1701,#1700,#134,.T.);
#2091=EDGE_CURVE('',#1701,#1691,#135,.T.);
#2092=EDGE_CURVE('',#1695,#1701,#1563,.T.);
#2093=EDGE_CURVE('',#1696,#1690,#1564,.T.);
#2094=EDGE_CURVE('',#1702,#1690,#1565,.T.);
#2095=EDGE_CURVE('',#1703,#1702,#136,.T.);
#2096=EDGE_CURVE('',#1704,#1703,#1566,.T.);
#2097=EDGE_CURVE('',#1704,#1705,#1567,.T.);
#2098=EDGE_CURVE('',#1705,#1706,#137,.T.);
#2099=EDGE_CURVE('',#1706,#1707,#138,.T.);
#2100=EDGE_CURVE('',#1707,#1708,#139,.T.);
#2101=EDGE_CURVE('',#1708,#1709,#140,.T.);
#2102=EDGE_CURVE('',#1709,#1710,#141,.T.);
#2103=EDGE_CURVE('',#1710,#1711,#142,.T.);
#2104=EDGE_CURVE('',#1711,#1712,#143,.T.);
#2105=EDGE_CURVE('',#1712,#1713,#144,.T.);
#2106=EDGE_CURVE('',#1713,#1714,#145,.T.);
#2107=EDGE_CURVE('',#1714,#1715,#146,.T.);
#2108=EDGE_CURVE('',#1715,#1716,#147,.T.);
#2109=EDGE_CURVE('',#1716,#1688,#148,.T.);
#2110=EDGE_CURVE('',#1717,#1718,#149,.T.);
#2111=EDGE_CURVE('',#1718,#1719,#1568,.T.);
#2112=EDGE_CURVE('',#1719,#1720,#150,.T.);
#2113=EDGE_CURVE('',#1720,#1721,#1569,.T.);
#2114=EDGE_CURVE('',#1721,#1722,#151,.T.);
#2115=EDGE_CURVE('',#1722,#1723,#1570,.T.);
#2116=EDGE_CURVE('',#1723,#1724,#152,.T.);
#2117=EDGE_CURVE('',#1724,#1717,#1571,.T.);
#2118=EDGE_CURVE('',#1725,#1726,#153,.T.);
#2119=EDGE_CURVE('',#1726,#1727,#1572,.T.);
#2120=EDGE_CURVE('',#1727,#1728,#154,.T.);
#2121=EDGE_CURVE('',#1728,#1729,#1573,.T.);
#2122=EDGE_CURVE('',#1729,#1730,#155,.T.);
#2123=EDGE_CURVE('',#1730,#1731,#1574,.T.);
#2124=EDGE_CURVE('',#1731,#1732,#156,.T.);
#2125=EDGE_CURVE('',#1732,#1725,#1575,.T.);
#2126=EDGE_CURVE('',#1733,#1734,#157,.T.);
#2127=EDGE_CURVE('',#1734,#1735,#1576,.T.);
#2128=EDGE_CURVE('',#1735,#1736,#158,.T.);
#2129=EDGE_CURVE('',#1736,#1737,#1577,.T.);
#2130=EDGE_CURVE('',#1737,#1738,#159,.T.);
#2131=EDGE_CURVE('',#1738,#1739,#1578,.T.);
#2132=EDGE_CURVE('',#1739,#1740,#160,.T.);
#2133=EDGE_CURVE('',#1740,#1733,#1579,.T.);
#2134=EDGE_CURVE('',#1741,#1742,#161,.T.);
#2135=EDGE_CURVE('',#1742,#1743,#1580,.T.);
#2136=EDGE_CURVE('',#1743,#1744,#162,.T.);
#2137=EDGE_CURVE('',#1744,#1745,#1581,.T.);
#2138=EDGE_CURVE('',#1745,#1746,#163,.T.);
#2139=EDGE_CURVE('',#1746,#1747,#1582,.T.);
#2140=EDGE_CURVE('',#1747,#1748,#164,.T.);
#2141=EDGE_CURVE('',#1748,#1741,#1583,.T.);
#2142=EDGE_CURVE('',#1749,#1750,#165,.T.);
#2143=EDGE_CURVE('',#1750,#1751,#1584,.T.);
#2144=EDGE_CURVE('',#1751,#1752,#166,.T.);
#2145=EDGE_CURVE('',#1752,#1753,#1585,.T.);
#2146=EDGE_CURVE('',#1753,#1754,#167,.T.);
#2147=EDGE_CURVE('',#1754,#1755,#1586,.T.);
#2148=EDGE_CURVE('',#1755,#1756,#168,.T.);
#2149=EDGE_CURVE('',#1756,#1749,#1587,.T.);
#2150=EDGE_CURVE('',#1757,#1758,#169,.T.);
#2151=EDGE_CURVE('',#1758,#1759,#1588,.T.);
#2152=EDGE_CURVE('',#1759,#1760,#170,.T.);
#2153=EDGE_CURVE('',#1760,#1761,#1589,.T.);
#2154=EDGE_CURVE('',#1761,#1762,#171,.T.);
#2155=EDGE_CURVE('',#1762,#1763,#1590,.T.);
#2156=EDGE_CURVE('',#1763,#1764,#172,.T.);
#2157=EDGE_CURVE('',#1764,#1757,#1591,.T.);
#2158=EDGE_CURVE('',#1765,#1765,#1592,.T.);
#2159=EDGE_CURVE('',#1766,#1766,#1593,.F.);
#2160=EDGE_CURVE('',#1766,#1767,#173,.T.);
#2161=EDGE_CURVE('',#1767,#1767,#1594,.F.);
#2162=EDGE_CURVE('',#1768,#1769,#174,.T.);
#2163=EDGE_CURVE('',#1768,#1770,#175,.T.);
#2164=EDGE_CURVE('',#1716,#1770,#176,.T.);
#2165=EDGE_CURVE('',#1769,#1715,#177,.T.);
#2166=EDGE_CURVE('',#1769,#1771,#178,.T.);
#2167=EDGE_CURVE('',#1772,#1714,#179,.T.);
#2168=EDGE_CURVE('',#1771,#1772,#180,.T.);
#2169=EDGE_CURVE('',#1771,#1773,#181,.T.);
#2170=EDGE_CURVE('',#1774,#1772,#182,.T.);
#2171=EDGE_CURVE('',#1773,#1774,#183,.T.);
#2172=EDGE_CURVE('',#1775,#1773,#1595,.T.);
#2173=EDGE_CURVE('',#1776,#1774,#1596,.T.);
#2174=EDGE_CURVE('',#1775,#1776,#184,.T.);
#2175=EDGE_CURVE('',#1775,#1768,#185,.T.);
#2176=EDGE_CURVE('',#1770,#1776,#186,.T.);
#2177=EDGE_CURVE('',#1777,#1716,#187,.T.);
#2178=EDGE_CURVE('',#1714,#1778,#188,.T.);
#2179=EDGE_CURVE('',#1777,#1778,#1597,.T.);
#2180=EDGE_CURVE('',#1779,#1779,#1598,.T.);
#2181=EDGE_CURVE('',#1780,#1780,#1599,.F.);
#2182=EDGE_CURVE('',#1781,#1704,#1600,.T.);
#2183=EDGE_CURVE('',#1781,#1708,#189,.T.);
#2184=EDGE_CURVE('',#1708,#1782,#190,.T.);
#2185=EDGE_CURVE('',#1782,#1783,#191,.T.);
#2186=EDGE_CURVE('',#1783,#1704,#1601,.T.);
#2187=EDGE_CURVE('',#1780,#1784,#192,.T.);
#2188=EDGE_CURVE('',#1784,#1784,#1602,.F.);
#2189=EDGE_CURVE('',#1785,#1786,#193,.T.);
#2190=EDGE_CURVE('',#1786,#1783,#194,.T.);
#2191=EDGE_CURVE('',#1785,#1782,#195,.T.);
#2192=EDGE_CURVE('',#1787,#1785,#196,.T.);
#2193=EDGE_CURVE('',#1787,#1707,#197,.T.);
#2194=EDGE_CURVE('',#1788,#1787,#198,.T.);
#2195=EDGE_CURVE('',#1788,#1706,#199,.T.);
#2196=EDGE_CURVE('',#1789,#1788,#200,.T.);
#2197=EDGE_CURVE('',#1789,#1705,#201,.T.);
#2198=EDGE_CURVE('',#1786,#1789,#1603,.T.);
#2199=EDGE_CURVE('',#1790,#1790,#1604,.T.);
#2200=EDGE_CURVE('',#1791,#1791,#1605,.F.);
#2201=EDGE_CURVE('',#1792,#1713,#202,.T.);
#2202=EDGE_CURVE('',#1713,#1793,#203,.T.);
#2203=EDGE_CURVE('',#1793,#1792,#204,.T.);
#2204=EDGE_CURVE('',#1791,#1794,#205,.T.);
#2205=EDGE_CURVE('',#1794,#1794,#1606,.F.);
#2206=EDGE_CURVE('',#1795,#1796,#206,.T.);
#2207=EDGE_CURVE('',#1796,#1797,#207,.T.);
#2208=EDGE_CURVE('',#1792,#1797,#208,.T.);
#2209=EDGE_CURVE('',#1795,#1793,#209,.T.);
#2210=EDGE_CURVE('',#1798,#1795,#210,.T.);
#2211=EDGE_CURVE('',#1798,#1712,#211,.T.);
#2212=EDGE_CURVE('',#1799,#1798,#212,.T.);
#2213=EDGE_CURVE('',#1799,#1711,#213,.T.);
#2214=EDGE_CURVE('',#1800,#1799,#214,.T.);
#2215=EDGE_CURVE('',#1800,#1710,#215,.T.);
#2216=EDGE_CURVE('',#1801,#1800,#216,.T.);
#2217=EDGE_CURVE('',#1802,#1709,#217,.T.);
#2218=EDGE_CURVE('',#1801,#1802,#218,.T.);
#2219=EDGE_CURVE('',#1803,#1801,#219,.T.);
#2220=EDGE_CURVE('',#1804,#1802,#220,.T.);
#2221=EDGE_CURVE('',#1803,#1804,#221,.T.);
#2222=EDGE_CURVE('',#1805,#1803,#1607,.T.);
#2223=EDGE_CURVE('',#1806,#1804,#1608,.T.);
#2224=EDGE_CURVE('',#1805,#1806,#222,.T.);
#2225=EDGE_CURVE('',#1796,#1805,#1609,.T.);
#2226=EDGE_CURVE('',#1807,#1806,#1610,.T.);
#2227=EDGE_CURVE('',#1797,#1807,#1611,.T.);
#2228=EDGE_CURVE('',#1807,#1808,#1612,.T.);
#2229=EDGE_CURVE('',#1709,#1808,#223,.T.);
#2230=EDGE_CURVE('',#1809,#1807,#1613,.T.);
#2231=EDGE_CURVE('',#1809,#1792,#224,.T.);
#2232=EDGE_CURVE('',#1778,#1810,#225,.T.);
#2233=EDGE_CURVE('',#1810,#1811,#1614,.T.);
#2234=EDGE_CURVE('',#1811,#1777,#226,.T.);
#2235=EDGE_CURVE('',#1812,#1810,#227,.T.);
#2236=EDGE_CURVE('',#1813,#1812,#1615,.T.);
#2237=EDGE_CURVE('',#1814,#1813,#228,.T.);
#2238=EDGE_CURVE('',#1815,#1814,#1616,.T.);
#2239=EDGE_CURVE('',#1816,#1815,#229,.T.);
#2240=EDGE_CURVE('',#1817,#1816,#1617,.T.);
#2241=EDGE_CURVE('',#1811,#1817,#230,.T.);
#2242=EDGE_CURVE('',#1818,#1818,#1618,.T.);
#2243=EDGE_CURVE('',#1819,#1820,#231,.T.);
#2244=EDGE_CURVE('',#1820,#1821,#1619,.T.);
#2245=EDGE_CURVE('',#1821,#1822,#232,.T.);
#2246=EDGE_CURVE('',#1822,#1823,#1620,.T.);
#2247=EDGE_CURVE('',#1823,#1824,#233,.T.);
#2248=EDGE_CURVE('',#1824,#1825,#1621,.T.);
#2249=EDGE_CURVE('',#1825,#1826,#234,.T.);
#2250=EDGE_CURVE('',#1826,#1819,#1622,.T.);
#2251=EDGE_CURVE('',#1827,#1828,#235,.T.);
#2252=EDGE_CURVE('',#1828,#1829,#1623,.T.);
#2253=EDGE_CURVE('',#1829,#1830,#236,.T.);
#2254=EDGE_CURVE('',#1830,#1831,#1624,.T.);
#2255=EDGE_CURVE('',#1831,#1832,#237,.T.);
#2256=EDGE_CURVE('',#1832,#1833,#1625,.T.);
#2257=EDGE_CURVE('',#1833,#1834,#238,.T.);
#2258=EDGE_CURVE('',#1834,#1827,#1626,.T.);
#2259=EDGE_CURVE('',#1835,#1836,#239,.T.);
#2260=EDGE_CURVE('',#1836,#1837,#1627,.T.);
#2261=EDGE_CURVE('',#1837,#1838,#240,.T.);
#2262=EDGE_CURVE('',#1838,#1839,#1628,.T.);
#2263=EDGE_CURVE('',#1839,#1840,#241,.T.);
#2264=EDGE_CURVE('',#1840,#1841,#1629,.T.);
#2265=EDGE_CURVE('',#1841,#1842,#242,.T.);
#2266=EDGE_CURVE('',#1842,#1835,#1630,.T.);
#2267=EDGE_CURVE('',#1843,#1844,#243,.T.);
#2268=EDGE_CURVE('',#1844,#1845,#1631,.T.);
#2269=EDGE_CURVE('',#1845,#1846,#244,.T.);
#2270=EDGE_CURVE('',#1846,#1847,#1632,.T.);
#2271=EDGE_CURVE('',#1847,#1848,#245,.T.);
#2272=EDGE_CURVE('',#1848,#1849,#1633,.T.);
#2273=EDGE_CURVE('',#1849,#1850,#246,.T.);
#2274=EDGE_CURVE('',#1850,#1843,#1634,.T.);
#2275=EDGE_CURVE('',#1851,#1852,#247,.T.);
#2276=EDGE_CURVE('',#1852,#1853,#1635,.T.);
#2277=EDGE_CURVE('',#1853,#1854,#248,.T.);
#2278=EDGE_CURVE('',#1854,#1855,#1636,.T.);
#2279=EDGE_CURVE('',#1855,#1856,#249,.T.);
#2280=EDGE_CURVE('',#1856,#1857,#1637,.T.);
#2281=EDGE_CURVE('',#1857,#1858,#250,.T.);
#2282=EDGE_CURVE('',#1858,#1851,#1638,.T.);
#2283=EDGE_CURVE('',#1859,#1860,#251,.T.);
#2284=EDGE_CURVE('',#1860,#1861,#1639,.T.);
#2285=EDGE_CURVE('',#1861,#1862,#252,.T.);
#2286=EDGE_CURVE('',#1862,#1863,#1640,.T.);
#2287=EDGE_CURVE('',#1863,#1864,#253,.T.);
#2288=EDGE_CURVE('',#1864,#1865,#1641,.T.);
#2289=EDGE_CURVE('',#1865,#1866,#254,.T.);
#2290=EDGE_CURVE('',#1866,#1859,#1642,.T.);
#2291=EDGE_CURVE('',#1867,#1867,#1643,.T.);
#2292=EDGE_CURVE('',#1868,#1868,#1644,.T.);
#2293=EDGE_CURVE('',#1869,#1869,#1645,.T.);
#2294=EDGE_CURVE('',#1812,#1809,#255,.T.);
#2295=EDGE_CURVE('',#1808,#1813,#256,.T.);
#2296=EDGE_CURVE('',#1703,#1815,#257,.T.);
#2297=EDGE_CURVE('',#1814,#1781,#258,.T.);
#2298=EDGE_CURVE('',#1816,#1702,#259,.T.);
#2299=EDGE_CURVE('',#1689,#1817,#260,.T.);
#2300=EDGE_CURVE('',#1686,#1869,#261,.T.);
#2301=EDGE_CURVE('',#1779,#1818,#262,.T.);
#2302=EDGE_CURVE('',#1790,#1868,#263,.T.);
#2303=EDGE_CURVE('',#1765,#1867,#264,.T.);
#2304=EDGE_CURVE('',#1762,#1863,#265,.T.);
#2305=EDGE_CURVE('',#1761,#1864,#266,.T.);
#2306=EDGE_CURVE('',#1760,#1865,#267,.T.);
#2307=EDGE_CURVE('',#1759,#1866,#268,.T.);
#2308=EDGE_CURVE('',#1758,#1859,#269,.T.);
#2309=EDGE_CURVE('',#1757,#1860,#270,.T.);
#2310=EDGE_CURVE('',#1764,#1861,#271,.T.);
#2311=EDGE_CURVE('',#1763,#1862,#272,.T.);
#2312=EDGE_CURVE('',#1754,#1855,#273,.T.);
#2313=EDGE_CURVE('',#1753,#1856,#274,.T.);
#2314=EDGE_CURVE('',#1752,#1857,#275,.T.);
#2315=EDGE_CURVE('',#1751,#1858,#276,.T.);
#2316=EDGE_CURVE('',#1750,#1851,#277,.T.);
#2317=EDGE_CURVE('',#1749,#1852,#278,.T.);
#2318=EDGE_CURVE('',#1756,#1853,#279,.T.);
#2319=EDGE_CURVE('',#1755,#1854,#280,.T.);
#2320=EDGE_CURVE('',#1746,#1847,#281,.T.);
#2321=EDGE_CURVE('',#1745,#1848,#282,.T.);
#2322=EDGE_CURVE('',#1744,#1849,#283,.T.);
#2323=EDGE_CURVE('',#1743,#1850,#284,.T.);
#2324=EDGE_CURVE('',#1742,#1843,#285,.T.);
#2325=EDGE_CURVE('',#1741,#1844,#286,.T.);
#2326=EDGE_CURVE('',#1748,#1845,#287,.T.);
#2327=EDGE_CURVE('',#1747,#1846,#288,.T.);
#2328=EDGE_CURVE('',#1738,#1839,#289,.T.);
#2329=EDGE_CURVE('',#1737,#1840,#290,.T.);
#2330=EDGE_CURVE('',#1736,#1841,#291,.T.);
#2331=EDGE_CURVE('',#1735,#1842,#292,.T.);
#2332=EDGE_CURVE('',#1734,#1835,#293,.T.);
#2333=EDGE_CURVE('',#1733,#1836,#294,.T.);
#2334=EDGE_CURVE('',#1740,#1837,#295,.T.);
#2335=EDGE_CURVE('',#1739,#1838,#296,.T.);
#2336=EDGE_CURVE('',#1730,#1831,#297,.T.);
#2337=EDGE_CURVE('',#1729,#1832,#298,.T.);
#2338=EDGE_CURVE('',#1728,#1833,#299,.T.);
#2339=EDGE_CURVE('',#1727,#1834,#300,.T.);
#2340=EDGE_CURVE('',#1726,#1827,#301,.T.);
#2341=EDGE_CURVE('',#1725,#1828,#302,.T.);
#2342=EDGE_CURVE('',#1732,#1829,#303,.T.);
#2343=EDGE_CURVE('',#1731,#1830,#304,.T.);
#2344=EDGE_CURVE('',#1722,#1823,#305,.T.);
#2345=EDGE_CURVE('',#1721,#1824,#306,.T.);
#2346=EDGE_CURVE('',#1720,#1825,#307,.T.);
#2347=EDGE_CURVE('',#1719,#1826,#308,.T.);
#2348=EDGE_CURVE('',#1718,#1819,#309,.T.);
#2349=EDGE_CURVE('',#1717,#1820,#310,.T.);
#2350=EDGE_CURVE('',#1724,#1821,#311,.T.);
#2351=EDGE_CURVE('',#1723,#1822,#312,.T.);
#2352=EDGE_CURVE('',#1870,#1871,#29,.T.);
#2353=EDGE_CURVE('',#1872,#1870,#313,.T.);
#2354=EDGE_CURVE('',#1873,#1872,#30,.F.);
#2355=EDGE_CURVE('',#1871,#1873,#314,.T.);
#2356=EDGE_CURVE('',#1871,#1874,#315,.T.);
#2357=EDGE_CURVE('',#1875,#1873,#316,.F.);
#2358=EDGE_CURVE('',#1875,#1874,#317,.T.);
#2359=EDGE_CURVE('',#1874,#1876,#31,.T.);
#2360=EDGE_CURVE('',#1877,#1875,#32,.F.);
#2361=EDGE_CURVE('',#1876,#1877,#318,.T.);
#2362=EDGE_CURVE('',#1876,#1878,#319,.T.);
#2363=EDGE_CURVE('',#1879,#1877,#320,.F.);
#2364=EDGE_CURVE('',#1879,#1878,#321,.T.);
#2365=EDGE_CURVE('',#1880,#1870,#322,.F.);
#2366=EDGE_CURVE('',#1880,#1881,#323,.T.);
#2367=EDGE_CURVE('',#1872,#1881,#324,.T.);
#2368=EDGE_CURVE('',#1882,#1880,#33,.T.);
#2369=EDGE_CURVE('',#1883,#1882,#325,.T.);
#2370=EDGE_CURVE('',#1881,#1883,#34,.F.);
#2371=EDGE_CURVE('',#1878,#1884,#35,.T.);
#2372=EDGE_CURVE('',#1885,#1879,#36,.F.);
#2373=EDGE_CURVE('',#1884,#1885,#326,.T.);
#2374=EDGE_CURVE('',#1884,#1882,#327,.T.);
#2375=EDGE_CURVE('',#1883,#1885,#328,.F.);
#2376=EDGE_CURVE('',#1886,#1886,#1646,.T.);
#2377=EDGE_CURVE('',#1887,#1887,#1647,.T.);
#2378=EDGE_CURVE('',#1888,#1888,#1648,.T.);
#2379=EDGE_CURVE('',#1889,#1889,#1649,.T.);
#2380=EDGE_CURVE('',#1890,#1891,#329,.T.);
#2381=EDGE_CURVE('',#1892,#1890,#330,.T.);
#2382=EDGE_CURVE('',#1893,#1892,#331,.T.);
#2383=EDGE_CURVE('',#1891,#1893,#332,.T.);
#2384=EDGE_CURVE('',#1894,#1895,#37,.T.);
#2385=EDGE_CURVE('',#1896,#1894,#1650,.T.);
#2386=EDGE_CURVE('',#1896,#1897,#38,.F.);
#2387=EDGE_CURVE('',#1897,#1895,#17,.F.);
#2388=EDGE_CURVE('',#1898,#1899,#333,.F.);
#2389=EDGE_CURVE('',#1900,#1898,#334,.T.);
#2390=EDGE_CURVE('',#1901,#1900,#335,.T.);
#2391=EDGE_CURVE('',#1899,#1901,#336,.T.);
#2392=EDGE_CURVE('',#1894,#1892,#337,.T.);
#2393=EDGE_CURVE('',#1902,#1890,#338,.T.);
#2394=EDGE_CURVE('',#1899,#1902,#339,.T.);
#2395=EDGE_CURVE('',#1896,#1901,#340,.T.);
#2396=EDGE_CURVE('',#1903,#1903,#1651,.T.);
#2397=EDGE_CURVE('',#1898,#1904,#341,.T.);
#2398=EDGE_CURVE('',#1904,#1905,#342,.T.);
#2399=EDGE_CURVE('',#1905,#1900,#343,.T.);
#2400=EDGE_CURVE('',#1893,#1906,#344,.T.);
#2401=EDGE_CURVE('',#1906,#1907,#345,.T.);
#2402=EDGE_CURVE('',#1907,#1891,#346,.T.);
#2403=EDGE_CURVE('',#1908,#1908,#1652,.T.);
#2404=EDGE_CURVE('',#1909,#1909,#1653,.T.);
#2405=EDGE_CURVE('',#1910,#1911,#347,.T.);
#2406=EDGE_CURVE('',#1911,#1912,#348,.T.);
#2407=EDGE_CURVE('',#1913,#1912,#349,.T.);
#2408=EDGE_CURVE('',#1910,#1913,#350,.T.);
#2409=EDGE_CURVE('',#1914,#1907,#351,.T.);
#2410=EDGE_CURVE('',#1915,#1906,#352,.T.);
#2411=EDGE_CURVE('',#1915,#1914,#353,.T.);
#2412=EDGE_CURVE('',#1916,#1917,#39,.F.);
#2413=EDGE_CURVE('',#1918,#1917,#1654,.T.);
#2414=EDGE_CURVE('',#1918,#1919,#40,.F.);
#2415=EDGE_CURVE('',#1916,#1919,#18,.T.);
#2416=EDGE_CURVE('',#1920,#1921,#354,.T.);
#2417=EDGE_CURVE('',#1922,#1920,#355,.T.);
#2418=EDGE_CURVE('',#1914,#1922,#356,.T.);
#2419=EDGE_CURVE('',#1915,#1918,#357,.T.);
#2420=EDGE_CURVE('',#1912,#1917,#358,.T.);
#2421=EDGE_CURVE('',#1923,#1911,#359,.T.);
#2422=EDGE_CURVE('',#1921,#1923,#360,.T.);
#2423=EDGE_CURVE('',#1924,#1924,#1655,.T.);
#2424=EDGE_CURVE('',#1925,#1920,#361,.T.);
#2425=EDGE_CURVE('',#1926,#1925,#362,.T.);
#2426=EDGE_CURVE('',#1927,#1926,#363,.T.);
#2427=EDGE_CURVE('',#1927,#1922,#364,.T.);
#2428=EDGE_CURVE('',#1923,#1928,#365,.T.);
#2429=EDGE_CURVE('',#1929,#1928,#366,.T.);
#2430=EDGE_CURVE('',#1921,#1929,#367,.T.);
#2431=EDGE_CURVE('',#1911,#1930,#368,.T.);
#2432=EDGE_CURVE('',#1928,#1930,#369,.T.);
#2433=EDGE_CURVE('',#1913,#1931,#370,.T.);
#2434=EDGE_CURVE('',#1931,#1932,#371,.T.);
#2435=EDGE_CURVE('',#1932,#1910,#372,.T.);
#2436=EDGE_CURVE('',#1933,#1933,#1656,.T.);
#2437=EDGE_CURVE('',#1934,#1934,#1657,.T.);
#2438=EDGE_CURVE('',#1935,#1936,#41,.F.);
#2439=EDGE_CURVE('',#1937,#1936,#1658,.T.);
#2440=EDGE_CURVE('',#1937,#1938,#42,.F.);
#2441=EDGE_CURVE('',#1935,#1938,#19,.T.);
#2442=EDGE_CURVE('',#1939,#1940,#373,.F.);
#2443=EDGE_CURVE('',#1941,#1939,#374,.T.);
#2444=EDGE_CURVE('',#1942,#1941,#375,.T.);
#2445=EDGE_CURVE('',#1940,#1942,#376,.T.);
#2446=EDGE_CURVE('',#1904,#1943,#377,.T.);
#2447=EDGE_CURVE('',#1944,#1943,#378,.T.);
#2448=EDGE_CURVE('',#1905,#1944,#379,.T.);
#2449=EDGE_CURVE('',#1944,#1936,#380,.T.);
#2450=EDGE_CURVE('',#1945,#1943,#381,.T.);
#2451=EDGE_CURVE('',#1940,#1945,#382,.T.);
#2452=EDGE_CURVE('',#1937,#1942,#383,.T.);
#2453=EDGE_CURVE('',#1946,#1946,#1659,.T.);
#2454=EDGE_CURVE('',#1947,#1941,#384,.T.);
#2455=EDGE_CURVE('',#1947,#1948,#385,.T.);
#2456=EDGE_CURVE('',#1942,#1948,#386,.T.);
#2457=EDGE_CURVE('',#1939,#1949,#387,.T.);
#2458=EDGE_CURVE('',#1949,#1947,#388,.T.);
#2459=EDGE_CURVE('',#1950,#1950,#1660,.T.);
#2460=EDGE_CURVE('',#1951,#1951,#1661,.T.);
#2461=EDGE_CURVE('',#1952,#1953,#20,.T.);
#2462=EDGE_CURVE('',#1954,#1952,#1662,.T.);
#2463=EDGE_CURVE('',#1953,#1954,#43,.T.);
#2464=EDGE_CURVE('',#1955,#1949,#389,.T.);
#2465=EDGE_CURVE('',#1948,#1955,#390,.T.);
#2466=EDGE_CURVE('',#1956,#1952,#44,.T.);
#2467=EDGE_CURVE('',#1948,#1956,#391,.T.);
#2468=EDGE_CURVE('',#1957,#1955,#392,.T.);
#2469=EDGE_CURVE('',#1958,#1957,#393,.T.);
#2470=EDGE_CURVE('',#1959,#1958,#394,.T.);
#2471=EDGE_CURVE('',#1960,#1959,#395,.T.);
#2472=EDGE_CURVE('',#1960,#1961,#396,.T.);
#2473=EDGE_CURVE('',#1954,#1961,#397,.T.);
#2474=EDGE_CURVE('',#1962,#1962,#1663,.T.);
#2475=EDGE_CURVE('',#1932,#1960,#398,.T.);
#2476=EDGE_CURVE('',#1961,#1931,#399,.T.);
#2477=EDGE_CURVE('',#1961,#1912,#400,.T.);
#2478=EDGE_CURVE('',#1963,#1916,#401,.T.);
#2479=EDGE_CURVE('',#1964,#1963,#402,.T.);
#2480=EDGE_CURVE('',#1953,#1964,#403,.T.);
#2481=EDGE_CURVE('',#1940,#1965,#404,.F.);
#2482=EDGE_CURVE('',#1965,#1966,#405,.F.);
#2483=EDGE_CURVE('',#1957,#1966,#406,.T.);
#2484=EDGE_CURVE('',#1967,#1968,#407,.T.);
#2485=EDGE_CURVE('',#1968,#1969,#408,.T.);
#2486=EDGE_CURVE('',#1969,#1970,#409,.T.);
#2487=EDGE_CURVE('',#1970,#1967,#410,.T.);
#2488=EDGE_CURVE('',#1971,#1972,#411,.T.);
#2489=EDGE_CURVE('',#1972,#1973,#412,.T.);
#2490=EDGE_CURVE('',#1973,#1974,#413,.T.);
#2491=EDGE_CURVE('',#1974,#1971,#414,.T.);
#2492=EDGE_CURVE('',#1975,#1976,#415,.T.);
#2493=EDGE_CURVE('',#1976,#1977,#416,.T.);
#2494=EDGE_CURVE('',#1977,#1978,#417,.T.);
#2495=EDGE_CURVE('',#1978,#1975,#418,.T.);
#2496=EDGE_CURVE('',#1966,#1979,#419,.T.);
#2497=EDGE_CURVE('',#1979,#1980,#420,.T.);
#2498=EDGE_CURVE('',#1980,#1981,#421,.T.);
#2499=EDGE_CURVE('',#1958,#1981,#422,.T.);
#2500=EDGE_CURVE('',#1926,#1982,#423,.T.);
#2501=EDGE_CURVE('',#1982,#1983,#424,.T.);
#2502=EDGE_CURVE('',#1983,#1927,#425,.T.);
#2503=EDGE_CURVE('',#1984,#1984,#1664,.T.);
#2504=EDGE_CURVE('',#1985,#1985,#1665,.T.);
#2505=EDGE_CURVE('',#1986,#1987,#1666,.T.);
#2506=EDGE_CURVE('',#1987,#1988,#21,.T.);
#2507=EDGE_CURVE('',#1988,#1963,#1667,.T.);
#2508=EDGE_CURVE('',#1963,#1986,#22,.T.);
#2509=EDGE_CURVE('',#1989,#1990,#1668,.T.);
#2510=EDGE_CURVE('',#1990,#1987,#426,.T.);
#2511=EDGE_CURVE('',#1986,#1989,#427,.T.);
#2512=EDGE_CURVE('',#1991,#1964,#1669,.T.);
#2513=EDGE_CURVE('',#1988,#1991,#428,.T.);
#2514=EDGE_CURVE('',#1992,#1993,#1670,.T.);
#2515=EDGE_CURVE('',#1993,#1990,#23,.T.);
#2516=EDGE_CURVE('',#1989,#1992,#24,.T.);
#2517=EDGE_CURVE('',#1994,#1995,#1671,.T.);
#2518=EDGE_CURVE('',#1995,#1964,#25,.T.);
#2519=EDGE_CURVE('',#1991,#1994,#26,.T.);
#2520=EDGE_CURVE('',#1996,#1997,#1672,.T.);
#2521=EDGE_CURVE('',#1997,#1993,#429,.T.);
#2522=EDGE_CURVE('',#1992,#1996,#430,.T.);
#2523=EDGE_CURVE('',#1998,#1999,#1673,.T.);
#2524=EDGE_CURVE('',#1999,#1995,#431,.T.);
#2525=EDGE_CURVE('',#1994,#1998,#432,.T.);
#2526=EDGE_CURVE('',#1998,#1997,#27,.T.);
#2527=EDGE_CURVE('',#1996,#1999,#28,.T.);
#2528=EDGE_CURVE('',#1992,#1897,#433,.F.);
#2529=EDGE_CURVE('',#1901,#1944,#434,.T.);
#2530=EDGE_CURVE('',#1996,#1935,#435,.T.);
#2531=EDGE_CURVE('',#1989,#1895,#436,.T.);
#2532=EDGE_CURVE('',#1919,#1986,#437,.T.);
#2533=EDGE_CURVE('',#1892,#1915,#438,.T.);
#2534=EDGE_CURVE('',#2000,#2001,#439,.T.);
#2535=EDGE_CURVE('',#2001,#2002,#440,.T.);
#2536=EDGE_CURVE('',#2002,#2003,#441,.T.);
#2537=EDGE_CURVE('',#2003,#2000,#442,.T.);
#2538=EDGE_CURVE('',#1995,#1956,#443,.T.);
#2539=EDGE_CURVE('',#1938,#1999,#444,.T.);
#2540=EDGE_CURVE('',#2004,#1977,#445,.T.);
#2541=EDGE_CURVE('',#2005,#2004,#446,.T.);
#2542=EDGE_CURVE('',#1978,#2005,#447,.T.);
#2543=EDGE_CURVE('',#2006,#2005,#448,.T.);
#2544=EDGE_CURVE('',#2006,#1975,#449,.T.);
#2545=EDGE_CURVE('',#2007,#2006,#450,.T.);
#2546=EDGE_CURVE('',#1976,#2007,#451,.T.);
#2547=EDGE_CURVE('',#2004,#2007,#452,.T.);
#2548=EDGE_CURVE('',#2008,#1973,#453,.T.);
#2549=EDGE_CURVE('',#2009,#2008,#454,.T.);
#2550=EDGE_CURVE('',#1974,#2009,#455,.T.);
#2551=EDGE_CURVE('',#2010,#2009,#456,.T.);
#2552=EDGE_CURVE('',#2010,#1971,#457,.T.);
#2553=EDGE_CURVE('',#2011,#2010,#458,.T.);
#2554=EDGE_CURVE('',#1972,#2011,#459,.T.);
#2555=EDGE_CURVE('',#2008,#2011,#460,.T.);
#2556=EDGE_CURVE('',#2012,#1969,#461,.T.);
#2557=EDGE_CURVE('',#2013,#2012,#462,.T.);
#2558=EDGE_CURVE('',#1970,#2013,#463,.T.);
#2559=EDGE_CURVE('',#2014,#2013,#464,.T.);
#2560=EDGE_CURVE('',#2014,#1967,#465,.T.);
#2561=EDGE_CURVE('',#2015,#2014,#466,.T.);
#2562=EDGE_CURVE('',#1968,#2015,#467,.T.);
#2563=EDGE_CURVE('',#2012,#2015,#468,.T.);
#2564=EDGE_CURVE('',#2016,#2017,#469,.T.);
#2565=EDGE_CURVE('',#2018,#2016,#470,.T.);
#2566=EDGE_CURVE('',#2019,#2018,#471,.T.);
#2567=EDGE_CURVE('',#2019,#2017,#472,.T.);
#2568=EDGE_CURVE('',#2020,#2016,#473,.T.);
#2569=EDGE_CURVE('',#2021,#2020,#474,.T.);
#2570=EDGE_CURVE('',#2018,#2021,#475,.T.);
#2571=EDGE_CURVE('',#2022,#2022,#1674,.T.);
#2572=EDGE_CURVE('',#2022,#2023,#476,.T.);
#2573=EDGE_CURVE('',#2023,#2023,#1675,.T.);
#2574=EDGE_CURVE('',#2024,#2024,#1676,.T.);
#2575=EDGE_CURVE('',#2025,#2025,#1677,.T.);
#2576=EDGE_CURVE('',#2025,#2024,#477,.T.);
#2577=EDGE_CURVE('',#2021,#2026,#478,.T.);
#2578=EDGE_CURVE('',#2026,#2019,#479,.T.);
#2579=EDGE_CURVE('',#2017,#2027,#480,.T.);
#2580=EDGE_CURVE('',#2026,#2027,#481,.T.);
#2581=EDGE_CURVE('',#2027,#2020,#482,.T.);
#2582=EDGE_CURVE('',#2028,#2029,#483,.T.);
#2583=EDGE_CURVE('',#2030,#2028,#484,.T.);
#2584=EDGE_CURVE('',#2031,#2030,#485,.T.);
#2585=EDGE_CURVE('',#2029,#2031,#486,.T.);
#2586=EDGE_CURVE('',#2032,#2030,#487,.T.);
#2587=EDGE_CURVE('',#2033,#2032,#488,.T.);
#2588=EDGE_CURVE('',#2031,#2033,#489,.T.);
#2589=EDGE_CURVE('',#2034,#2032,#490,.T.);
#2590=EDGE_CURVE('',#2035,#2034,#491,.T.);
#2591=EDGE_CURVE('',#2033,#2035,#492,.T.);
#2592=EDGE_CURVE('',#2036,#2036,#1678,.T.);
#2593=EDGE_CURVE('',#2036,#2037,#493,.T.);
#2594=EDGE_CURVE('',#2037,#2037,#1679,.T.);
#2595=EDGE_CURVE('',#2038,#2038,#1680,.T.);
#2596=EDGE_CURVE('',#2038,#2039,#494,.T.);
#2597=EDGE_CURVE('',#2039,#2039,#1681,.T.);
#2598=EDGE_CURVE('',#2029,#2040,#495,.T.);
#2599=EDGE_CURVE('',#2035,#2041,#496,.T.);
#2600=EDGE_CURVE('',#2040,#2041,#497,.T.);
#2601=EDGE_CURVE('',#2041,#2042,#498,.T.);
#2602=EDGE_CURVE('',#2042,#2034,#499,.T.);
#2603=EDGE_CURVE('',#1943,#2043,#500,.T.);
#2604=EDGE_CURVE('',#2043,#2028,#501,.T.);
#2605=EDGE_CURVE('',#2040,#1945,#502,.T.);
#2606=EDGE_CURVE('',#2042,#1965,#503,.T.);
#2607=EDGE_CURVE('',#2044,#1979,#504,.T.);
#2608=EDGE_CURVE('',#2045,#2044,#505,.T.);
#2609=EDGE_CURVE('',#1980,#2045,#506,.T.);
#2610=EDGE_CURVE('',#2046,#2044,#507,.T.);
#2611=EDGE_CURVE('',#2047,#2046,#508,.T.);
#2612=EDGE_CURVE('',#2045,#2047,#509,.T.);
#2613=EDGE_CURVE('',#2048,#2046,#510,.T.);
#2614=EDGE_CURVE('',#2049,#2048,#511,.T.);
#2615=EDGE_CURVE('',#2047,#2049,#512,.T.);
#2616=EDGE_CURVE('',#2050,#2050,#1682,.T.);
#2617=EDGE_CURVE('',#2050,#2051,#513,.T.);
#2618=EDGE_CURVE('',#2051,#2051,#1683,.T.);
#2619=EDGE_CURVE('',#2052,#2052,#1684,.T.);
#2620=EDGE_CURVE('',#2052,#2053,#514,.T.);
#2621=EDGE_CURVE('',#2053,#2053,#1685,.T.);
#2622=EDGE_CURVE('',#2049,#2054,#515,.T.);
#2623=EDGE_CURVE('',#1981,#2054,#516,.T.);
#2624=EDGE_CURVE('',#2054,#2055,#517,.T.);
#2625=EDGE_CURVE('',#2055,#2048,#518,.T.);
#2626=EDGE_CURVE('',#2055,#2056,#519,.T.);
#2627=EDGE_CURVE('',#1959,#2056,#520,.F.);
#2628=EDGE_CURVE('',#1888,#1985,#521,.T.);
#2629=EDGE_CURVE('',#1889,#1909,#522,.T.);
#2630=EDGE_CURVE('',#1887,#1951,#523,.T.);
#2631=EDGE_CURVE('',#1886,#1934,#524,.T.);
#2632=EDGE_CURVE('',#1984,#1962,#525,.T.);
#2633=EDGE_CURVE('',#1933,#1924,#526,.T.);
#2634=EDGE_CURVE('',#1908,#1903,#527,.T.);
#2635=EDGE_CURVE('',#1950,#1946,#528,.T.);
#2636=EDGE_CURVE('',#2057,#2058,#529,.T.);
#2637=EDGE_CURVE('',#1929,#2058,#530,.F.);
#2638=EDGE_CURVE('',#2056,#1930,#531,.F.);
#2639=EDGE_CURVE('',#2059,#2043,#532,.F.);
#2640=EDGE_CURVE('',#2057,#2059,#533,.T.);
#2641=EDGE_CURVE('',#2058,#2060,#534,.T.);
#2642=EDGE_CURVE('',#2060,#2061,#535,.T.);
#2643=EDGE_CURVE('',#2061,#2062,#536,.T.);
#2644=EDGE_CURVE('',#2062,#1925,#537,.T.);
#2645=EDGE_CURVE('',#2060,#2063,#538,.T.);
#2646=EDGE_CURVE('',#2063,#2064,#539,.T.);
#2647=EDGE_CURVE('',#2064,#2065,#540,.T.);
#2648=EDGE_CURVE('',#2065,#2066,#541,.T.);
#2649=EDGE_CURVE('',#2066,#2061,#542,.T.);
#2650=EDGE_CURVE('',#1983,#2066,#543,.T.);
#2651=EDGE_CURVE('',#2062,#1982,#544,.T.);
#2652=EDGE_CURVE('',#1922,#2065,#545,.T.);
#2653=EDGE_CURVE('',#2003,#2067,#546,.T.);
#2654=EDGE_CURVE('',#2068,#2067,#547,.T.);
#2655=EDGE_CURVE('',#2068,#2000,#548,.T.);
#2656=EDGE_CURVE('',#2063,#1890,#549,.T.);
#2657=EDGE_CURVE('',#2057,#1902,#550,.T.);
#2658=EDGE_CURVE('',#2064,#1914,#551,.T.);
#2659=EDGE_CURVE('',#2069,#2068,#552,.T.);
#2660=EDGE_CURVE('',#2001,#2069,#553,.T.);
#2661=EDGE_CURVE('',#2067,#2070,#554,.T.);
#2662=EDGE_CURVE('',#2002,#2070,#555,.T.);
#2663=EDGE_CURVE('',#2070,#2069,#556,.T.);
#2664=EDGE_CURVE('',#1899,#2059,#557,.F.);
#2665=ORIENTED_EDGE('',*,*,#2071,.T.);
#2666=ORIENTED_EDGE('',*,*,#2072,.T.);
#2667=ORIENTED_EDGE('',*,*,#2073,.T.);
#2668=ORIENTED_EDGE('',*,*,#2074,.F.);
#2669=ORIENTED_EDGE('',*,*,#2075,.T.);
#2670=ORIENTED_EDGE('',*,*,#2076,.T.);
#2671=ORIENTED_EDGE('',*,*,#2077,.T.);
#2672=ORIENTED_EDGE('',*,*,#2072,.F.);
#2673=ORIENTED_EDGE('',*,*,#2078,.T.);
#2674=ORIENTED_EDGE('',*,*,#2079,.T.);
#2675=ORIENTED_EDGE('',*,*,#2078,.F.);
#2676=ORIENTED_EDGE('',*,*,#2080,.T.);
#2677=ORIENTED_EDGE('',*,*,#2081,.T.);
#2678=ORIENTED_EDGE('',*,*,#2082,.F.);
#2679=ORIENTED_EDGE('',*,*,#2083,.F.);
#2680=ORIENTED_EDGE('',*,*,#2084,.T.);
#2681=ORIENTED_EDGE('',*,*,#2083,.T.);
#2682=ORIENTED_EDGE('',*,*,#2085,.F.);
#2683=ORIENTED_EDGE('',*,*,#2086,.F.);
#2684=ORIENTED_EDGE('',*,*,#2087,.T.);
#2685=ORIENTED_EDGE('',*,*,#2086,.T.);
#2686=ORIENTED_EDGE('',*,*,#2088,.F.);
#2687=ORIENTED_EDGE('',*,*,#2077,.F.);
#2688=ORIENTED_EDGE('',*,*,#2089,.F.);
#2689=ORIENTED_EDGE('',*,*,#2090,.T.);
#2690=ORIENTED_EDGE('',*,*,#2089,.T.);
#2691=ORIENTED_EDGE('',*,*,#2076,.F.);
#2692=ORIENTED_EDGE('',*,*,#2091,.F.);
#2693=ORIENTED_EDGE('',*,*,#2092,.T.);
#2694=ORIENTED_EDGE('',*,*,#2091,.T.);
#2695=ORIENTED_EDGE('',*,*,#2075,.F.);
#2696=ORIENTED_EDGE('',*,*,#2093,.F.);
#2697=ORIENTED_EDGE('',*,*,#2081,.F.);
#2698=ORIENTED_EDGE('',*,*,#2092,.F.);
#2699=ORIENTED_EDGE('',*,*,#2080,.F.);
#2700=ORIENTED_EDGE('',*,*,#2084,.F.);
#2701=ORIENTED_EDGE('',*,*,#2087,.F.);
#2702=ORIENTED_EDGE('',*,*,#2090,.F.);
#2703=ORIENTED_EDGE('',*,*,#2079,.F.);
#2704=ORIENTED_EDGE('',*,*,#2088,.T.);
#2705=ORIENTED_EDGE('',*,*,#2085,.T.);
#2706=ORIENTED_EDGE('',*,*,#2082,.T.);
#2707=ORIENTED_EDGE('',*,*,#2093,.T.);
#2708=ORIENTED_EDGE('',*,*,#2094,.F.);
#2709=ORIENTED_EDGE('',*,*,#2095,.F.);
#2710=ORIENTED_EDGE('',*,*,#2096,.F.);
#2711=ORIENTED_EDGE('',*,*,#2097,.T.);
#2712=ORIENTED_EDGE('',*,*,#2098,.T.);
#2713=ORIENTED_EDGE('',*,*,#2099,.T.);
#2714=ORIENTED_EDGE('',*,*,#2100,.T.);
#2715=ORIENTED_EDGE('',*,*,#2101,.T.);
#2716=ORIENTED_EDGE('',*,*,#2102,.T.);
#2717=ORIENTED_EDGE('',*,*,#2103,.T.);
#2718=ORIENTED_EDGE('',*,*,#2104,.T.);
#2719=ORIENTED_EDGE('',*,*,#2105,.T.);
#2720=ORIENTED_EDGE('',*,*,#2106,.T.);
#2721=ORIENTED_EDGE('',*,*,#2107,.T.);
#2722=ORIENTED_EDGE('',*,*,#2108,.T.);
#2723=ORIENTED_EDGE('',*,*,#2109,.T.);
#2724=ORIENTED_EDGE('',*,*,#2110,.T.);
#2725=ORIENTED_EDGE('',*,*,#2111,.T.);
#2726=ORIENTED_EDGE('',*,*,#2112,.T.);
#2727=ORIENTED_EDGE('',*,*,#2113,.T.);
#2728=ORIENTED_EDGE('',*,*,#2114,.T.);
#2729=ORIENTED_EDGE('',*,*,#2115,.T.);
#2730=ORIENTED_EDGE('',*,*,#2116,.T.);
#2731=ORIENTED_EDGE('',*,*,#2117,.T.);
#2732=ORIENTED_EDGE('',*,*,#2118,.T.);
#2733=ORIENTED_EDGE('',*,*,#2119,.T.);
#2734=ORIENTED_EDGE('',*,*,#2120,.T.);
#2735=ORIENTED_EDGE('',*,*,#2121,.T.);
#2736=ORIENTED_EDGE('',*,*,#2122,.T.);
#2737=ORIENTED_EDGE('',*,*,#2123,.T.);
#2738=ORIENTED_EDGE('',*,*,#2124,.T.);
#2739=ORIENTED_EDGE('',*,*,#2125,.T.);
#2740=ORIENTED_EDGE('',*,*,#2126,.T.);
#2741=ORIENTED_EDGE('',*,*,#2127,.T.);
#2742=ORIENTED_EDGE('',*,*,#2128,.T.);
#2743=ORIENTED_EDGE('',*,*,#2129,.T.);
#2744=ORIENTED_EDGE('',*,*,#2130,.T.);
#2745=ORIENTED_EDGE('',*,*,#2131,.T.);
#2746=ORIENTED_EDGE('',*,*,#2132,.T.);
#2747=ORIENTED_EDGE('',*,*,#2133,.T.);
#2748=ORIENTED_EDGE('',*,*,#2134,.T.);
#2749=ORIENTED_EDGE('',*,*,#2135,.T.);
#2750=ORIENTED_EDGE('',*,*,#2136,.T.);
#2751=ORIENTED_EDGE('',*,*,#2137,.T.);
#2752=ORIENTED_EDGE('',*,*,#2138,.T.);
#2753=ORIENTED_EDGE('',*,*,#2139,.T.);
#2754=ORIENTED_EDGE('',*,*,#2140,.T.);
#2755=ORIENTED_EDGE('',*,*,#2141,.T.);
#2756=ORIENTED_EDGE('',*,*,#2142,.T.);
#2757=ORIENTED_EDGE('',*,*,#2143,.T.);
#2758=ORIENTED_EDGE('',*,*,#2144,.T.);
#2759=ORIENTED_EDGE('',*,*,#2145,.T.);
#2760=ORIENTED_EDGE('',*,*,#2146,.T.);
#2761=ORIENTED_EDGE('',*,*,#2147,.T.);
#2762=ORIENTED_EDGE('',*,*,#2148,.T.);
#2763=ORIENTED_EDGE('',*,*,#2149,.T.);
#2764=ORIENTED_EDGE('',*,*,#2150,.T.);
#2765=ORIENTED_EDGE('',*,*,#2151,.T.);
#2766=ORIENTED_EDGE('',*,*,#2152,.T.);
#2767=ORIENTED_EDGE('',*,*,#2153,.T.);
#2768=ORIENTED_EDGE('',*,*,#2154,.T.);
#2769=ORIENTED_EDGE('',*,*,#2155,.T.);
#2770=ORIENTED_EDGE('',*,*,#2156,.T.);
#2771=ORIENTED_EDGE('',*,*,#2157,.T.);
#2772=ORIENTED_EDGE('',*,*,#2158,.T.);
#2773=ORIENTED_EDGE('',*,*,#2159,.T.);
#2774=ORIENTED_EDGE('',*,*,#2159,.F.);
#2775=ORIENTED_EDGE('',*,*,#2160,.T.);
#2776=ORIENTED_EDGE('',*,*,#2161,.T.);
#2777=ORIENTED_EDGE('',*,*,#2160,.F.);
#2778=ORIENTED_EDGE('',*,*,#2162,.F.);
#2779=ORIENTED_EDGE('',*,*,#2163,.T.);
#2780=ORIENTED_EDGE('',*,*,#2164,.F.);
#2781=ORIENTED_EDGE('',*,*,#2108,.F.);
#2782=ORIENTED_EDGE('',*,*,#2165,.F.);
#2783=ORIENTED_EDGE('',*,*,#2166,.F.);
#2784=ORIENTED_EDGE('',*,*,#2165,.T.);
#2785=ORIENTED_EDGE('',*,*,#2107,.F.);
#2786=ORIENTED_EDGE('',*,*,#2167,.F.);
#2787=ORIENTED_EDGE('',*,*,#2168,.F.);
#2788=ORIENTED_EDGE('',*,*,#2169,.F.);
#2789=ORIENTED_EDGE('',*,*,#2168,.T.);
#2790=ORIENTED_EDGE('',*,*,#2170,.F.);
#2791=ORIENTED_EDGE('',*,*,#2171,.F.);
#2792=ORIENTED_EDGE('',*,*,#2172,.T.);
#2793=ORIENTED_EDGE('',*,*,#2171,.T.);
#2794=ORIENTED_EDGE('',*,*,#2173,.F.);
#2795=ORIENTED_EDGE('',*,*,#2174,.F.);
#2796=ORIENTED_EDGE('',*,*,#2175,.F.);
#2797=ORIENTED_EDGE('',*,*,#2174,.T.);
#2798=ORIENTED_EDGE('',*,*,#2176,.F.);
#2799=ORIENTED_EDGE('',*,*,#2163,.F.);
#2800=ORIENTED_EDGE('',*,*,#2177,.T.);
#2801=ORIENTED_EDGE('',*,*,#2164,.T.);
#2802=ORIENTED_EDGE('',*,*,#2176,.T.);
#2803=ORIENTED_EDGE('',*,*,#2173,.T.);
#2804=ORIENTED_EDGE('',*,*,#2170,.T.);
#2805=ORIENTED_EDGE('',*,*,#2167,.T.);
#2806=ORIENTED_EDGE('',*,*,#2178,.T.);
#2807=ORIENTED_EDGE('',*,*,#2179,.F.);
#2808=ORIENTED_EDGE('',*,*,#2175,.T.);
#2809=ORIENTED_EDGE('',*,*,#2162,.T.);
#2810=ORIENTED_EDGE('',*,*,#2166,.T.);
#2811=ORIENTED_EDGE('',*,*,#2169,.T.);
#2812=ORIENTED_EDGE('',*,*,#2172,.F.);
#2813=ORIENTED_EDGE('',*,*,#2161,.F.);
#2814=ORIENTED_EDGE('',*,*,#2180,.T.);
#2815=ORIENTED_EDGE('',*,*,#2181,.T.);
#2816=ORIENTED_EDGE('',*,*,#2182,.F.);
#2817=ORIENTED_EDGE('',*,*,#2183,.T.);
#2818=ORIENTED_EDGE('',*,*,#2184,.T.);
#2819=ORIENTED_EDGE('',*,*,#2185,.T.);
#2820=ORIENTED_EDGE('',*,*,#2186,.T.);
#2821=ORIENTED_EDGE('',*,*,#2181,.F.);
#2822=ORIENTED_EDGE('',*,*,#2187,.T.);
#2823=ORIENTED_EDGE('',*,*,#2188,.T.);
#2824=ORIENTED_EDGE('',*,*,#2187,.F.);
#2825=ORIENTED_EDGE('',*,*,#2189,.T.);
#2826=ORIENTED_EDGE('',*,*,#2190,.T.);
#2827=ORIENTED_EDGE('',*,*,#2185,.F.);
#2828=ORIENTED_EDGE('',*,*,#2191,.F.);
#2829=ORIENTED_EDGE('',*,*,#2192,.T.);
#2830=ORIENTED_EDGE('',*,*,#2191,.T.);
#2831=ORIENTED_EDGE('',*,*,#2184,.F.);
#2832=ORIENTED_EDGE('',*,*,#2100,.F.);
#2833=ORIENTED_EDGE('',*,*,#2193,.F.);
#2834=ORIENTED_EDGE('',*,*,#2194,.T.);
#2835=ORIENTED_EDGE('',*,*,#2193,.T.);
#2836=ORIENTED_EDGE('',*,*,#2099,.F.);
#2837=ORIENTED_EDGE('',*,*,#2195,.F.);
#2838=ORIENTED_EDGE('',*,*,#2196,.T.);
#2839=ORIENTED_EDGE('',*,*,#2195,.T.);
#2840=ORIENTED_EDGE('',*,*,#2098,.F.);
#2841=ORIENTED_EDGE('',*,*,#2197,.F.);
#2842=ORIENTED_EDGE('',*,*,#2198,.T.);
#2843=ORIENTED_EDGE('',*,*,#2197,.T.);
#2844=ORIENTED_EDGE('',*,*,#2097,.F.);
#2845=ORIENTED_EDGE('',*,*,#2186,.F.);
#2846=ORIENTED_EDGE('',*,*,#2190,.F.);
#2847=ORIENTED_EDGE('',*,*,#2198,.F.);
#2848=ORIENTED_EDGE('',*,*,#2189,.F.);
#2849=ORIENTED_EDGE('',*,*,#2192,.F.);
#2850=ORIENTED_EDGE('',*,*,#2194,.F.);
#2851=ORIENTED_EDGE('',*,*,#2196,.F.);
#2852=ORIENTED_EDGE('',*,*,#2188,.F.);
#2853=ORIENTED_EDGE('',*,*,#2199,.T.);
#2854=ORIENTED_EDGE('',*,*,#2200,.T.);
#2855=ORIENTED_EDGE('',*,*,#2201,.T.);
#2856=ORIENTED_EDGE('',*,*,#2202,.T.);
#2857=ORIENTED_EDGE('',*,*,#2203,.T.);
#2858=ORIENTED_EDGE('',*,*,#2200,.F.);
#2859=ORIENTED_EDGE('',*,*,#2204,.T.);
#2860=ORIENTED_EDGE('',*,*,#2205,.T.);
#2861=ORIENTED_EDGE('',*,*,#2204,.F.);
#2862=ORIENTED_EDGE('',*,*,#2206,.T.);
#2863=ORIENTED_EDGE('',*,*,#2207,.T.);
#2864=ORIENTED_EDGE('',*,*,#2208,.F.);
#2865=ORIENTED_EDGE('',*,*,#2203,.F.);
#2866=ORIENTED_EDGE('',*,*,#2209,.F.);
#2867=ORIENTED_EDGE('',*,*,#2210,.T.);
#2868=ORIENTED_EDGE('',*,*,#2209,.T.);
#2869=ORIENTED_EDGE('',*,*,#2202,.F.);
#2870=ORIENTED_EDGE('',*,*,#2105,.F.);
#2871=ORIENTED_EDGE('',*,*,#2211,.F.);
#2872=ORIENTED_EDGE('',*,*,#2212,.T.);
#2873=ORIENTED_EDGE('',*,*,#2211,.T.);
#2874=ORIENTED_EDGE('',*,*,#2104,.F.);
#2875=ORIENTED_EDGE('',*,*,#2213,.F.);
#2876=ORIENTED_EDGE('',*,*,#2214,.T.);
#2877=ORIENTED_EDGE('',*,*,#2213,.T.);
#2878=ORIENTED_EDGE('',*,*,#2103,.F.);
#2879=ORIENTED_EDGE('',*,*,#2215,.F.);
#2880=ORIENTED_EDGE('',*,*,#2216,.T.);
#2881=ORIENTED_EDGE('',*,*,#2215,.T.);
#2882=ORIENTED_EDGE('',*,*,#2102,.F.);
#2883=ORIENTED_EDGE('',*,*,#2217,.F.);
#2884=ORIENTED_EDGE('',*,*,#2218,.F.);
#2885=ORIENTED_EDGE('',*,*,#2219,.T.);
#2886=ORIENTED_EDGE('',*,*,#2218,.T.);
#2887=ORIENTED_EDGE('',*,*,#2220,.F.);
#2888=ORIENTED_EDGE('',*,*,#2221,.F.);
#2889=ORIENTED_EDGE('',*,*,#2222,.T.);
#2890=ORIENTED_EDGE('',*,*,#2221,.T.);
#2891=ORIENTED_EDGE('',*,*,#2223,.F.);
#2892=ORIENTED_EDGE('',*,*,#2224,.F.);
#2893=ORIENTED_EDGE('',*,*,#2225,.T.);
#2894=ORIENTED_EDGE('',*,*,#2224,.T.);
#2895=ORIENTED_EDGE('',*,*,#2226,.F.);
#2896=ORIENTED_EDGE('',*,*,#2227,.F.);
#2897=ORIENTED_EDGE('',*,*,#2207,.F.);
#2898=ORIENTED_EDGE('',*,*,#2228,.F.);
#2899=ORIENTED_EDGE('',*,*,#2226,.T.);
#2900=ORIENTED_EDGE('',*,*,#2223,.T.);
#2901=ORIENTED_EDGE('',*,*,#2220,.T.);
#2902=ORIENTED_EDGE('',*,*,#2217,.T.);
#2903=ORIENTED_EDGE('',*,*,#2229,.T.);
#2904=ORIENTED_EDGE('',*,*,#2225,.F.);
#2905=ORIENTED_EDGE('',*,*,#2206,.F.);
#2906=ORIENTED_EDGE('',*,*,#2210,.F.);
#2907=ORIENTED_EDGE('',*,*,#2212,.F.);
#2908=ORIENTED_EDGE('',*,*,#2214,.F.);
#2909=ORIENTED_EDGE('',*,*,#2216,.F.);
#2910=ORIENTED_EDGE('',*,*,#2219,.F.);
#2911=ORIENTED_EDGE('',*,*,#2222,.F.);
#2912=ORIENTED_EDGE('',*,*,#2205,.F.);
#2913=ORIENTED_EDGE('',*,*,#2227,.T.);
#2914=ORIENTED_EDGE('',*,*,#2230,.F.);
#2915=ORIENTED_EDGE('',*,*,#2231,.T.);
#2916=ORIENTED_EDGE('',*,*,#2208,.T.);
#2917=ORIENTED_EDGE('',*,*,#2179,.T.);
#2918=ORIENTED_EDGE('',*,*,#2232,.T.);
#2919=ORIENTED_EDGE('',*,*,#2233,.T.);
#2920=ORIENTED_EDGE('',*,*,#2234,.T.);
#2921=ORIENTED_EDGE('',*,*,#2233,.F.);
#2922=ORIENTED_EDGE('',*,*,#2235,.F.);
#2923=ORIENTED_EDGE('',*,*,#2236,.F.);
#2924=ORIENTED_EDGE('',*,*,#2237,.F.);
#2925=ORIENTED_EDGE('',*,*,#2238,.F.);
#2926=ORIENTED_EDGE('',*,*,#2239,.F.);
#2927=ORIENTED_EDGE('',*,*,#2240,.F.);
#2928=ORIENTED_EDGE('',*,*,#2241,.F.);
#2929=ORIENTED_EDGE('',*,*,#2242,.T.);
#2930=ORIENTED_EDGE('',*,*,#2243,.T.);
#2931=ORIENTED_EDGE('',*,*,#2244,.T.);
#2932=ORIENTED_EDGE('',*,*,#2245,.T.);
#2933=ORIENTED_EDGE('',*,*,#2246,.T.);
#2934=ORIENTED_EDGE('',*,*,#2247,.T.);
#2935=ORIENTED_EDGE('',*,*,#2248,.T.);
#2936=ORIENTED_EDGE('',*,*,#2249,.T.);
#2937=ORIENTED_EDGE('',*,*,#2250,.T.);
#2938=ORIENTED_EDGE('',*,*,#2251,.T.);
#2939=ORIENTED_EDGE('',*,*,#2252,.T.);
#2940=ORIENTED_EDGE('',*,*,#2253,.T.);
#2941=ORIENTED_EDGE('',*,*,#2254,.T.);
#2942=ORIENTED_EDGE('',*,*,#2255,.T.);
#2943=ORIENTED_EDGE('',*,*,#2256,.T.);
#2944=ORIENTED_EDGE('',*,*,#2257,.T.);
#2945=ORIENTED_EDGE('',*,*,#2258,.T.);
#2946=ORIENTED_EDGE('',*,*,#2259,.T.);
#2947=ORIENTED_EDGE('',*,*,#2260,.T.);
#2948=ORIENTED_EDGE('',*,*,#2261,.T.);
#2949=ORIENTED_EDGE('',*,*,#2262,.T.);
#2950=ORIENTED_EDGE('',*,*,#2263,.T.);
#2951=ORIENTED_EDGE('',*,*,#2264,.T.);
#2952=ORIENTED_EDGE('',*,*,#2265,.T.);
#2953=ORIENTED_EDGE('',*,*,#2266,.T.);
#2954=ORIENTED_EDGE('',*,*,#2267,.T.);
#2955=ORIENTED_EDGE('',*,*,#2268,.T.);
#2956=ORIENTED_EDGE('',*,*,#2269,.T.);
#2957=ORIENTED_EDGE('',*,*,#2270,.T.);
#2958=ORIENTED_EDGE('',*,*,#2271,.T.);
#2959=ORIENTED_EDGE('',*,*,#2272,.T.);
#2960=ORIENTED_EDGE('',*,*,#2273,.T.);
#2961=ORIENTED_EDGE('',*,*,#2274,.T.);
#2962=ORIENTED_EDGE('',*,*,#2275,.T.);
#2963=ORIENTED_EDGE('',*,*,#2276,.T.);
#2964=ORIENTED_EDGE('',*,*,#2277,.T.);
#2965=ORIENTED_EDGE('',*,*,#2278,.T.);
#2966=ORIENTED_EDGE('',*,*,#2279,.T.);
#2967=ORIENTED_EDGE('',*,*,#2280,.T.);
#2968=ORIENTED_EDGE('',*,*,#2281,.T.);
#2969=ORIENTED_EDGE('',*,*,#2282,.T.);
#2970=ORIENTED_EDGE('',*,*,#2283,.T.);
#2971=ORIENTED_EDGE('',*,*,#2284,.T.);
#2972=ORIENTED_EDGE('',*,*,#2285,.T.);
#2973=ORIENTED_EDGE('',*,*,#2286,.T.);
#2974=ORIENTED_EDGE('',*,*,#2287,.T.);
#2975=ORIENTED_EDGE('',*,*,#2288,.T.);
#2976=ORIENTED_EDGE('',*,*,#2289,.T.);
#2977=ORIENTED_EDGE('',*,*,#2290,.T.);
#2978=ORIENTED_EDGE('',*,*,#2291,.T.);
#2979=ORIENTED_EDGE('',*,*,#2292,.T.);
#2980=ORIENTED_EDGE('',*,*,#2293,.T.);
#2981=ORIENTED_EDGE('',*,*,#2232,.F.);
#2982=ORIENTED_EDGE('',*,*,#2178,.F.);
#2983=ORIENTED_EDGE('',*,*,#2106,.F.);
#2984=ORIENTED_EDGE('',*,*,#2201,.F.);
#2985=ORIENTED_EDGE('',*,*,#2231,.F.);
#2986=ORIENTED_EDGE('',*,*,#2294,.F.);
#2987=ORIENTED_EDGE('',*,*,#2235,.T.);
#2988=ORIENTED_EDGE('',*,*,#2236,.T.);
#2989=ORIENTED_EDGE('',*,*,#2294,.T.);
#2990=ORIENTED_EDGE('',*,*,#2230,.T.);
#2991=ORIENTED_EDGE('',*,*,#2228,.T.);
#2992=ORIENTED_EDGE('',*,*,#2295,.T.);
#2993=ORIENTED_EDGE('',*,*,#2182,.T.);
#2994=ORIENTED_EDGE('',*,*,#2096,.T.);
#2995=ORIENTED_EDGE('',*,*,#2296,.T.);
#2996=ORIENTED_EDGE('',*,*,#2238,.T.);
#2997=ORIENTED_EDGE('',*,*,#2297,.T.);
#2998=ORIENTED_EDGE('',*,*,#2296,.F.);
#2999=ORIENTED_EDGE('',*,*,#2095,.T.);
#3000=ORIENTED_EDGE('',*,*,#2298,.F.);
#3001=ORIENTED_EDGE('',*,*,#2239,.T.);
#3002=ORIENTED_EDGE('',*,*,#2240,.T.);
#3003=ORIENTED_EDGE('',*,*,#2298,.T.);
#3004=ORIENTED_EDGE('',*,*,#2094,.T.);
#3005=ORIENTED_EDGE('',*,*,#2074,.T.);
#3006=ORIENTED_EDGE('',*,*,#2299,.T.);
#3007=ORIENTED_EDGE('',*,*,#2234,.F.);
#3008=ORIENTED_EDGE('',*,*,#2241,.T.);
#3009=ORIENTED_EDGE('',*,*,#2299,.F.);
#3010=ORIENTED_EDGE('',*,*,#2073,.F.);
#3011=ORIENTED_EDGE('',*,*,#2109,.F.);
#3012=ORIENTED_EDGE('',*,*,#2177,.F.);
#3013=ORIENTED_EDGE('',*,*,#2071,.F.);
#3014=ORIENTED_EDGE('',*,*,#2300,.T.);
#3015=ORIENTED_EDGE('',*,*,#2293,.F.);
#3016=ORIENTED_EDGE('',*,*,#2300,.F.);
#3017=ORIENTED_EDGE('',*,*,#2180,.F.);
#3018=ORIENTED_EDGE('',*,*,#2301,.T.);
#3019=ORIENTED_EDGE('',*,*,#2242,.F.);
#3020=ORIENTED_EDGE('',*,*,#2301,.F.);
#3021=ORIENTED_EDGE('',*,*,#2199,.F.);
#3022=ORIENTED_EDGE('',*,*,#2302,.T.);
#3023=ORIENTED_EDGE('',*,*,#2292,.F.);
#3024=ORIENTED_EDGE('',*,*,#2302,.F.);
#3025=ORIENTED_EDGE('',*,*,#2158,.F.);
#3026=ORIENTED_EDGE('',*,*,#2303,.T.);
#3027=ORIENTED_EDGE('',*,*,#2291,.F.);
#3028=ORIENTED_EDGE('',*,*,#2303,.F.);
#3029=ORIENTED_EDGE('',*,*,#2295,.F.);
#3030=ORIENTED_EDGE('',*,*,#2229,.F.);
#3031=ORIENTED_EDGE('',*,*,#2101,.F.);
#3032=ORIENTED_EDGE('',*,*,#2183,.F.);
#3033=ORIENTED_EDGE('',*,*,#2297,.F.);
#3034=ORIENTED_EDGE('',*,*,#2237,.T.);
#3035=ORIENTED_EDGE('',*,*,#2287,.F.);
#3036=ORIENTED_EDGE('',*,*,#2304,.F.);
#3037=ORIENTED_EDGE('',*,*,#2154,.F.);
#3038=ORIENTED_EDGE('',*,*,#2305,.T.);
#3039=ORIENTED_EDGE('',*,*,#2288,.F.);
#3040=ORIENTED_EDGE('',*,*,#2305,.F.);
#3041=ORIENTED_EDGE('',*,*,#2153,.F.);
#3042=ORIENTED_EDGE('',*,*,#2306,.T.);
#3043=ORIENTED_EDGE('',*,*,#2289,.F.);
#3044=ORIENTED_EDGE('',*,*,#2306,.F.);
#3045=ORIENTED_EDGE('',*,*,#2152,.F.);
#3046=ORIENTED_EDGE('',*,*,#2307,.T.);
#3047=ORIENTED_EDGE('',*,*,#2290,.F.);
#3048=ORIENTED_EDGE('',*,*,#2307,.F.);
#3049=ORIENTED_EDGE('',*,*,#2151,.F.);
#3050=ORIENTED_EDGE('',*,*,#2308,.T.);
#3051=ORIENTED_EDGE('',*,*,#2283,.F.);
#3052=ORIENTED_EDGE('',*,*,#2308,.F.);
#3053=ORIENTED_EDGE('',*,*,#2150,.F.);
#3054=ORIENTED_EDGE('',*,*,#2309,.T.);
#3055=ORIENTED_EDGE('',*,*,#2284,.F.);
#3056=ORIENTED_EDGE('',*,*,#2309,.F.);
#3057=ORIENTED_EDGE('',*,*,#2157,.F.);
#3058=ORIENTED_EDGE('',*,*,#2310,.T.);
#3059=ORIENTED_EDGE('',*,*,#2285,.F.);
#3060=ORIENTED_EDGE('',*,*,#2310,.F.);
#3061=ORIENTED_EDGE('',*,*,#2156,.F.);
#3062=ORIENTED_EDGE('',*,*,#2311,.T.);
#3063=ORIENTED_EDGE('',*,*,#2286,.F.);
#3064=ORIENTED_EDGE('',*,*,#2311,.F.);
#3065=ORIENTED_EDGE('',*,*,#2155,.F.);
#3066=ORIENTED_EDGE('',*,*,#2304,.T.);
#3067=ORIENTED_EDGE('',*,*,#2279,.F.);
#3068=ORIENTED_EDGE('',*,*,#2312,.F.);
#3069=ORIENTED_EDGE('',*,*,#2146,.F.);
#3070=ORIENTED_EDGE('',*,*,#2313,.T.);
#3071=ORIENTED_EDGE('',*,*,#2280,.F.);
#3072=ORIENTED_EDGE('',*,*,#2313,.F.);
#3073=ORIENTED_EDGE('',*,*,#2145,.F.);
#3074=ORIENTED_EDGE('',*,*,#2314,.T.);
#3075=ORIENTED_EDGE('',*,*,#2281,.F.);
#3076=ORIENTED_EDGE('',*,*,#2314,.F.);
#3077=ORIENTED_EDGE('',*,*,#2144,.F.);
#3078=ORIENTED_EDGE('',*,*,#2315,.T.);
#3079=ORIENTED_EDGE('',*,*,#2282,.F.);
#3080=ORIENTED_EDGE('',*,*,#2315,.F.);
#3081=ORIENTED_EDGE('',*,*,#2143,.F.);
#3082=ORIENTED_EDGE('',*,*,#2316,.T.);
#3083=ORIENTED_EDGE('',*,*,#2275,.F.);
#3084=ORIENTED_EDGE('',*,*,#2316,.F.);
#3085=ORIENTED_EDGE('',*,*,#2142,.F.);
#3086=ORIENTED_EDGE('',*,*,#2317,.T.);
#3087=ORIENTED_EDGE('',*,*,#2276,.F.);
#3088=ORIENTED_EDGE('',*,*,#2317,.F.);
#3089=ORIENTED_EDGE('',*,*,#2149,.F.);
#3090=ORIENTED_EDGE('',*,*,#2318,.T.);
#3091=ORIENTED_EDGE('',*,*,#2277,.F.);
#3092=ORIENTED_EDGE('',*,*,#2318,.F.);
#3093=ORIENTED_EDGE('',*,*,#2148,.F.);
#3094=ORIENTED_EDGE('',*,*,#2319,.T.);
#3095=ORIENTED_EDGE('',*,*,#2278,.F.);
#3096=ORIENTED_EDGE('',*,*,#2319,.F.);
#3097=ORIENTED_EDGE('',*,*,#2147,.F.);
#3098=ORIENTED_EDGE('',*,*,#2312,.T.);
#3099=ORIENTED_EDGE('',*,*,#2271,.F.);
#3100=ORIENTED_EDGE('',*,*,#2320,.F.);
#3101=ORIENTED_EDGE('',*,*,#2138,.F.);
#3102=ORIENTED_EDGE('',*,*,#2321,.T.);
#3103=ORIENTED_EDGE('',*,*,#2272,.F.);
#3104=ORIENTED_EDGE('',*,*,#2321,.F.);
#3105=ORIENTED_EDGE('',*,*,#2137,.F.);
#3106=ORIENTED_EDGE('',*,*,#2322,.T.);
#3107=ORIENTED_EDGE('',*,*,#2273,.F.);
#3108=ORIENTED_EDGE('',*,*,#2322,.F.);
#3109=ORIENTED_EDGE('',*,*,#2136,.F.);
#3110=ORIENTED_EDGE('',*,*,#2323,.T.);
#3111=ORIENTED_EDGE('',*,*,#2274,.F.);
#3112=ORIENTED_EDGE('',*,*,#2323,.F.);
#3113=ORIENTED_EDGE('',*,*,#2135,.F.);
#3114=ORIENTED_EDGE('',*,*,#2324,.T.);
#3115=ORIENTED_EDGE('',*,*,#2267,.F.);
#3116=ORIENTED_EDGE('',*,*,#2324,.F.);
#3117=ORIENTED_EDGE('',*,*,#2134,.F.);
#3118=ORIENTED_EDGE('',*,*,#2325,.T.);
#3119=ORIENTED_EDGE('',*,*,#2268,.F.);
#3120=ORIENTED_EDGE('',*,*,#2325,.F.);
#3121=ORIENTED_EDGE('',*,*,#2141,.F.);
#3122=ORIENTED_EDGE('',*,*,#2326,.T.);
#3123=ORIENTED_EDGE('',*,*,#2269,.F.);
#3124=ORIENTED_EDGE('',*,*,#2326,.F.);
#3125=ORIENTED_EDGE('',*,*,#2140,.F.);
#3126=ORIENTED_EDGE('',*,*,#2327,.T.);
#3127=ORIENTED_EDGE('',*,*,#2270,.F.);
#3128=ORIENTED_EDGE('',*,*,#2327,.F.);
#3129=ORIENTED_EDGE('',*,*,#2139,.F.);
#3130=ORIENTED_EDGE('',*,*,#2320,.T.);
#3131=ORIENTED_EDGE('',*,*,#2263,.F.);
#3132=ORIENTED_EDGE('',*,*,#2328,.F.);
#3133=ORIENTED_EDGE('',*,*,#2130,.F.);
#3134=ORIENTED_EDGE('',*,*,#2329,.T.);
#3135=ORIENTED_EDGE('',*,*,#2264,.F.);
#3136=ORIENTED_EDGE('',*,*,#2329,.F.);
#3137=ORIENTED_EDGE('',*,*,#2129,.F.);
#3138=ORIENTED_EDGE('',*,*,#2330,.T.);
#3139=ORIENTED_EDGE('',*,*,#2265,.F.);
#3140=ORIENTED_EDGE('',*,*,#2330,.F.);
#3141=ORIENTED_EDGE('',*,*,#2128,.F.);
#3142=ORIENTED_EDGE('',*,*,#2331,.T.);
#3143=ORIENTED_EDGE('',*,*,#2266,.F.);
#3144=ORIENTED_EDGE('',*,*,#2331,.F.);
#3145=ORIENTED_EDGE('',*,*,#2127,.F.);
#3146=ORIENTED_EDGE('',*,*,#2332,.T.);
#3147=ORIENTED_EDGE('',*,*,#2259,.F.);
#3148=ORIENTED_EDGE('',*,*,#2332,.F.);
#3149=ORIENTED_EDGE('',*,*,#2126,.F.);
#3150=ORIENTED_EDGE('',*,*,#2333,.T.);
#3151=ORIENTED_EDGE('',*,*,#2260,.F.);
#3152=ORIENTED_EDGE('',*,*,#2333,.F.);
#3153=ORIENTED_EDGE('',*,*,#2133,.F.);
#3154=ORIENTED_EDGE('',*,*,#2334,.T.);
#3155=ORIENTED_EDGE('',*,*,#2261,.F.);
#3156=ORIENTED_EDGE('',*,*,#2334,.F.);
#3157=ORIENTED_EDGE('',*,*,#2132,.F.);
#3158=ORIENTED_EDGE('',*,*,#2335,.T.);
#3159=ORIENTED_EDGE('',*,*,#2262,.F.);
#3160=ORIENTED_EDGE('',*,*,#2335,.F.);
#3161=ORIENTED_EDGE('',*,*,#2131,.F.);
#3162=ORIENTED_EDGE('',*,*,#2328,.T.);
#3163=ORIENTED_EDGE('',*,*,#2255,.F.);
#3164=ORIENTED_EDGE('',*,*,#2336,.F.);
#3165=ORIENTED_EDGE('',*,*,#2122,.F.);
#3166=ORIENTED_EDGE('',*,*,#2337,.T.);
#3167=ORIENTED_EDGE('',*,*,#2256,.F.);
#3168=ORIENTED_EDGE('',*,*,#2337,.F.);
#3169=ORIENTED_EDGE('',*,*,#2121,.F.);
#3170=ORIENTED_EDGE('',*,*,#2338,.T.);
#3171=ORIENTED_EDGE('',*,*,#2257,.F.);
#3172=ORIENTED_EDGE('',*,*,#2338,.F.);
#3173=ORIENTED_EDGE('',*,*,#2120,.F.);
#3174=ORIENTED_EDGE('',*,*,#2339,.T.);
#3175=ORIENTED_EDGE('',*,*,#2258,.F.);
#3176=ORIENTED_EDGE('',*,*,#2339,.F.);
#3177=ORIENTED_EDGE('',*,*,#2119,.F.);
#3178=ORIENTED_EDGE('',*,*,#2340,.T.);
#3179=ORIENTED_EDGE('',*,*,#2251,.F.);
#3180=ORIENTED_EDGE('',*,*,#2340,.F.);
#3181=ORIENTED_EDGE('',*,*,#2118,.F.);
#3182=ORIENTED_EDGE('',*,*,#2341,.T.);
#3183=ORIENTED_EDGE('',*,*,#2252,.F.);
#3184=ORIENTED_EDGE('',*,*,#2341,.F.);
#3185=ORIENTED_EDGE('',*,*,#2125,.F.);
#3186=ORIENTED_EDGE('',*,*,#2342,.T.);
#3187=ORIENTED_EDGE('',*,*,#2253,.F.);
#3188=ORIENTED_EDGE('',*,*,#2342,.F.);
#3189=ORIENTED_EDGE('',*,*,#2124,.F.);
#3190=ORIENTED_EDGE('',*,*,#2343,.T.);
#3191=ORIENTED_EDGE('',*,*,#2254,.F.);
#3192=ORIENTED_EDGE('',*,*,#2343,.F.);
#3193=ORIENTED_EDGE('',*,*,#2123,.F.);
#3194=ORIENTED_EDGE('',*,*,#2336,.T.);
#3195=ORIENTED_EDGE('',*,*,#2247,.F.);
#3196=ORIENTED_EDGE('',*,*,#2344,.F.);
#3197=ORIENTED_EDGE('',*,*,#2114,.F.);
#3198=ORIENTED_EDGE('',*,*,#2345,.T.);
#3199=ORIENTED_EDGE('',*,*,#2248,.F.);
#3200=ORIENTED_EDGE('',*,*,#2345,.F.);
#3201=ORIENTED_EDGE('',*,*,#2113,.F.);
#3202=ORIENTED_EDGE('',*,*,#2346,.T.);
#3203=ORIENTED_EDGE('',*,*,#2249,.F.);
#3204=ORIENTED_EDGE('',*,*,#2346,.F.);
#3205=ORIENTED_EDGE('',*,*,#2112,.F.);
#3206=ORIENTED_EDGE('',*,*,#2347,.T.);
#3207=ORIENTED_EDGE('',*,*,#2250,.F.);
#3208=ORIENTED_EDGE('',*,*,#2347,.F.);
#3209=ORIENTED_EDGE('',*,*,#2111,.F.);
#3210=ORIENTED_EDGE('',*,*,#2348,.T.);
#3211=ORIENTED_EDGE('',*,*,#2243,.F.);
#3212=ORIENTED_EDGE('',*,*,#2348,.F.);
#3213=ORIENTED_EDGE('',*,*,#2110,.F.);
#3214=ORIENTED_EDGE('',*,*,#2349,.T.);
#3215=ORIENTED_EDGE('',*,*,#2244,.F.);
#3216=ORIENTED_EDGE('',*,*,#2349,.F.);
#3217=ORIENTED_EDGE('',*,*,#2117,.F.);
#3218=ORIENTED_EDGE('',*,*,#2350,.T.);
#3219=ORIENTED_EDGE('',*,*,#2245,.F.);
#3220=ORIENTED_EDGE('',*,*,#2350,.F.);
#3221=ORIENTED_EDGE('',*,*,#2116,.F.);
#3222=ORIENTED_EDGE('',*,*,#2351,.T.);
#3223=ORIENTED_EDGE('',*,*,#2246,.F.);
#3224=ORIENTED_EDGE('',*,*,#2351,.F.);
#3225=ORIENTED_EDGE('',*,*,#2115,.F.);
#3226=ORIENTED_EDGE('',*,*,#2344,.T.);
#3227=ORIENTED_EDGE('',*,*,#2352,.F.);
#3228=ORIENTED_EDGE('',*,*,#2353,.F.);
#3229=ORIENTED_EDGE('',*,*,#2354,.F.);
#3230=ORIENTED_EDGE('',*,*,#2355,.F.);
#3231=ORIENTED_EDGE('',*,*,#2356,.F.);
#3232=ORIENTED_EDGE('',*,*,#2355,.T.);
#3233=ORIENTED_EDGE('',*,*,#2357,.F.);
#3234=ORIENTED_EDGE('',*,*,#2358,.T.);
#3235=ORIENTED_EDGE('',*,*,#2359,.F.);
#3236=ORIENTED_EDGE('',*,*,#2358,.F.);
#3237=ORIENTED_EDGE('',*,*,#2360,.F.);
#3238=ORIENTED_EDGE('',*,*,#2361,.F.);
#3239=ORIENTED_EDGE('',*,*,#2362,.F.);
#3240=ORIENTED_EDGE('',*,*,#2361,.T.);
#3241=ORIENTED_EDGE('',*,*,#2363,.F.);
#3242=ORIENTED_EDGE('',*,*,#2364,.T.);
#3243=ORIENTED_EDGE('',*,*,#2365,.F.);
#3244=ORIENTED_EDGE('',*,*,#2366,.T.);
#3245=ORIENTED_EDGE('',*,*,#2367,.F.);
#3246=ORIENTED_EDGE('',*,*,#2353,.T.);
#3247=ORIENTED_EDGE('',*,*,#2368,.F.);
#3248=ORIENTED_EDGE('',*,*,#2369,.F.);
#3249=ORIENTED_EDGE('',*,*,#2370,.F.);
#3250=ORIENTED_EDGE('',*,*,#2366,.F.);
#3251=ORIENTED_EDGE('',*,*,#2371,.F.);
#3252=ORIENTED_EDGE('',*,*,#2364,.F.);
#3253=ORIENTED_EDGE('',*,*,#2372,.F.);
#3254=ORIENTED_EDGE('',*,*,#2373,.F.);
#3255=ORIENTED_EDGE('',*,*,#2374,.F.);
#3256=ORIENTED_EDGE('',*,*,#2373,.T.);
#3257=ORIENTED_EDGE('',*,*,#2375,.F.);
#3258=ORIENTED_EDGE('',*,*,#2369,.T.);
#3259=ORIENTED_EDGE('',*,*,#2376,.F.);
#3260=ORIENTED_EDGE('',*,*,#2377,.F.);
#3261=ORIENTED_EDGE('',*,*,#2378,.F.);
#3262=ORIENTED_EDGE('',*,*,#2379,.F.);
#3263=ORIENTED_EDGE('',*,*,#2380,.F.);
#3264=ORIENTED_EDGE('',*,*,#2381,.F.);
#3265=ORIENTED_EDGE('',*,*,#2382,.F.);
#3266=ORIENTED_EDGE('',*,*,#2383,.F.);
#3267=ORIENTED_EDGE('',*,*,#2384,.F.);
#3268=ORIENTED_EDGE('',*,*,#2385,.F.);
#3269=ORIENTED_EDGE('',*,*,#2386,.T.);
#3270=ORIENTED_EDGE('',*,*,#2387,.T.);
#3271=ORIENTED_EDGE('',*,*,#2388,.F.);
#3272=ORIENTED_EDGE('',*,*,#2389,.F.);
#3273=ORIENTED_EDGE('',*,*,#2390,.F.);
#3274=ORIENTED_EDGE('',*,*,#2391,.F.);
#3275=ORIENTED_EDGE('',*,*,#2385,.T.);
#3276=ORIENTED_EDGE('',*,*,#2392,.T.);
#3277=ORIENTED_EDGE('',*,*,#2381,.T.);
#3278=ORIENTED_EDGE('',*,*,#2393,.F.);
#3279=ORIENTED_EDGE('',*,*,#2394,.F.);
#3280=ORIENTED_EDGE('',*,*,#2391,.T.);
#3281=ORIENTED_EDGE('',*,*,#2395,.F.);
#3282=ORIENTED_EDGE('',*,*,#2396,.F.);
#3283=ORIENTED_EDGE('',*,*,#2389,.T.);
#3284=ORIENTED_EDGE('',*,*,#2397,.T.);
#3285=ORIENTED_EDGE('',*,*,#2398,.T.);
#3286=ORIENTED_EDGE('',*,*,#2399,.T.);
#3287=ORIENTED_EDGE('',*,*,#2383,.T.);
#3288=ORIENTED_EDGE('',*,*,#2400,.T.);
#3289=ORIENTED_EDGE('',*,*,#2401,.T.);
#3290=ORIENTED_EDGE('',*,*,#2402,.T.);
#3291=ORIENTED_EDGE('',*,*,#2403,.F.);
#3292=ORIENTED_EDGE('',*,*,#2404,.F.);
#3293=ORIENTED_EDGE('',*,*,#2405,.T.);
#3294=ORIENTED_EDGE('',*,*,#2406,.T.);
#3295=ORIENTED_EDGE('',*,*,#2407,.F.);
#3296=ORIENTED_EDGE('',*,*,#2408,.F.);
#3297=ORIENTED_EDGE('',*,*,#2409,.T.);
#3298=ORIENTED_EDGE('',*,*,#2401,.F.);
#3299=ORIENTED_EDGE('',*,*,#2410,.F.);
#3300=ORIENTED_EDGE('',*,*,#2411,.T.);
#3301=ORIENTED_EDGE('',*,*,#2412,.T.);
#3302=ORIENTED_EDGE('',*,*,#2413,.F.);
#3303=ORIENTED_EDGE('',*,*,#2414,.T.);
#3304=ORIENTED_EDGE('',*,*,#2415,.F.);
#3305=ORIENTED_EDGE('',*,*,#2416,.F.);
#3306=ORIENTED_EDGE('',*,*,#2417,.F.);
#3307=ORIENTED_EDGE('',*,*,#2418,.F.);
#3308=ORIENTED_EDGE('',*,*,#2411,.F.);
#3309=ORIENTED_EDGE('',*,*,#2419,.T.);
#3310=ORIENTED_EDGE('',*,*,#2413,.T.);
#3311=ORIENTED_EDGE('',*,*,#2420,.F.);
#3312=ORIENTED_EDGE('',*,*,#2406,.F.);
#3313=ORIENTED_EDGE('',*,*,#2421,.F.);
#3314=ORIENTED_EDGE('',*,*,#2422,.F.);
#3315=ORIENTED_EDGE('',*,*,#2423,.F.);
#3316=ORIENTED_EDGE('',*,*,#2424,.F.);
#3317=ORIENTED_EDGE('',*,*,#2425,.F.);
#3318=ORIENTED_EDGE('',*,*,#2426,.F.);
#3319=ORIENTED_EDGE('',*,*,#2427,.T.);
#3320=ORIENTED_EDGE('',*,*,#2417,.T.);
#3321=ORIENTED_EDGE('',*,*,#2422,.T.);
#3322=ORIENTED_EDGE('',*,*,#2428,.T.);
#3323=ORIENTED_EDGE('',*,*,#2429,.F.);
#3324=ORIENTED_EDGE('',*,*,#2430,.F.);
#3325=ORIENTED_EDGE('',*,*,#2421,.T.);
#3326=ORIENTED_EDGE('',*,*,#2431,.T.);
#3327=ORIENTED_EDGE('',*,*,#2432,.F.);
#3328=ORIENTED_EDGE('',*,*,#2428,.F.);
#3329=ORIENTED_EDGE('',*,*,#2408,.T.);
#3330=ORIENTED_EDGE('',*,*,#2433,.T.);
#3331=ORIENTED_EDGE('',*,*,#2434,.T.);
#3332=ORIENTED_EDGE('',*,*,#2435,.T.);
#3333=ORIENTED_EDGE('',*,*,#2436,.F.);
#3334=ORIENTED_EDGE('',*,*,#2437,.F.);
#3335=ORIENTED_EDGE('',*,*,#2438,.T.);
#3336=ORIENTED_EDGE('',*,*,#2439,.F.);
#3337=ORIENTED_EDGE('',*,*,#2440,.T.);
#3338=ORIENTED_EDGE('',*,*,#2441,.F.);
#3339=ORIENTED_EDGE('',*,*,#2442,.F.);
#3340=ORIENTED_EDGE('',*,*,#2443,.F.);
#3341=ORIENTED_EDGE('',*,*,#2444,.F.);
#3342=ORIENTED_EDGE('',*,*,#2445,.F.);
#3343=ORIENTED_EDGE('',*,*,#2446,.T.);
#3344=ORIENTED_EDGE('',*,*,#2447,.F.);
#3345=ORIENTED_EDGE('',*,*,#2448,.F.);
#3346=ORIENTED_EDGE('',*,*,#2398,.F.);
#3347=ORIENTED_EDGE('',*,*,#2439,.T.);
#3348=ORIENTED_EDGE('',*,*,#2449,.F.);
#3349=ORIENTED_EDGE('',*,*,#2447,.T.);
#3350=ORIENTED_EDGE('',*,*,#2450,.F.);
#3351=ORIENTED_EDGE('',*,*,#2451,.F.);
#3352=ORIENTED_EDGE('',*,*,#2445,.T.);
#3353=ORIENTED_EDGE('',*,*,#2452,.F.);
#3354=ORIENTED_EDGE('',*,*,#2453,.F.);
#3355=ORIENTED_EDGE('',*,*,#2444,.T.);
#3356=ORIENTED_EDGE('',*,*,#2454,.F.);
#3357=ORIENTED_EDGE('',*,*,#2455,.T.);
#3358=ORIENTED_EDGE('',*,*,#2456,.F.);
#3359=ORIENTED_EDGE('',*,*,#2443,.T.);
#3360=ORIENTED_EDGE('',*,*,#2457,.T.);
#3361=ORIENTED_EDGE('',*,*,#2458,.T.);
#3362=ORIENTED_EDGE('',*,*,#2454,.T.);
#3363=ORIENTED_EDGE('',*,*,#2459,.F.);
#3364=ORIENTED_EDGE('',*,*,#2460,.F.);
#3365=ORIENTED_EDGE('',*,*,#2461,.F.);
#3366=ORIENTED_EDGE('',*,*,#2462,.F.);
#3367=ORIENTED_EDGE('',*,*,#2463,.F.);
#3368=ORIENTED_EDGE('',*,*,#2464,.F.);
#3369=ORIENTED_EDGE('',*,*,#2465,.F.);
#3370=ORIENTED_EDGE('',*,*,#2455,.F.);
#3371=ORIENTED_EDGE('',*,*,#2458,.F.);
#3372=ORIENTED_EDGE('',*,*,#2466,.F.);
#3373=ORIENTED_EDGE('',*,*,#2467,.F.);
#3374=ORIENTED_EDGE('',*,*,#2465,.T.);
#3375=ORIENTED_EDGE('',*,*,#2468,.F.);
#3376=ORIENTED_EDGE('',*,*,#2469,.F.);
#3377=ORIENTED_EDGE('',*,*,#2470,.F.);
#3378=ORIENTED_EDGE('',*,*,#2471,.F.);
#3379=ORIENTED_EDGE('',*,*,#2472,.T.);
#3380=ORIENTED_EDGE('',*,*,#2473,.F.);
#3381=ORIENTED_EDGE('',*,*,#2462,.T.);
#3382=ORIENTED_EDGE('',*,*,#2474,.F.);
#3383=ORIENTED_EDGE('',*,*,#2475,.F.);
#3384=ORIENTED_EDGE('',*,*,#2434,.F.);
#3385=ORIENTED_EDGE('',*,*,#2476,.F.);
#3386=ORIENTED_EDGE('',*,*,#2472,.F.);
#3387=ORIENTED_EDGE('',*,*,#2463,.T.);
#3388=ORIENTED_EDGE('',*,*,#2473,.T.);
#3389=ORIENTED_EDGE('',*,*,#2477,.T.);
#3390=ORIENTED_EDGE('',*,*,#2420,.T.);
#3391=ORIENTED_EDGE('',*,*,#2412,.F.);
#3392=ORIENTED_EDGE('',*,*,#2478,.F.);
#3393=ORIENTED_EDGE('',*,*,#2479,.F.);
#3394=ORIENTED_EDGE('',*,*,#2480,.F.);
#3395=ORIENTED_EDGE('',*,*,#2468,.T.);
#3396=ORIENTED_EDGE('',*,*,#2464,.T.);
#3397=ORIENTED_EDGE('',*,*,#2457,.F.);
#3398=ORIENTED_EDGE('',*,*,#2442,.T.);
#3399=ORIENTED_EDGE('',*,*,#2481,.T.);
#3400=ORIENTED_EDGE('',*,*,#2482,.T.);
#3401=ORIENTED_EDGE('',*,*,#2483,.F.);
#3402=ORIENTED_EDGE('',*,*,#2371,.T.);
#3403=ORIENTED_EDGE('',*,*,#2374,.T.);
#3404=ORIENTED_EDGE('',*,*,#2368,.T.);
#3405=ORIENTED_EDGE('',*,*,#2365,.T.);
#3406=ORIENTED_EDGE('',*,*,#2352,.T.);
#3407=ORIENTED_EDGE('',*,*,#2356,.T.);
#3408=ORIENTED_EDGE('',*,*,#2359,.T.);
#3409=ORIENTED_EDGE('',*,*,#2362,.T.);
#3410=ORIENTED_EDGE('',*,*,#2484,.T.);
#3411=ORIENTED_EDGE('',*,*,#2485,.T.);
#3412=ORIENTED_EDGE('',*,*,#2486,.T.);
#3413=ORIENTED_EDGE('',*,*,#2487,.T.);
#3414=ORIENTED_EDGE('',*,*,#2488,.T.);
#3415=ORIENTED_EDGE('',*,*,#2489,.T.);
#3416=ORIENTED_EDGE('',*,*,#2490,.T.);
#3417=ORIENTED_EDGE('',*,*,#2491,.T.);
#3418=ORIENTED_EDGE('',*,*,#2492,.T.);
#3419=ORIENTED_EDGE('',*,*,#2493,.T.);
#3420=ORIENTED_EDGE('',*,*,#2494,.T.);
#3421=ORIENTED_EDGE('',*,*,#2495,.T.);
#3422=ORIENTED_EDGE('',*,*,#2469,.T.);
#3423=ORIENTED_EDGE('',*,*,#2483,.T.);
#3424=ORIENTED_EDGE('',*,*,#2496,.T.);
#3425=ORIENTED_EDGE('',*,*,#2497,.T.);
#3426=ORIENTED_EDGE('',*,*,#2498,.T.);
#3427=ORIENTED_EDGE('',*,*,#2499,.F.);
#3428=ORIENTED_EDGE('',*,*,#2426,.T.);
#3429=ORIENTED_EDGE('',*,*,#2500,.T.);
#3430=ORIENTED_EDGE('',*,*,#2501,.T.);
#3431=ORIENTED_EDGE('',*,*,#2502,.T.);
#3432=ORIENTED_EDGE('',*,*,#2407,.T.);
#3433=ORIENTED_EDGE('',*,*,#2477,.F.);
#3434=ORIENTED_EDGE('',*,*,#2476,.T.);
#3435=ORIENTED_EDGE('',*,*,#2433,.F.);
#3436=ORIENTED_EDGE('',*,*,#2503,.F.);
#3437=ORIENTED_EDGE('',*,*,#2504,.F.);
#3438=ORIENTED_EDGE('',*,*,#2505,.T.);
#3439=ORIENTED_EDGE('',*,*,#2506,.T.);
#3440=ORIENTED_EDGE('',*,*,#2507,.T.);
#3441=ORIENTED_EDGE('',*,*,#2508,.T.);
#3442=ORIENTED_EDGE('',*,*,#2509,.T.);
#3443=ORIENTED_EDGE('',*,*,#2510,.T.);
#3444=ORIENTED_EDGE('',*,*,#2505,.F.);
#3445=ORIENTED_EDGE('',*,*,#2511,.T.);
#3446=ORIENTED_EDGE('',*,*,#2512,.T.);
#3447=ORIENTED_EDGE('',*,*,#2479,.T.);
#3448=ORIENTED_EDGE('',*,*,#2507,.F.);
#3449=ORIENTED_EDGE('',*,*,#2513,.T.);
#3450=ORIENTED_EDGE('',*,*,#2514,.T.);
#3451=ORIENTED_EDGE('',*,*,#2515,.T.);
#3452=ORIENTED_EDGE('',*,*,#2509,.F.);
#3453=ORIENTED_EDGE('',*,*,#2516,.T.);
#3454=ORIENTED_EDGE('',*,*,#2517,.T.);
#3455=ORIENTED_EDGE('',*,*,#2518,.T.);
#3456=ORIENTED_EDGE('',*,*,#2512,.F.);
#3457=ORIENTED_EDGE('',*,*,#2519,.T.);
#3458=ORIENTED_EDGE('',*,*,#2520,.T.);
#3459=ORIENTED_EDGE('',*,*,#2521,.T.);
#3460=ORIENTED_EDGE('',*,*,#2514,.F.);
#3461=ORIENTED_EDGE('',*,*,#2522,.T.);
#3462=ORIENTED_EDGE('',*,*,#2523,.T.);
#3463=ORIENTED_EDGE('',*,*,#2524,.T.);
#3464=ORIENTED_EDGE('',*,*,#2517,.F.);
#3465=ORIENTED_EDGE('',*,*,#2525,.T.);
#3466=ORIENTED_EDGE('',*,*,#2523,.F.);
#3467=ORIENTED_EDGE('',*,*,#2526,.T.);
#3468=ORIENTED_EDGE('',*,*,#2520,.F.);
#3469=ORIENTED_EDGE('',*,*,#2527,.T.);
#3470=ORIENTED_EDGE('',*,*,#2522,.F.);
#3471=ORIENTED_EDGE('',*,*,#2528,.T.);
#3472=ORIENTED_EDGE('',*,*,#2386,.F.);
#3473=ORIENTED_EDGE('',*,*,#2395,.T.);
#3474=ORIENTED_EDGE('',*,*,#2529,.T.);
#3475=ORIENTED_EDGE('',*,*,#2449,.T.);
#3476=ORIENTED_EDGE('',*,*,#2438,.F.);
#3477=ORIENTED_EDGE('',*,*,#2530,.F.);
#3478=ORIENTED_EDGE('',*,*,#2516,.F.);
#3479=ORIENTED_EDGE('',*,*,#2531,.T.);
#3480=ORIENTED_EDGE('',*,*,#2387,.F.);
#3481=ORIENTED_EDGE('',*,*,#2528,.F.);
#3482=ORIENTED_EDGE('',*,*,#2511,.F.);
#3483=ORIENTED_EDGE('',*,*,#2532,.F.);
#3484=ORIENTED_EDGE('',*,*,#2414,.F.);
#3485=ORIENTED_EDGE('',*,*,#2419,.F.);
#3486=ORIENTED_EDGE('',*,*,#2533,.F.);
#3487=ORIENTED_EDGE('',*,*,#2392,.F.);
#3488=ORIENTED_EDGE('',*,*,#2384,.T.);
#3489=ORIENTED_EDGE('',*,*,#2531,.F.);
#3490=ORIENTED_EDGE('',*,*,#2534,.T.);
#3491=ORIENTED_EDGE('',*,*,#2535,.T.);
#3492=ORIENTED_EDGE('',*,*,#2536,.T.);
#3493=ORIENTED_EDGE('',*,*,#2537,.T.);
#3494=ORIENTED_EDGE('',*,*,#2508,.F.);
#3495=ORIENTED_EDGE('',*,*,#2478,.T.);
#3496=ORIENTED_EDGE('',*,*,#2415,.T.);
#3497=ORIENTED_EDGE('',*,*,#2532,.T.);
#3498=ORIENTED_EDGE('',*,*,#2506,.F.);
#3499=ORIENTED_EDGE('',*,*,#2510,.F.);
#3500=ORIENTED_EDGE('',*,*,#2515,.F.);
#3501=ORIENTED_EDGE('',*,*,#2521,.F.);
#3502=ORIENTED_EDGE('',*,*,#2526,.F.);
#3503=ORIENTED_EDGE('',*,*,#2525,.F.);
#3504=ORIENTED_EDGE('',*,*,#2519,.F.);
#3505=ORIENTED_EDGE('',*,*,#2513,.F.);
#3506=ORIENTED_EDGE('',*,*,#2382,.T.);
#3507=ORIENTED_EDGE('',*,*,#2533,.T.);
#3508=ORIENTED_EDGE('',*,*,#2410,.T.);
#3509=ORIENTED_EDGE('',*,*,#2400,.F.);
#3510=ORIENTED_EDGE('',*,*,#2390,.T.);
#3511=ORIENTED_EDGE('',*,*,#2399,.F.);
#3512=ORIENTED_EDGE('',*,*,#2448,.T.);
#3513=ORIENTED_EDGE('',*,*,#2529,.F.);
#3514=ORIENTED_EDGE('',*,*,#2461,.T.);
#3515=ORIENTED_EDGE('',*,*,#2480,.T.);
#3516=ORIENTED_EDGE('',*,*,#2518,.F.);
#3517=ORIENTED_EDGE('',*,*,#2538,.T.);
#3518=ORIENTED_EDGE('',*,*,#2466,.T.);
#3519=ORIENTED_EDGE('',*,*,#2527,.F.);
#3520=ORIENTED_EDGE('',*,*,#2530,.T.);
#3521=ORIENTED_EDGE('',*,*,#2441,.T.);
#3522=ORIENTED_EDGE('',*,*,#2539,.T.);
#3523=ORIENTED_EDGE('',*,*,#2494,.F.);
#3524=ORIENTED_EDGE('',*,*,#2540,.F.);
#3525=ORIENTED_EDGE('',*,*,#2541,.F.);
#3526=ORIENTED_EDGE('',*,*,#2542,.F.);
#3527=ORIENTED_EDGE('',*,*,#2495,.F.);
#3528=ORIENTED_EDGE('',*,*,#2542,.T.);
#3529=ORIENTED_EDGE('',*,*,#2543,.F.);
#3530=ORIENTED_EDGE('',*,*,#2544,.T.);
#3531=ORIENTED_EDGE('',*,*,#2492,.F.);
#3532=ORIENTED_EDGE('',*,*,#2544,.F.);
#3533=ORIENTED_EDGE('',*,*,#2545,.F.);
#3534=ORIENTED_EDGE('',*,*,#2546,.F.);
#3535=ORIENTED_EDGE('',*,*,#2493,.F.);
#3536=ORIENTED_EDGE('',*,*,#2546,.T.);
#3537=ORIENTED_EDGE('',*,*,#2547,.F.);
#3538=ORIENTED_EDGE('',*,*,#2540,.T.);
#3539=ORIENTED_EDGE('',*,*,#2490,.F.);
#3540=ORIENTED_EDGE('',*,*,#2548,.F.);
#3541=ORIENTED_EDGE('',*,*,#2549,.F.);
#3542=ORIENTED_EDGE('',*,*,#2550,.F.);
#3543=ORIENTED_EDGE('',*,*,#2491,.F.);
#3544=ORIENTED_EDGE('',*,*,#2550,.T.);
#3545=ORIENTED_EDGE('',*,*,#2551,.F.);
#3546=ORIENTED_EDGE('',*,*,#2552,.T.);
#3547=ORIENTED_EDGE('',*,*,#2488,.F.);
#3548=ORIENTED_EDGE('',*,*,#2552,.F.);
#3549=ORIENTED_EDGE('',*,*,#2553,.F.);
#3550=ORIENTED_EDGE('',*,*,#2554,.F.);
#3551=ORIENTED_EDGE('',*,*,#2489,.F.);
#3552=ORIENTED_EDGE('',*,*,#2554,.T.);
#3553=ORIENTED_EDGE('',*,*,#2555,.F.);
#3554=ORIENTED_EDGE('',*,*,#2548,.T.);
#3555=ORIENTED_EDGE('',*,*,#2486,.F.);
#3556=ORIENTED_EDGE('',*,*,#2556,.F.);
#3557=ORIENTED_EDGE('',*,*,#2557,.F.);
#3558=ORIENTED_EDGE('',*,*,#2558,.F.);
#3559=ORIENTED_EDGE('',*,*,#2487,.F.);
#3560=ORIENTED_EDGE('',*,*,#2558,.T.);
#3561=ORIENTED_EDGE('',*,*,#2559,.F.);
#3562=ORIENTED_EDGE('',*,*,#2560,.T.);
#3563=ORIENTED_EDGE('',*,*,#2484,.F.);
#3564=ORIENTED_EDGE('',*,*,#2560,.F.);
#3565=ORIENTED_EDGE('',*,*,#2561,.F.);
#3566=ORIENTED_EDGE('',*,*,#2562,.F.);
#3567=ORIENTED_EDGE('',*,*,#2485,.F.);
#3568=ORIENTED_EDGE('',*,*,#2562,.T.);
#3569=ORIENTED_EDGE('',*,*,#2563,.F.);
#3570=ORIENTED_EDGE('',*,*,#2556,.T.);
#3571=ORIENTED_EDGE('',*,*,#2564,.F.);
#3572=ORIENTED_EDGE('',*,*,#2565,.F.);
#3573=ORIENTED_EDGE('',*,*,#2566,.F.);
#3574=ORIENTED_EDGE('',*,*,#2567,.T.);
#3575=ORIENTED_EDGE('',*,*,#2568,.F.);
#3576=ORIENTED_EDGE('',*,*,#2569,.F.);
#3577=ORIENTED_EDGE('',*,*,#2570,.F.);
#3578=ORIENTED_EDGE('',*,*,#2565,.T.);
#3579=ORIENTED_EDGE('',*,*,#2571,.T.);
#3580=ORIENTED_EDGE('',*,*,#2572,.T.);
#3581=ORIENTED_EDGE('',*,*,#2573,.F.);
#3582=ORIENTED_EDGE('',*,*,#2572,.F.);
#3583=ORIENTED_EDGE('',*,*,#2571,.F.);
#3584=ORIENTED_EDGE('',*,*,#2574,.F.);
#3585=ORIENTED_EDGE('',*,*,#2575,.T.);
#3586=ORIENTED_EDGE('',*,*,#2575,.F.);
#3587=ORIENTED_EDGE('',*,*,#2576,.T.);
#3588=ORIENTED_EDGE('',*,*,#2574,.T.);
#3589=ORIENTED_EDGE('',*,*,#2576,.F.);
#3590=ORIENTED_EDGE('',*,*,#2577,.T.);
#3591=ORIENTED_EDGE('',*,*,#2578,.T.);
#3592=ORIENTED_EDGE('',*,*,#2566,.T.);
#3593=ORIENTED_EDGE('',*,*,#2570,.T.);
#3594=ORIENTED_EDGE('',*,*,#2573,.T.);
#3595=ORIENTED_EDGE('',*,*,#2579,.F.);
#3596=ORIENTED_EDGE('',*,*,#2567,.F.);
#3597=ORIENTED_EDGE('',*,*,#2578,.F.);
#3598=ORIENTED_EDGE('',*,*,#2580,.T.);
#3599=ORIENTED_EDGE('',*,*,#2581,.F.);
#3600=ORIENTED_EDGE('',*,*,#2580,.F.);
#3601=ORIENTED_EDGE('',*,*,#2577,.F.);
#3602=ORIENTED_EDGE('',*,*,#2569,.T.);
#3603=ORIENTED_EDGE('',*,*,#2582,.F.);
#3604=ORIENTED_EDGE('',*,*,#2583,.F.);
#3605=ORIENTED_EDGE('',*,*,#2584,.F.);
#3606=ORIENTED_EDGE('',*,*,#2585,.F.);
#3607=ORIENTED_EDGE('',*,*,#2586,.F.);
#3608=ORIENTED_EDGE('',*,*,#2587,.F.);
#3609=ORIENTED_EDGE('',*,*,#2588,.F.);
#3610=ORIENTED_EDGE('',*,*,#2584,.T.);
#3611=ORIENTED_EDGE('',*,*,#2589,.F.);
#3612=ORIENTED_EDGE('',*,*,#2590,.F.);
#3613=ORIENTED_EDGE('',*,*,#2591,.F.);
#3614=ORIENTED_EDGE('',*,*,#2587,.T.);
#3615=ORIENTED_EDGE('',*,*,#2592,.T.);
#3616=ORIENTED_EDGE('',*,*,#2592,.F.);
#3617=ORIENTED_EDGE('',*,*,#2593,.T.);
#3618=ORIENTED_EDGE('',*,*,#2594,.F.);
#3619=ORIENTED_EDGE('',*,*,#2593,.F.);
#3620=ORIENTED_EDGE('',*,*,#2595,.T.);
#3621=ORIENTED_EDGE('',*,*,#2596,.T.);
#3622=ORIENTED_EDGE('',*,*,#2597,.F.);
#3623=ORIENTED_EDGE('',*,*,#2596,.F.);
#3624=ORIENTED_EDGE('',*,*,#2595,.F.);
#3625=ORIENTED_EDGE('',*,*,#2594,.T.);
#3626=ORIENTED_EDGE('',*,*,#2598,.F.);
#3627=ORIENTED_EDGE('',*,*,#2585,.T.);
#3628=ORIENTED_EDGE('',*,*,#2588,.T.);
#3629=ORIENTED_EDGE('',*,*,#2591,.T.);
#3630=ORIENTED_EDGE('',*,*,#2599,.T.);
#3631=ORIENTED_EDGE('',*,*,#2600,.F.);
#3632=ORIENTED_EDGE('',*,*,#2597,.T.);
#3633=ORIENTED_EDGE('',*,*,#2601,.F.);
#3634=ORIENTED_EDGE('',*,*,#2599,.F.);
#3635=ORIENTED_EDGE('',*,*,#2590,.T.);
#3636=ORIENTED_EDGE('',*,*,#2602,.F.);
#3637=ORIENTED_EDGE('',*,*,#2450,.T.);
#3638=ORIENTED_EDGE('',*,*,#2603,.T.);
#3639=ORIENTED_EDGE('',*,*,#2604,.T.);
#3640=ORIENTED_EDGE('',*,*,#2582,.T.);
#3641=ORIENTED_EDGE('',*,*,#2598,.T.);
#3642=ORIENTED_EDGE('',*,*,#2605,.T.);
#3643=ORIENTED_EDGE('',*,*,#2451,.T.);
#3644=ORIENTED_EDGE('',*,*,#2605,.F.);
#3645=ORIENTED_EDGE('',*,*,#2600,.T.);
#3646=ORIENTED_EDGE('',*,*,#2601,.T.);
#3647=ORIENTED_EDGE('',*,*,#2606,.T.);
#3648=ORIENTED_EDGE('',*,*,#2481,.F.);
#3649=ORIENTED_EDGE('',*,*,#2497,.F.);
#3650=ORIENTED_EDGE('',*,*,#2607,.F.);
#3651=ORIENTED_EDGE('',*,*,#2608,.F.);
#3652=ORIENTED_EDGE('',*,*,#2609,.F.);
#3653=ORIENTED_EDGE('',*,*,#2610,.F.);
#3654=ORIENTED_EDGE('',*,*,#2611,.F.);
#3655=ORIENTED_EDGE('',*,*,#2612,.F.);
#3656=ORIENTED_EDGE('',*,*,#2608,.T.);
#3657=ORIENTED_EDGE('',*,*,#2613,.F.);
#3658=ORIENTED_EDGE('',*,*,#2614,.F.);
#3659=ORIENTED_EDGE('',*,*,#2615,.F.);
#3660=ORIENTED_EDGE('',*,*,#2611,.T.);
#3661=ORIENTED_EDGE('',*,*,#2616,.T.);
#3662=ORIENTED_EDGE('',*,*,#2616,.F.);
#3663=ORIENTED_EDGE('',*,*,#2617,.T.);
#3664=ORIENTED_EDGE('',*,*,#2618,.F.);
#3665=ORIENTED_EDGE('',*,*,#2617,.F.);
#3666=ORIENTED_EDGE('',*,*,#2619,.T.);
#3667=ORIENTED_EDGE('',*,*,#2620,.T.);
#3668=ORIENTED_EDGE('',*,*,#2621,.F.);
#3669=ORIENTED_EDGE('',*,*,#2620,.F.);
#3670=ORIENTED_EDGE('',*,*,#2619,.F.);
#3671=ORIENTED_EDGE('',*,*,#2618,.T.);
#3672=ORIENTED_EDGE('',*,*,#2498,.F.);
#3673=ORIENTED_EDGE('',*,*,#2609,.T.);
#3674=ORIENTED_EDGE('',*,*,#2612,.T.);
#3675=ORIENTED_EDGE('',*,*,#2615,.T.);
#3676=ORIENTED_EDGE('',*,*,#2622,.T.);
#3677=ORIENTED_EDGE('',*,*,#2623,.F.);
#3678=ORIENTED_EDGE('',*,*,#2621,.T.);
#3679=ORIENTED_EDGE('',*,*,#2624,.F.);
#3680=ORIENTED_EDGE('',*,*,#2622,.F.);
#3681=ORIENTED_EDGE('',*,*,#2614,.T.);
#3682=ORIENTED_EDGE('',*,*,#2625,.F.);
#3683=ORIENTED_EDGE('',*,*,#2470,.T.);
#3684=ORIENTED_EDGE('',*,*,#2499,.T.);
#3685=ORIENTED_EDGE('',*,*,#2623,.T.);
#3686=ORIENTED_EDGE('',*,*,#2624,.T.);
#3687=ORIENTED_EDGE('',*,*,#2626,.T.);
#3688=ORIENTED_EDGE('',*,*,#2627,.F.);
#3689=ORIENTED_EDGE('',*,*,#2378,.T.);
#3690=ORIENTED_EDGE('',*,*,#2628,.T.);
#3691=ORIENTED_EDGE('',*,*,#2504,.T.);
#3692=ORIENTED_EDGE('',*,*,#2628,.F.);
#3693=ORIENTED_EDGE('',*,*,#2379,.T.);
#3694=ORIENTED_EDGE('',*,*,#2629,.T.);
#3695=ORIENTED_EDGE('',*,*,#2404,.T.);
#3696=ORIENTED_EDGE('',*,*,#2629,.F.);
#3697=ORIENTED_EDGE('',*,*,#2377,.T.);
#3698=ORIENTED_EDGE('',*,*,#2630,.T.);
#3699=ORIENTED_EDGE('',*,*,#2460,.T.);
#3700=ORIENTED_EDGE('',*,*,#2630,.F.);
#3701=ORIENTED_EDGE('',*,*,#2376,.T.);
#3702=ORIENTED_EDGE('',*,*,#2631,.T.);
#3703=ORIENTED_EDGE('',*,*,#2437,.T.);
#3704=ORIENTED_EDGE('',*,*,#2631,.F.);
#3705=ORIENTED_EDGE('',*,*,#2503,.T.);
#3706=ORIENTED_EDGE('',*,*,#2632,.T.);
#3707=ORIENTED_EDGE('',*,*,#2474,.T.);
#3708=ORIENTED_EDGE('',*,*,#2632,.F.);
#3709=ORIENTED_EDGE('',*,*,#2436,.T.);
#3710=ORIENTED_EDGE('',*,*,#2633,.T.);
#3711=ORIENTED_EDGE('',*,*,#2423,.T.);
#3712=ORIENTED_EDGE('',*,*,#2633,.F.);
#3713=ORIENTED_EDGE('',*,*,#2403,.T.);
#3714=ORIENTED_EDGE('',*,*,#2634,.T.);
#3715=ORIENTED_EDGE('',*,*,#2396,.T.);
#3716=ORIENTED_EDGE('',*,*,#2634,.F.);
#3717=ORIENTED_EDGE('',*,*,#2459,.T.);
#3718=ORIENTED_EDGE('',*,*,#2635,.T.);
#3719=ORIENTED_EDGE('',*,*,#2453,.T.);
#3720=ORIENTED_EDGE('',*,*,#2635,.F.);
#3721=ORIENTED_EDGE('',*,*,#2636,.T.);
#3722=ORIENTED_EDGE('',*,*,#2637,.F.);
#3723=ORIENTED_EDGE('',*,*,#2429,.T.);
#3724=ORIENTED_EDGE('',*,*,#2432,.T.);
#3725=ORIENTED_EDGE('',*,*,#2638,.F.);
#3726=ORIENTED_EDGE('',*,*,#2626,.F.);
#3727=ORIENTED_EDGE('',*,*,#2625,.T.);
#3728=ORIENTED_EDGE('',*,*,#2613,.T.);
#3729=ORIENTED_EDGE('',*,*,#2610,.T.);
#3730=ORIENTED_EDGE('',*,*,#2607,.T.);
#3731=ORIENTED_EDGE('',*,*,#2496,.F.);
#3732=ORIENTED_EDGE('',*,*,#2482,.F.);
#3733=ORIENTED_EDGE('',*,*,#2606,.F.);
#3734=ORIENTED_EDGE('',*,*,#2602,.T.);
#3735=ORIENTED_EDGE('',*,*,#2589,.T.);
#3736=ORIENTED_EDGE('',*,*,#2586,.T.);
#3737=ORIENTED_EDGE('',*,*,#2583,.T.);
#3738=ORIENTED_EDGE('',*,*,#2604,.F.);
#3739=ORIENTED_EDGE('',*,*,#2639,.F.);
#3740=ORIENTED_EDGE('',*,*,#2640,.F.);
#3741=ORIENTED_EDGE('',*,*,#2568,.T.);
#3742=ORIENTED_EDGE('',*,*,#2564,.T.);
#3743=ORIENTED_EDGE('',*,*,#2579,.T.);
#3744=ORIENTED_EDGE('',*,*,#2581,.T.);
#3745=ORIENTED_EDGE('',*,*,#2416,.T.);
#3746=ORIENTED_EDGE('',*,*,#2430,.T.);
#3747=ORIENTED_EDGE('',*,*,#2637,.T.);
#3748=ORIENTED_EDGE('',*,*,#2641,.T.);
#3749=ORIENTED_EDGE('',*,*,#2642,.T.);
#3750=ORIENTED_EDGE('',*,*,#2643,.T.);
#3751=ORIENTED_EDGE('',*,*,#2644,.T.);
#3752=ORIENTED_EDGE('',*,*,#2424,.T.);
#3753=ORIENTED_EDGE('',*,*,#2642,.F.);
#3754=ORIENTED_EDGE('',*,*,#2645,.T.);
#3755=ORIENTED_EDGE('',*,*,#2646,.T.);
#3756=ORIENTED_EDGE('',*,*,#2647,.T.);
#3757=ORIENTED_EDGE('',*,*,#2648,.T.);
#3758=ORIENTED_EDGE('',*,*,#2649,.T.);
#3759=ORIENTED_EDGE('',*,*,#2650,.F.);
#3760=ORIENTED_EDGE('',*,*,#2501,.F.);
#3761=ORIENTED_EDGE('',*,*,#2651,.F.);
#3762=ORIENTED_EDGE('',*,*,#2643,.F.);
#3763=ORIENTED_EDGE('',*,*,#2649,.F.);
#3764=ORIENTED_EDGE('',*,*,#2427,.F.);
#3765=ORIENTED_EDGE('',*,*,#2502,.F.);
#3766=ORIENTED_EDGE('',*,*,#2650,.T.);
#3767=ORIENTED_EDGE('',*,*,#2648,.F.);
#3768=ORIENTED_EDGE('',*,*,#2652,.F.);
#3769=ORIENTED_EDGE('',*,*,#2653,.T.);
#3770=ORIENTED_EDGE('',*,*,#2654,.F.);
#3771=ORIENTED_EDGE('',*,*,#2655,.T.);
#3772=ORIENTED_EDGE('',*,*,#2537,.F.);
#3773=ORIENTED_EDGE('',*,*,#2393,.T.);
#3774=ORIENTED_EDGE('',*,*,#2656,.F.);
#3775=ORIENTED_EDGE('',*,*,#2645,.F.);
#3776=ORIENTED_EDGE('',*,*,#2641,.F.);
#3777=ORIENTED_EDGE('',*,*,#2636,.F.);
#3778=ORIENTED_EDGE('',*,*,#2657,.T.);
#3779=ORIENTED_EDGE('',*,*,#2418,.T.);
#3780=ORIENTED_EDGE('',*,*,#2652,.T.);
#3781=ORIENTED_EDGE('',*,*,#2647,.F.);
#3782=ORIENTED_EDGE('',*,*,#2658,.T.);
#3783=ORIENTED_EDGE('',*,*,#2534,.F.);
#3784=ORIENTED_EDGE('',*,*,#2655,.F.);
#3785=ORIENTED_EDGE('',*,*,#2659,.F.);
#3786=ORIENTED_EDGE('',*,*,#2660,.F.);
#3787=ORIENTED_EDGE('',*,*,#2661,.F.);
#3788=ORIENTED_EDGE('',*,*,#2653,.F.);
#3789=ORIENTED_EDGE('',*,*,#2536,.F.);
#3790=ORIENTED_EDGE('',*,*,#2662,.T.);
#3791=ORIENTED_EDGE('',*,*,#2535,.F.);
#3792=ORIENTED_EDGE('',*,*,#2660,.T.);
#3793=ORIENTED_EDGE('',*,*,#2663,.F.);
#3794=ORIENTED_EDGE('',*,*,#2662,.F.);
#3795=ORIENTED_EDGE('',*,*,#2658,.F.);
#3796=ORIENTED_EDGE('',*,*,#2646,.F.);
#3797=ORIENTED_EDGE('',*,*,#2656,.T.);
#3798=ORIENTED_EDGE('',*,*,#2380,.T.);
#3799=ORIENTED_EDGE('',*,*,#2402,.F.);
#3800=ORIENTED_EDGE('',*,*,#2409,.F.);
#3801=ORIENTED_EDGE('',*,*,#2663,.T.);
#3802=ORIENTED_EDGE('',*,*,#2659,.T.);
#3803=ORIENTED_EDGE('',*,*,#2654,.T.);
#3804=ORIENTED_EDGE('',*,*,#2661,.T.);
#3805=ORIENTED_EDGE('',*,*,#2425,.T.);
#3806=ORIENTED_EDGE('',*,*,#2644,.F.);
#3807=ORIENTED_EDGE('',*,*,#2651,.T.);
#3808=ORIENTED_EDGE('',*,*,#2500,.F.);
#3809=ORIENTED_EDGE('',*,*,#2394,.T.);
#3810=ORIENTED_EDGE('',*,*,#2657,.F.);
#3811=ORIENTED_EDGE('',*,*,#2640,.T.);
#3812=ORIENTED_EDGE('',*,*,#2664,.F.);
#3813=ORIENTED_EDGE('',*,*,#2446,.F.);
#3814=ORIENTED_EDGE('',*,*,#2397,.F.);
#3815=ORIENTED_EDGE('',*,*,#2388,.T.);
#3816=ORIENTED_EDGE('',*,*,#2664,.T.);
#3817=ORIENTED_EDGE('',*,*,#2639,.T.);
#3818=ORIENTED_EDGE('',*,*,#2603,.F.);
#3819=ORIENTED_EDGE('',*,*,#2471,.T.);
#3820=ORIENTED_EDGE('',*,*,#2627,.T.);
#3821=ORIENTED_EDGE('',*,*,#2638,.T.);
#3822=ORIENTED_EDGE('',*,*,#2431,.F.);
#3823=ORIENTED_EDGE('',*,*,#2405,.F.);
#3824=ORIENTED_EDGE('',*,*,#2435,.F.);
#3825=ORIENTED_EDGE('',*,*,#2475,.T.);
#3826=ORIENTED_EDGE('',*,*,#2467,.T.);
#3827=ORIENTED_EDGE('',*,*,#2538,.F.);
#3828=ORIENTED_EDGE('',*,*,#2524,.F.);
#3829=ORIENTED_EDGE('',*,*,#2539,.F.);
#3830=ORIENTED_EDGE('',*,*,#2440,.F.);
#3831=ORIENTED_EDGE('',*,*,#2452,.T.);
#3832=ORIENTED_EDGE('',*,*,#2456,.T.);
#3833=ORIENTED_EDGE('',*,*,#2372,.T.);
#3834=ORIENTED_EDGE('',*,*,#2363,.T.);
#3835=ORIENTED_EDGE('',*,*,#2360,.T.);
#3836=ORIENTED_EDGE('',*,*,#2357,.T.);
#3837=ORIENTED_EDGE('',*,*,#2354,.T.);
#3838=ORIENTED_EDGE('',*,*,#2367,.T.);
#3839=ORIENTED_EDGE('',*,*,#2370,.T.);
#3840=ORIENTED_EDGE('',*,*,#2375,.T.);
#3841=ORIENTED_EDGE('',*,*,#2545,.T.);
#3842=ORIENTED_EDGE('',*,*,#2543,.T.);
#3843=ORIENTED_EDGE('',*,*,#2541,.T.);
#3844=ORIENTED_EDGE('',*,*,#2547,.T.);
#3845=ORIENTED_EDGE('',*,*,#2553,.T.);
#3846=ORIENTED_EDGE('',*,*,#2551,.T.);
#3847=ORIENTED_EDGE('',*,*,#2549,.T.);
#3848=ORIENTED_EDGE('',*,*,#2555,.T.);
#3849=ORIENTED_EDGE('',*,*,#2561,.T.);
#3850=ORIENTED_EDGE('',*,*,#2559,.T.);
#3851=ORIENTED_EDGE('',*,*,#2557,.T.);
#3852=ORIENTED_EDGE('',*,*,#2563,.T.);
#3853=PLANE('',#4257);
#3854=PLANE('',#4260);
#3855=PLANE('',#4265);
#3856=PLANE('',#4266);
#3857=PLANE('',#4267);
#3858=PLANE('',#4268);
#3859=PLANE('',#4272);
#3860=PLANE('',#4273);
#3861=PLANE('',#4301);
#3862=PLANE('',#4306);
#3863=PLANE('',#4307);
#3864=PLANE('',#4308);
#3865=PLANE('',#4312);
#3866=PLANE('',#4313);
#3867=PLANE('',#4315);
#3868=PLANE('',#4316);
#3869=PLANE('',#4319);
#3870=PLANE('',#4324);
#3871=PLANE('',#4325);
#3872=PLANE('',#4326);
#3873=PLANE('',#4327);
#3874=PLANE('',#4330);
#3875=PLANE('',#4331);
#3876=PLANE('',#4334);
#3877=PLANE('',#4337);
#3878=PLANE('',#4338);
#3879=PLANE('',#4339);
#3880=PLANE('',#4340);
#3881=PLANE('',#4341);
#3882=PLANE('',#4342);
#3883=PLANE('',#4350);
#3884=PLANE('',#4352);
#3885=PLANE('',#4353);
#3886=PLANE('',#4357);
#3887=PLANE('',#4389);
#3888=PLANE('',#4392);
#3889=PLANE('',#4394);
#3890=PLANE('',#4399);
#3891=PLANE('',#4400);
#3892=PLANE('',#4402);
#3893=PLANE('',#4404);
#3894=PLANE('',#4406);
#3895=PLANE('',#4408);
#3896=PLANE('',#4410);
#3897=PLANE('',#4412);
#3898=PLANE('',#4414);
#3899=PLANE('',#4416);
#3900=PLANE('',#4418);
#3901=PLANE('',#4420);
#3902=PLANE('',#4422);
#3903=PLANE('',#4424);
#3904=PLANE('',#4426);
#3905=PLANE('',#4428);
#3906=PLANE('',#4430);
#3907=PLANE('',#4432);
#3908=PLANE('',#4434);
#3909=PLANE('',#4436);
#3910=PLANE('',#4438);
#3911=PLANE('',#4440);
#3912=PLANE('',#4442);
#3913=PLANE('',#4444);
#3914=PLANE('',#4446);
#3915=PLANE('',#4451);
#3916=PLANE('',#4455);
#3917=PLANE('',#4456);
#3918=PLANE('',#4463);
#3919=PLANE('',#4464);
#3920=PLANE('',#4466);
#3921=PLANE('',#4468);
#3922=PLANE('',#4470);
#3923=PLANE('',#4472);
#3924=PLANE('',#4477);
#3925=PLANE('',#4478);
#3926=PLANE('',#4480);
#3927=PLANE('',#4481);
#3928=PLANE('',#4482);
#3929=PLANE('',#4485);
#3930=PLANE('',#4486);
#3931=PLANE('',#4491);
#3932=PLANE('',#4493);
#3933=PLANE('',#4494);
#3934=PLANE('',#4495);
#3935=PLANE('',#4496);
#3936=PLANE('',#4497);
#3937=PLANE('',#4504);
#3938=PLANE('',#4505);
#3939=PLANE('',#4506);
#3940=PLANE('',#4508);
#3941=PLANE('',#4509);
#3942=PLANE('',#4510);
#3943=PLANE('',#4516);
#3944=PLANE('',#4517);
#3945=PLANE('',#4520);
#3946=PLANE('',#4521);
#3947=PLANE('',#4522);
#3948=PLANE('',#4523);
#3949=PLANE('',#4524);
#3950=PLANE('',#4525);
#3951=PLANE('',#4526);
#3952=PLANE('',#4541);
#3953=PLANE('',#4543);
#3954=PLANE('',#4545);
#3955=PLANE('',#4546);
#3956=PLANE('',#4547);
#3957=PLANE('',#4550);
#3958=PLANE('',#4551);
#3959=PLANE('',#4552);
#3960=PLANE('',#4553);
#3961=PLANE('',#4554);
#3962=PLANE('',#4555);
#3963=PLANE('',#4556);
#3964=PLANE('',#4557);
#3965=PLANE('',#4558);
#3966=PLANE('',#4559);
#3967=PLANE('',#4560);
#3968=PLANE('',#4561);
#3969=PLANE('',#4562);
#3970=PLANE('',#4563);
#3971=PLANE('',#4567);
#3972=PLANE('',#4569);
#3973=PLANE('',#4572);
#3974=PLANE('',#4573);
#3975=PLANE('',#4574);
#3976=PLANE('',#4575);
#3977=PLANE('',#4576);
#3978=PLANE('',#4577);
#3979=PLANE('',#4578);
#3980=PLANE('',#4585);
#3981=PLANE('',#4586);
#3982=PLANE('',#4587);
#3983=PLANE('',#4588);
#3984=PLANE('',#4589);
#3985=PLANE('',#4590);
#3986=PLANE('',#4591);
#3987=PLANE('',#4592);
#3988=PLANE('',#4593);
#3989=PLANE('',#4600);
#3990=PLANE('',#4601);
#3991=PLANE('',#4602);
#3992=PLANE('',#4603);
#3993=PLANE('',#4612);
#3994=PLANE('',#4613);
#3995=PLANE('',#4614);
#3996=PLANE('',#4615);
#3997=PLANE('',#4616);
#3998=PLANE('',#4617);
#3999=PLANE('',#4618);
#4000=PLANE('',#4619);
#4001=PLANE('',#4620);
#4002=PLANE('',#4621);
#4003=PLANE('',#4622);
#4004=PLANE('',#4623);
#4005=PLANE('',#4624);
#4006=PLANE('',#4625);
#4007=PLANE('',#4626);
#4008=PLANE('',#4627);
#4009=PLANE('',#4628);
#4010=ADVANCED_FACE('',(#1045,#996),#3853,.T.);
#4011=ADVANCED_FACE('',(#1046),#3854,.T.);
#4012=ADVANCED_FACE('',(#1047),#49,.F.);
#4013=ADVANCED_FACE('',(#1048),#3855,.T.);
#4014=ADVANCED_FACE('',(#1049),#3856,.T.);
#4015=ADVANCED_FACE('',(#1050),#3857,.T.);
#4016=ADVANCED_FACE('',(#1051),#3858,.T.);
#4017=ADVANCED_FACE('',(#1052),#50,.T.);
#4018=ADVANCED_FACE('',(#1053,#997),#3859,.F.);
#4019=ADVANCED_FACE('',(#1054,#998,#999,#1000,#1001,#1002,#1003),#3860,
 .F.);
#4020=ADVANCED_FACE('',(#1055,#1004),#3861,.T.);
#4021=ADVANCED_FACE('',(#1056),#51,.F.);
#4022=ADVANCED_FACE('',(#1057),#3862,.T.);
#4023=ADVANCED_FACE('',(#1058),#3863,.T.);
#4024=ADVANCED_FACE('',(#1059),#3864,.T.);
#4025=ADVANCED_FACE('',(#1060),#52,.T.);
#4026=ADVANCED_FACE('',(#1061),#3865,.T.);
#4027=ADVANCED_FACE('',(#1062),#3866,.T.);
#4028=ADVANCED_FACE('',(#1063,#1005),#3867,.F.);
#4029=ADVANCED_FACE('',(#1064,#1006),#3868,.T.);
#4030=ADVANCED_FACE('',(#1065),#3869,.T.);
#4031=ADVANCED_FACE('',(#1066),#53,.F.);
#4032=ADVANCED_FACE('',(#1067),#3870,.T.);
#4033=ADVANCED_FACE('',(#1068),#3871,.T.);
#4034=ADVANCED_FACE('',(#1069),#3872,.T.);
#4035=ADVANCED_FACE('',(#1070),#3873,.T.);
#4036=ADVANCED_FACE('',(#1071),#54,.T.);
#4037=ADVANCED_FACE('',(#1072,#1007),#3874,.F.);
#4038=ADVANCED_FACE('',(#1073,#1008),#3875,.T.);
#4039=ADVANCED_FACE('',(#1074),#3876,.T.);
#4040=ADVANCED_FACE('',(#1075),#55,.F.);
#4041=ADVANCED_FACE('',(#1076),#3877,.T.);
#4042=ADVANCED_FACE('',(#1077),#3878,.T.);
#4043=ADVANCED_FACE('',(#1078),#3879,.T.);
#4044=ADVANCED_FACE('',(#1079),#3880,.T.);
#4045=ADVANCED_FACE('',(#1080),#3881,.T.);
#4046=ADVANCED_FACE('',(#1081),#3882,.T.);
#4047=ADVANCED_FACE('',(#1082),#56,.T.);
#4048=ADVANCED_FACE('',(#1083),#57,.T.);
#4049=ADVANCED_FACE('',(#1084),#3883,.T.);
#4050=ADVANCED_FACE('',(#1085,#1009),#3884,.F.);
#4051=ADVANCED_FACE('',(#1086),#3885,.F.);
#4052=ADVANCED_FACE('',(#1087),#58,.T.);
#4053=ADVANCED_FACE('',(#1088,#1010,#1011,#1012,#1013,#1014,#1015,#1016,
#1017,#1018,#1019),#3886,.T.);
#4054=ADVANCED_FACE('',(#1089),#3887,.T.);
#4055=ADVANCED_FACE('',(#1090),#59,.T.);
#4056=ADVANCED_FACE('',(#1091),#60,.T.);
#4057=ADVANCED_FACE('',(#1092),#3888,.T.);
#4058=ADVANCED_FACE('',(#1093),#61,.T.);
#4059=ADVANCED_FACE('',(#1094),#3889,.T.);
#4060=ADVANCED_FACE('',(#1095),#62,.F.);
#4061=ADVANCED_FACE('',(#1096),#63,.F.);
#4062=ADVANCED_FACE('',(#1097),#64,.F.);
#4063=ADVANCED_FACE('',(#1098),#65,.F.);
#4064=ADVANCED_FACE('',(#1099),#3890,.T.);
#4065=ADVANCED_FACE('',(#1100),#3891,.F.);
#4066=ADVANCED_FACE('',(#1101),#66,.F.);
#4067=ADVANCED_FACE('',(#1102),#3892,.F.);
#4068=ADVANCED_FACE('',(#1103),#67,.F.);
#4069=ADVANCED_FACE('',(#1104),#3893,.F.);
#4070=ADVANCED_FACE('',(#1105),#68,.F.);
#4071=ADVANCED_FACE('',(#1106),#3894,.F.);
#4072=ADVANCED_FACE('',(#1107),#69,.F.);
#4073=ADVANCED_FACE('',(#1108),#3895,.F.);
#4074=ADVANCED_FACE('',(#1109),#70,.F.);
#4075=ADVANCED_FACE('',(#1110),#3896,.F.);
#4076=ADVANCED_FACE('',(#1111),#71,.F.);
#4077=ADVANCED_FACE('',(#1112),#3897,.F.);
#4078=ADVANCED_FACE('',(#1113),#72,.F.);
#4079=ADVANCED_FACE('',(#1114),#3898,.F.);
#4080=ADVANCED_FACE('',(#1115),#73,.F.);
#4081=ADVANCED_FACE('',(#1116),#3899,.F.);
#4082=ADVANCED_FACE('',(#1117),#74,.F.);
#4083=ADVANCED_FACE('',(#1118),#3900,.F.);
#4084=ADVANCED_FACE('',(#1119),#75,.F.);
#4085=ADVANCED_FACE('',(#1120),#3901,.F.);
#4086=ADVANCED_FACE('',(#1121),#76,.F.);
#4087=ADVANCED_FACE('',(#1122),#3902,.F.);
#4088=ADVANCED_FACE('',(#1123),#77,.F.);
#4089=ADVANCED_FACE('',(#1124),#3903,.F.);
#4090=ADVANCED_FACE('',(#1125),#78,.F.);
#4091=ADVANCED_FACE('',(#1126),#3904,.F.);
#4092=ADVANCED_FACE('',(#1127),#79,.F.);
#4093=ADVANCED_FACE('',(#1128),#3905,.F.);
#4094=ADVANCED_FACE('',(#1129),#80,.F.);
#4095=ADVANCED_FACE('',(#1130),#3906,.F.);
#4096=ADVANCED_FACE('',(#1131),#81,.F.);
#4097=ADVANCED_FACE('',(#1132),#3907,.F.);
#4098=ADVANCED_FACE('',(#1133),#82,.F.);
#4099=ADVANCED_FACE('',(#1134),#3908,.F.);
#4100=ADVANCED_FACE('',(#1135),#83,.F.);
#4101=ADVANCED_FACE('',(#1136),#3909,.F.);
#4102=ADVANCED_FACE('',(#1137),#84,.F.);
#4103=ADVANCED_FACE('',(#1138),#3910,.F.);
#4104=ADVANCED_FACE('',(#1139),#85,.F.);
#4105=ADVANCED_FACE('',(#1140),#3911,.F.);
#4106=ADVANCED_FACE('',(#1141),#86,.F.);
#4107=ADVANCED_FACE('',(#1142),#3912,.F.);
#4108=ADVANCED_FACE('',(#1143),#87,.F.);
#4109=ADVANCED_FACE('',(#1144),#3913,.F.);
#4110=ADVANCED_FACE('',(#1145),#88,.F.);
#4111=ADVANCED_FACE('',(#1146),#3914,.F.);
#4112=ADVANCED_FACE('',(#1147),#89,.F.);
#4113=ADVANCED_FACE('',(#1148),#90,.F.);
#4114=ADVANCED_FACE('',(#1149),#3915,.F.);
#4115=ADVANCED_FACE('',(#1150),#91,.F.);
#4116=ADVANCED_FACE('',(#1151),#3916,.F.);
#4117=ADVANCED_FACE('',(#1152),#3917,.T.);
#4118=ADVANCED_FACE('',(#1153),#92,.F.);
#4119=ADVANCED_FACE('',(#1154),#93,.F.);
#4120=ADVANCED_FACE('',(#1155),#3918,.F.);
#4121=ADVANCED_FACE('',(#1156),#3919,.F.);
#4122=ADVANCED_FACE('',(#1157),#3920,.F.);
#4123=ADVANCED_FACE('',(#1158),#3921,.F.);
#4124=ADVANCED_FACE('',(#1159),#3922,.F.);
#4125=ADVANCED_FACE('',(#1160),#3923,.F.);
#4126=ADVANCED_FACE('',(#1161),#94,.F.);
#4127=ADVANCED_FACE('',(#1162),#3924,.F.);
#4128=ADVANCED_FACE('',(#1163,#1020),#3925,.T.);
#4129=ADVANCED_FACE('',(#1164),#3926,.T.);
#4130=ADVANCED_FACE('',(#1165),#3927,.T.);
#4131=ADVANCED_FACE('',(#1166,#1021),#3928,.F.);
#4132=ADVANCED_FACE('',(#1167),#3929,.F.);
#4133=ADVANCED_FACE('',(#1168),#3930,.F.);
#4134=ADVANCED_FACE('',(#1169),#95,.F.);
#4135=ADVANCED_FACE('',(#1170,#1022),#3931,.T.);
#4136=ADVANCED_FACE('',(#1171),#3932,.F.);
#4137=ADVANCED_FACE('',(#1172),#3933,.T.);
#4138=ADVANCED_FACE('',(#1173),#3934,.T.);
#4139=ADVANCED_FACE('',(#1174),#3935,.T.);
#4140=ADVANCED_FACE('',(#1175,#1023),#3936,.F.);
#4141=ADVANCED_FACE('',(#1176),#96,.F.);
#4142=ADVANCED_FACE('',(#1177),#3937,.F.);
#4143=ADVANCED_FACE('',(#1178),#3938,.F.);
#4144=ADVANCED_FACE('',(#1179,#1024),#3939,.T.);
#4145=ADVANCED_FACE('',(#1180),#3940,.F.);
#4146=ADVANCED_FACE('',(#1181),#3941,.T.);
#4147=ADVANCED_FACE('',(#1182,#1025),#3942,.F.);
#4148=ADVANCED_FACE('',(#1183),#97,.F.);
#4149=ADVANCED_FACE('',(#1184),#3943,.F.);
#4150=ADVANCED_FACE('',(#1185,#1026),#3944,.T.);
#4151=ADVANCED_FACE('',(#1186),#3945,.F.);
#4152=ADVANCED_FACE('',(#1187),#3946,.F.);
#4153=ADVANCED_FACE('',(#1188,#1027,#1028,#1029,#1030),#3947,.T.);
#4154=ADVANCED_FACE('',(#1189),#3948,.T.);
#4155=ADVANCED_FACE('',(#1190),#3949,.T.);
#4156=ADVANCED_FACE('',(#1191),#3950,.F.);
#4157=ADVANCED_FACE('',(#1192,#1031),#3951,.F.);
#4158=ADVANCED_FACE('',(#1193),#13,.F.);
#4159=ADVANCED_FACE('',(#1194),#98,.T.);
#4160=ADVANCED_FACE('',(#1195),#99,.T.);
#4161=ADVANCED_FACE('',(#1196),#14,.F.);
#4162=ADVANCED_FACE('',(#1197),#15,.F.);
#4163=ADVANCED_FACE('',(#1198),#100,.T.);
#4164=ADVANCED_FACE('',(#1199),#101,.T.);
#4165=ADVANCED_FACE('',(#1200),#16,.F.);
#4166=ADVANCED_FACE('',(#1201),#3952,.F.);
#4167=ADVANCED_FACE('',(#1202),#102,.T.);
#4168=ADVANCED_FACE('',(#1203,#1032),#3953,.F.);
#4169=ADVANCED_FACE('',(#1204),#103,.T.);
#4170=ADVANCED_FACE('',(#1205),#3954,.F.);
#4171=ADVANCED_FACE('',(#1206),#3955,.F.);
#4172=ADVANCED_FACE('',(#1207),#3956,.F.);
#4173=ADVANCED_FACE('',(#1208),#104,.T.);
#4174=ADVANCED_FACE('',(#1209),#105,.T.);
#4175=ADVANCED_FACE('',(#1210),#3957,.F.);
#4176=ADVANCED_FACE('',(#1211),#3958,.T.);
#4177=ADVANCED_FACE('',(#1212),#3959,.T.);
#4178=ADVANCED_FACE('',(#1213),#3960,.T.);
#4179=ADVANCED_FACE('',(#1214),#3961,.F.);
#4180=ADVANCED_FACE('',(#1215),#3962,.T.);
#4181=ADVANCED_FACE('',(#1216),#3963,.T.);
#4182=ADVANCED_FACE('',(#1217),#3964,.T.);
#4183=ADVANCED_FACE('',(#1218),#3965,.F.);
#4184=ADVANCED_FACE('',(#1219),#3966,.T.);
#4185=ADVANCED_FACE('',(#1220),#3967,.T.);
#4186=ADVANCED_FACE('',(#1221),#3968,.T.);
#4187=ADVANCED_FACE('',(#1222),#3969,.F.);
#4188=ADVANCED_FACE('',(#1223),#3970,.F.);
#4189=ADVANCED_FACE('',(#1224),#106,.F.);
#4190=ADVANCED_FACE('',(#1225,#1033),#3971,.F.);
#4191=ADVANCED_FACE('',(#1226),#3972,.F.);
#4192=ADVANCED_FACE('',(#1227),#107,.F.);
#4193=ADVANCED_FACE('',(#1228,#1034),#3973,.T.);
#4194=ADVANCED_FACE('',(#1229),#3974,.F.);
#4195=ADVANCED_FACE('',(#1230),#3975,.F.);
#4196=ADVANCED_FACE('',(#1231),#3976,.F.);
#4197=ADVANCED_FACE('',(#1232),#3977,.F.);
#4198=ADVANCED_FACE('',(#1233),#3978,.F.);
#4199=ADVANCED_FACE('',(#1234),#3979,.F.);
#4200=ADVANCED_FACE('',(#1235),#108,.F.);
#4201=ADVANCED_FACE('',(#1236),#109,.F.);
#4202=ADVANCED_FACE('',(#1237,#1035),#3980,.F.);
#4203=ADVANCED_FACE('',(#1238,#1036),#3981,.T.);
#4204=ADVANCED_FACE('',(#1239),#3982,.F.);
#4205=ADVANCED_FACE('',(#1240),#3983,.T.);
#4206=ADVANCED_FACE('',(#1241),#3984,.T.);
#4207=ADVANCED_FACE('',(#1242),#3985,.F.);
#4208=ADVANCED_FACE('',(#1243),#3986,.F.);
#4209=ADVANCED_FACE('',(#1244),#3987,.F.);
#4210=ADVANCED_FACE('',(#1245),#3988,.F.);
#4211=ADVANCED_FACE('',(#1246),#110,.F.);
#4212=ADVANCED_FACE('',(#1247),#111,.F.);
#4213=ADVANCED_FACE('',(#1248,#1037),#3989,.F.);
#4214=ADVANCED_FACE('',(#1249,#1038),#3990,.T.);
#4215=ADVANCED_FACE('',(#1250),#3991,.F.);
#4216=ADVANCED_FACE('',(#1251),#3992,.T.);
#4217=ADVANCED_FACE('',(#1252),#112,.F.);
#4218=ADVANCED_FACE('',(#1253),#113,.F.);
#4219=ADVANCED_FACE('',(#1254),#114,.F.);
#4220=ADVANCED_FACE('',(#1255),#115,.F.);
#4221=ADVANCED_FACE('',(#1256),#116,.F.);
#4222=ADVANCED_FACE('',(#1257),#117,.F.);
#4223=ADVANCED_FACE('',(#1258),#118,.F.);
#4224=ADVANCED_FACE('',(#1259),#119,.F.);
#4225=ADVANCED_FACE('',(#1260,#1039),#3993,.T.);
#4226=ADVANCED_FACE('',(#1261),#3994,.T.);
#4227=ADVANCED_FACE('',(#1262),#3995,.T.);
#4228=ADVANCED_FACE('',(#1263),#3996,.F.);
#4229=ADVANCED_FACE('',(#1264),#3997,.F.);
#4230=ADVANCED_FACE('',(#1265),#3998,.F.);
#4231=ADVANCED_FACE('',(#1266),#3999,.F.);
#4232=ADVANCED_FACE('',(#1267),#4000,.F.);
#4233=ADVANCED_FACE('',(#1268),#4001,.T.);
#4234=ADVANCED_FACE('',(#1269),#4002,.F.);
#4235=ADVANCED_FACE('',(#1270),#4003,.T.);
#4236=ADVANCED_FACE('',(#1271,#1040),#4004,.F.);
#4237=ADVANCED_FACE('',(#1272),#4005,.T.);
#4238=ADVANCED_FACE('',(#1273),#4006,.T.);
#4239=ADVANCED_FACE('',(#1274),#4007,.T.);
#4240=ADVANCED_FACE('',(#1275),#4008,.T.);
#4241=ADVANCED_FACE('',(#1276,#1041,#1042,#1043,#1044),#4009,.F.);
#4242=CLOSED_SHELL('',(#4010,#4011,#4012,#4013,#4014,#4015,#4016,#4017,
#4018,#4019,#4020,#4021,#4022,#4023,#4024,#4025,#4026,#4027,#4028,#4029,
#4030,#4031,#4032,#4033,#4034,#4035,#4036,#4037,#4038,#4039,#4040,#4041,
#4042,#4043,#4044,#4045,#4046,#4047,#4048,#4049,#4050,#4051,#4052,#4053,
#4054,#4055,#4056,#4057,#4058,#4059,#4060,#4061,#4062,#4063,#4064,#4065,
#4066,#4067,#4068,#4069,#4070,#4071,#4072,#4073,#4074,#4075,#4076,#4077,
#4078,#4079,#4080,#4081,#4082,#4083,#4084,#4085,#4086,#4087,#4088,#4089,
#4090,#4091,#4092,#4093,#4094,#4095,#4096,#4097,#4098,#4099,#4100,#4101,
#4102,#4103,#4104,#4105,#4106,#4107,#4108,#4109,#4110,#4111,#4112));
#4243=CLOSED_SHELL('',(#4113,#4114,#4115,#4116,#4117,#4118,#4119,#4120,
#4121,#4122,#4123,#4124,#4125,#4126,#4127,#4128,#4129,#4130,#4131,#4132,
#4133,#4134,#4135,#4136,#4137,#4138,#4139,#4140,#4141,#4142,#4143,#4144,
#4145,#4146,#4147,#4148,#4149,#4150,#4151,#4152,#4153,#4154,#4155,#4156,
#4157,#4158,#4159,#4160,#4161,#4162,#4163,#4164,#4165,#4166,#4167,#4168,
#4169,#4170,#4171,#4172,#4173,#4174,#4175,#4176,#4177,#4178,#4179,#4180,
#4181,#4182,#4183,#4184,#4185,#4186,#4187,#4188,#4189,#4190,#4191,#4192,
#4193,#4194,#4195,#4196,#4197,#4198,#4199,#4200,#4201,#4202,#4203,#4204,
#4205,#4206,#4207,#4208,#4209,#4210,#4211,#4212,#4213,#4214,#4215,#4216,
#4217,#4218,#4219,#4220,#4221,#4222,#4223,#4224,#4225,#4226,#4227,#4228,
#4229,#4230,#4231,#4232,#4233,#4234,#4235,#4236,#4237,#4238,#4239,#4240,
#4241));
#4244=DERIVED_UNIT_ELEMENT(#4246,1.);
#4245=DERIVED_UNIT_ELEMENT(#7355,-3.);
#4246=(
MASS_UNIT()
NAMED_UNIT(*)
SI_UNIT(.KILO.,.GRAM.)
);
#4247=DERIVED_UNIT((#4244,#4245));
#4248=MEASURE_REPRESENTATION_ITEM('density measure',
POSITIVE_RATIO_MEASURE(7850.),#4247);
#4249=PROPERTY_DEFINITION_REPRESENTATION(#4254,#4251);
#4250=PROPERTY_DEFINITION_REPRESENTATION(#4255,#4252);
#4251=REPRESENTATION('material name',(#4253),#7352);
#4252=REPRESENTATION('density',(#4248),#7352);
#4253=DESCRIPTIVE_REPRESENTATION_ITEM('Steel','Steel');
#4254=PROPERTY_DEFINITION('material property','material name',#7362);
#4255=PROPERTY_DEFINITION('material property','density of part',#7362);
#4256=AXIS2_PLACEMENT_3D('',#5813,#4629,#4630);
#4257=AXIS2_PLACEMENT_3D('',#5814,#4631,#4632);
#4258=AXIS2_PLACEMENT_3D('',#5816,#4633,#4634);
#4259=AXIS2_PLACEMENT_3D('',#5818,#4635,#4636);
#4260=AXIS2_PLACEMENT_3D('',#5819,#4637,#4638);
#4261=AXIS2_PLACEMENT_3D('',#5824,#4640,#4641);
#4262=AXIS2_PLACEMENT_3D('',#5826,#4642,#4643);
#4263=AXIS2_PLACEMENT_3D('',#5830,#4646,#4647);
#4264=AXIS2_PLACEMENT_3D('',#5833,#4649,#4650);
#4265=AXIS2_PLACEMENT_3D('',#5834,#4651,#4652);
#4266=AXIS2_PLACEMENT_3D('',#5843,#4657,#4658);
#4267=AXIS2_PLACEMENT_3D('',#5849,#4662,#4663);
#4268=AXIS2_PLACEMENT_3D('',#5854,#4667,#4668);
#4269=AXIS2_PLACEMENT_3D('',#5858,#4671,#4672);
#4270=AXIS2_PLACEMENT_3D('',#5859,#4673,#4674);
#4271=AXIS2_PLACEMENT_3D('',#5860,#4675,#4676);
#4272=AXIS2_PLACEMENT_3D('',#5861,#4677,#4678);
#4273=AXIS2_PLACEMENT_3D('',#5862,#4679,#4680);
#4274=AXIS2_PLACEMENT_3D('',#5864,#4681,#4682);
#4275=AXIS2_PLACEMENT_3D('',#5868,#4684,#4685);
#4276=AXIS2_PLACEMENT_3D('',#5870,#4686,#4687);
#4277=AXIS2_PLACEMENT_3D('',#5898,#4701,#4702);
#4278=AXIS2_PLACEMENT_3D('',#5902,#4704,#4705);
#4279=AXIS2_PLACEMENT_3D('',#5906,#4707,#4708);
#4280=AXIS2_PLACEMENT_3D('',#5909,#4710,#4711);
#4281=AXIS2_PLACEMENT_3D('',#5914,#4713,#4714);
#4282=AXIS2_PLACEMENT_3D('',#5918,#4716,#4717);
#4283=AXIS2_PLACEMENT_3D('',#5922,#4719,#4720);
#4284=AXIS2_PLACEMENT_3D('',#5925,#4722,#4723);
#4285=AXIS2_PLACEMENT_3D('',#5930,#4725,#4726);
#4286=AXIS2_PLACEMENT_3D('',#5934,#4728,#4729);
#4287=AXIS2_PLACEMENT_3D('',#5938,#4731,#4732);
#4288=AXIS2_PLACEMENT_3D('',#5941,#4734,#4735);
#4289=AXIS2_PLACEMENT_3D('',#5946,#4737,#4738);
#4290=AXIS2_PLACEMENT_3D('',#5950,#4740,#4741);
#4291=AXIS2_PLACEMENT_3D('',#5954,#4743,#4744);
#4292=AXIS2_PLACEMENT_3D('',#5957,#4746,#4747);
#4293=AXIS2_PLACEMENT_3D('',#5962,#4749,#4750);
#4294=AXIS2_PLACEMENT_3D('',#5966,#4752,#4753);
#4295=AXIS2_PLACEMENT_3D('',#5970,#4755,#4756);
#4296=AXIS2_PLACEMENT_3D('',#5973,#4758,#4759);
#4297=AXIS2_PLACEMENT_3D('',#5978,#4761,#4762);
#4298=AXIS2_PLACEMENT_3D('',#5982,#4764,#4765);
#4299=AXIS2_PLACEMENT_3D('',#5986,#4767,#4768);
#4300=AXIS2_PLACEMENT_3D('',#5989,#4770,#4771);
#4301=AXIS2_PLACEMENT_3D('',#5990,#4772,#4773);
#4302=AXIS2_PLACEMENT_3D('',#5992,#4774,#4775);
#4303=AXIS2_PLACEMENT_3D('',#5994,#4776,#4777);
#4304=AXIS2_PLACEMENT_3D('',#5995,#4778,#4779);
#4305=AXIS2_PLACEMENT_3D('',#5998,#4781,#4782);
#4306=AXIS2_PLACEMENT_3D('',#5999,#4783,#4784);
#4307=AXIS2_PLACEMENT_3D('',#6007,#4789,#4790);
#4308=AXIS2_PLACEMENT_3D('',#6013,#4794,#4795);
#4309=AXIS2_PLACEMENT_3D('',#6019,#4799,#4800);
#4310=AXIS2_PLACEMENT_3D('',#6021,#4801,#4802);
#4311=AXIS2_PLACEMENT_3D('',#6023,#4803,#4804);
#4312=AXIS2_PLACEMENT_3D('',#6025,#4806,#4807);
#4313=AXIS2_PLACEMENT_3D('',#6028,#4810,#4811);
#4314=AXIS2_PLACEMENT_3D('',#6033,#4814,#4815);
#4315=AXIS2_PLACEMENT_3D('',#6034,#4816,#4817);
#4316=AXIS2_PLACEMENT_3D('',#6035,#4818,#4819);
#4317=AXIS2_PLACEMENT_3D('',#6037,#4820,#4821);
#4318=AXIS2_PLACEMENT_3D('',#6039,#4822,#4823);
#4319=AXIS2_PLACEMENT_3D('',#6040,#4824,#4825);
#4320=AXIS2_PLACEMENT_3D('',#6042,#4826,#4827);
#4321=AXIS2_PLACEMENT_3D('',#6048,#4831,#4832);
#4322=AXIS2_PLACEMENT_3D('',#6049,#4833,#4834);
#4323=AXIS2_PLACEMENT_3D('',#6052,#4836,#4837);
#4324=AXIS2_PLACEMENT_3D('',#6053,#4838,#4839);
#4325=AXIS2_PLACEMENT_3D('',#6059,#4843,#4844);
#4326=AXIS2_PLACEMENT_3D('',#6063,#4847,#4848);
#4327=AXIS2_PLACEMENT_3D('',#6067,#4851,#4852);
#4328=AXIS2_PLACEMENT_3D('',#6071,#4855,#4856);
#4329=AXIS2_PLACEMENT_3D('',#6072,#4857,#4858);
#4330=AXIS2_PLACEMENT_3D('',#6073,#4859,#4860);
#4331=AXIS2_PLACEMENT_3D('',#6074,#4861,#4862);
#4332=AXIS2_PLACEMENT_3D('',#6076,#4863,#4864);
#4333=AXIS2_PLACEMENT_3D('',#6078,#4865,#4866);
#4334=AXIS2_PLACEMENT_3D('',#6079,#4867,#4868);
#4335=AXIS2_PLACEMENT_3D('',#6085,#4872,#4873);
#4336=AXIS2_PLACEMENT_3D('',#6088,#4875,#4876);
#4337=AXIS2_PLACEMENT_3D('',#6089,#4877,#4878);
#4338=AXIS2_PLACEMENT_3D('',#6097,#4883,#4884);
#4339=AXIS2_PLACEMENT_3D('',#6101,#4887,#4888);
#4340=AXIS2_PLACEMENT_3D('',#6105,#4891,#4892);
#4341=AXIS2_PLACEMENT_3D('',#6109,#4895,#4896);
#4342=AXIS2_PLACEMENT_3D('',#6115,#4900,#4901);
#4343=AXIS2_PLACEMENT_3D('',#6121,#4905,#4906);
#4344=AXIS2_PLACEMENT_3D('',#6123,#4907,#4908);
#4345=AXIS2_PLACEMENT_3D('',#6125,#4909,#4910);
#4346=AXIS2_PLACEMENT_3D('',#6127,#4912,#4913);
#4347=AXIS2_PLACEMENT_3D('',#6128,#4914,#4915);
#4348=AXIS2_PLACEMENT_3D('',#6130,#4916,#4917);
#4349=AXIS2_PLACEMENT_3D('',#6131,#4918,#4919);
#4350=AXIS2_PLACEMENT_3D('',#6132,#4920,#4921);
#4351=AXIS2_PLACEMENT_3D('',#6134,#4922,#4923);
#4352=AXIS2_PLACEMENT_3D('',#6136,#4925,#4926);
#4353=AXIS2_PLACEMENT_3D('',#6137,#4927,#4928);
#4354=AXIS2_PLACEMENT_3D('',#6139,#4929,#4930);
#4355=AXIS2_PLACEMENT_3D('',#6141,#4932,#4933);
#4356=AXIS2_PLACEMENT_3D('',#6145,#4935,#4936);
#4357=AXIS2_PLACEMENT_3D('',#6147,#4938,#4939);
#4358=AXIS2_PLACEMENT_3D('',#6151,#4941,#4942);
#4359=AXIS2_PLACEMENT_3D('',#6155,#4944,#4945);
#4360=AXIS2_PLACEMENT_3D('',#6159,#4947,#4948);
#4361=AXIS2_PLACEMENT_3D('',#6162,#4950,#4951);
#4362=AXIS2_PLACEMENT_3D('',#6167,#4953,#4954);
#4363=AXIS2_PLACEMENT_3D('',#6171,#4956,#4957);
#4364=AXIS2_PLACEMENT_3D('',#6175,#4959,#4960);
#4365=AXIS2_PLACEMENT_3D('',#6178,#4962,#4963);
#4366=AXIS2_PLACEMENT_3D('',#6183,#4965,#4966);
#4367=AXIS2_PLACEMENT_3D('',#6187,#4968,#4969);
#4368=AXIS2_PLACEMENT_3D('',#6191,#4971,#4972);
#4369=AXIS2_PLACEMENT_3D('',#6194,#4974,#4975);
#4370=AXIS2_PLACEMENT_3D('',#6199,#4977,#4978);
#4371=AXIS2_PLACEMENT_3D('',#6203,#4980,#4981);
#4372=AXIS2_PLACEMENT_3D('',#6207,#4983,#4984);
#4373=AXIS2_PLACEMENT_3D('',#6210,#4986,#4987);
#4374=AXIS2_PLACEMENT_3D('',#6215,#4989,#4990);
#4375=AXIS2_PLACEMENT_3D('',#6219,#4992,#4993);
#4376=AXIS2_PLACEMENT_3D('',#6223,#4995,#4996);
#4377=AXIS2_PLACEMENT_3D('',#6226,#4998,#4999);
#4378=AXIS2_PLACEMENT_3D('',#6231,#5001,#5002);
#4379=AXIS2_PLACEMENT_3D('',#6235,#5004,#5005);
#4380=AXIS2_PLACEMENT_3D('',#6239,#5007,#5008);
#4381=AXIS2_PLACEMENT_3D('',#6242,#5010,#5011);
#4382=AXIS2_PLACEMENT_3D('',#6247,#5013,#5014);
#4383=AXIS2_PLACEMENT_3D('',#6251,#5016,#5017);
#4384=AXIS2_PLACEMENT_3D('',#6255,#5019,#5020);
#4385=AXIS2_PLACEMENT_3D('',#6258,#5022,#5023);
#4386=AXIS2_PLACEMENT_3D('',#6260,#5024,#5025);
#4387=AXIS2_PLACEMENT_3D('',#6262,#5026,#5027);
#4388=AXIS2_PLACEMENT_3D('',#6264,#5028,#5029);
#4389=AXIS2_PLACEMENT_3D('',#6265,#5030,#5031);
#4390=AXIS2_PLACEMENT_3D('',#6267,#5033,#5034);
#4391=AXIS2_PLACEMENT_3D('',#6269,#5036,#5037);
#4392=AXIS2_PLACEMENT_3D('',#6272,#5040,#5041);
#4393=AXIS2_PLACEMENT_3D('',#6274,#5043,#5044);
#4394=AXIS2_PLACEMENT_3D('',#6276,#5046,#5047);
#4395=AXIS2_PLACEMENT_3D('',#6277,#5048,#5049);
#4396=AXIS2_PLACEMENT_3D('',#6279,#5051,#5052);
#4397=AXIS2_PLACEMENT_3D('',#6281,#5054,#5055);
#4398=AXIS2_PLACEMENT_3D('',#6283,#5057,#5058);
#4399=AXIS2_PLACEMENT_3D('',#6285,#5060,#5061);
#4400=AXIS2_PLACEMENT_3D('',#6286,#5062,#5063);
#4401=AXIS2_PLACEMENT_3D('',#6289,#5066,#5067);
#4402=AXIS2_PLACEMENT_3D('',#6291,#5069,#5070);
#4403=AXIS2_PLACEMENT_3D('',#6293,#5072,#5073);
#4404=AXIS2_PLACEMENT_3D('',#6295,#5075,#5076);
#4405=AXIS2_PLACEMENT_3D('',#6297,#5078,#5079);
#4406=AXIS2_PLACEMENT_3D('',#6299,#5081,#5082);
#4407=AXIS2_PLACEMENT_3D('',#6301,#5084,#5085);
#4408=AXIS2_PLACEMENT_3D('',#6302,#5086,#5087);
#4409=AXIS2_PLACEMENT_3D('',#6305,#5090,#5091);
#4410=AXIS2_PLACEMENT_3D('',#6307,#5093,#5094);
#4411=AXIS2_PLACEMENT_3D('',#6309,#5096,#5097);
#4412=AXIS2_PLACEMENT_3D('',#6311,#5099,#5100);
#4413=AXIS2_PLACEMENT_3D('',#6313,#5102,#5103);
#4414=AXIS2_PLACEMENT_3D('',#6315,#5105,#5106);
#4415=AXIS2_PLACEMENT_3D('',#6317,#5108,#5109);
#4416=AXIS2_PLACEMENT_3D('',#6318,#5110,#5111);
#4417=AXIS2_PLACEMENT_3D('',#6321,#5114,#5115);
#4418=AXIS2_PLACEMENT_3D('',#6323,#5117,#5118);
#4419=AXIS2_PLACEMENT_3D('',#6325,#5120,#5121);
#4420=AXIS2_PLACEMENT_3D('',#6327,#5123,#5124);
#4421=AXIS2_PLACEMENT_3D('',#6329,#5126,#5127);
#4422=AXIS2_PLACEMENT_3D('',#6331,#5129,#5130);
#4423=AXIS2_PLACEMENT_3D('',#6333,#5132,#5133);
#4424=AXIS2_PLACEMENT_3D('',#6334,#5134,#5135);
#4425=AXIS2_PLACEMENT_3D('',#6337,#5138,#5139);
#4426=AXIS2_PLACEMENT_3D('',#6339,#5141,#5142);
#4427=AXIS2_PLACEMENT_3D('',#6341,#5144,#5145);
#4428=AXIS2_PLACEMENT_3D('',#6343,#5147,#5148);
#4429=AXIS2_PLACEMENT_3D('',#6345,#5150,#5151);
#4430=AXIS2_PLACEMENT_3D('',#6347,#5153,#5154);
#4431=AXIS2_PLACEMENT_3D('',#6349,#5156,#5157);
#4432=AXIS2_PLACEMENT_3D('',#6350,#5158,#5159);
#4433=AXIS2_PLACEMENT_3D('',#6353,#5162,#5163);
#4434=AXIS2_PLACEMENT_3D('',#6355,#5165,#5166);
#4435=AXIS2_PLACEMENT_3D('',#6357,#5168,#5169);
#4436=AXIS2_PLACEMENT_3D('',#6359,#5171,#5172);
#4437=AXIS2_PLACEMENT_3D('',#6361,#5174,#5175);
#4438=AXIS2_PLACEMENT_3D('',#6363,#5177,#5178);
#4439=AXIS2_PLACEMENT_3D('',#6365,#5180,#5181);
#4440=AXIS2_PLACEMENT_3D('',#6366,#5182,#5183);
#4441=AXIS2_PLACEMENT_3D('',#6369,#5186,#5187);
#4442=AXIS2_PLACEMENT_3D('',#6371,#5189,#5190);
#4443=AXIS2_PLACEMENT_3D('',#6373,#5192,#5193);
#4444=AXIS2_PLACEMENT_3D('',#6375,#5195,#5196);
#4445=AXIS2_PLACEMENT_3D('',#6377,#5198,#5199);
#4446=AXIS2_PLACEMENT_3D('',#6379,#5201,#5202);
#4447=AXIS2_PLACEMENT_3D('',#6381,#5204,#5205);
#4448=AXIS2_PLACEMENT_3D('',#6382,#5206,#5207);
#4449=AXIS2_PLACEMENT_3D('',#6385,#5208,#5209);
#4450=AXIS2_PLACEMENT_3D('',#6389,#5211,#5212);
#4451=AXIS2_PLACEMENT_3D('',#6391,#5214,#5215);
#4452=AXIS2_PLACEMENT_3D('',#6397,#5219,#5220);
#4453=AXIS2_PLACEMENT_3D('',#6399,#5221,#5222);
#4454=AXIS2_PLACEMENT_3D('',#6401,#5223,#5224);
#4455=AXIS2_PLACEMENT_3D('',#6403,#5226,#5227);
#4456=AXIS2_PLACEMENT_3D('',#6409,#5231,#5232);
#4457=AXIS2_PLACEMENT_3D('',#6415,#5236,#5237);
#4458=AXIS2_PLACEMENT_3D('',#6417,#5238,#5239);
#4459=AXIS2_PLACEMENT_3D('',#6420,#5241,#5242);
#4460=AXIS2_PLACEMENT_3D('',#6421,#5243,#5244);
#4461=AXIS2_PLACEMENT_3D('',#6423,#5245,#5246);
#4462=AXIS2_PLACEMENT_3D('',#6425,#5247,#5248);
#4463=AXIS2_PLACEMENT_3D('',#6427,#5250,#5251);
#4464=AXIS2_PLACEMENT_3D('',#6430,#5254,#5255);
#4465=AXIS2_PLACEMENT_3D('',#6432,#5256,#5257);
#4466=AXIS2_PLACEMENT_3D('',#6433,#5258,#5259);
#4467=AXIS2_PLACEMENT_3D('',#6435,#5260,#5261);
#4468=AXIS2_PLACEMENT_3D('',#6436,#5262,#5263);
#4469=AXIS2_PLACEMENT_3D('',#6438,#5264,#5265);
#4470=AXIS2_PLACEMENT_3D('',#6439,#5266,#5267);
#4471=AXIS2_PLACEMENT_3D('',#6441,#5268,#5269);
#4472=AXIS2_PLACEMENT_3D('',#6442,#5270,#5271);
#4473=AXIS2_PLACEMENT_3D('',#6451,#5276,#5277);
#4474=AXIS2_PLACEMENT_3D('',#6454,#5278,#5279);
#4475=AXIS2_PLACEMENT_3D('',#6456,#5280,#5281);
#4476=AXIS2_PLACEMENT_3D('',#6458,#5282,#5283);
#4477=AXIS2_PLACEMENT_3D('',#6475,#5284,#5285);
#4478=AXIS2_PLACEMENT_3D('',#6484,#5290,#5291);
#4479=AXIS2_PLACEMENT_3D('',#6491,#5296,#5297);
#4480=AXIS2_PLACEMENT_3D('',#6492,#5298,#5299);
#4481=AXIS2_PLACEMENT_3D('',#6498,#5303,#5304);
#4482=AXIS2_PLACEMENT_3D('',#6504,#5308,#5309);
#4483=AXIS2_PLACEMENT_3D('',#6506,#5310,#5311);
#4484=AXIS2_PLACEMENT_3D('',#6508,#5312,#5313);
#4485=AXIS2_PLACEMENT_3D('',#6509,#5314,#5315);
#4486=AXIS2_PLACEMENT_3D('',#6518,#5320,#5321);
#4487=AXIS2_PLACEMENT_3D('',#6524,#5325,#5326);
#4488=AXIS2_PLACEMENT_3D('',#6527,#5327,#5328);
#4489=AXIS2_PLACEMENT_3D('',#6529,#5329,#5330);
#4490=AXIS2_PLACEMENT_3D('',#6531,#5331,#5332);
#4491=AXIS2_PLACEMENT_3D('',#6550,#5333,#5334);
#4492=AXIS2_PLACEMENT_3D('',#6563,#5342,#5343);
#4493=AXIS2_PLACEMENT_3D('',#6564,#5344,#5345);
#4494=AXIS2_PLACEMENT_3D('',#6572,#5350,#5351);
#4495=AXIS2_PLACEMENT_3D('',#6578,#5355,#5356);
#4496=AXIS2_PLACEMENT_3D('',#6582,#5359,#5360);
#4497=AXIS2_PLACEMENT_3D('',#6588,#5364,#5365);
#4498=AXIS2_PLACEMENT_3D('',#6590,#5366,#5367);
#4499=AXIS2_PLACEMENT_3D('',#6592,#5368,#5369);
#4500=AXIS2_PLACEMENT_3D('',#6593,#5370,#5371);
#4501=AXIS2_PLACEMENT_3D('',#6596,#5372,#5373);
#4502=AXIS2_PLACEMENT_3D('',#6598,#5374,#5375);
#4503=AXIS2_PLACEMENT_3D('',#6600,#5376,#5377);
#4504=AXIS2_PLACEMENT_3D('',#6619,#5378,#5379);
#4505=AXIS2_PLACEMENT_3D('',#6628,#5384,#5385);
#4506=AXIS2_PLACEMENT_3D('',#6634,#5389,#5390);
#4507=AXIS2_PLACEMENT_3D('',#6641,#5395,#5396);
#4508=AXIS2_PLACEMENT_3D('',#6642,#5397,#5398);
#4509=AXIS2_PLACEMENT_3D('',#6648,#5402,#5403);
#4510=AXIS2_PLACEMENT_3D('',#6652,#5406,#5407);
#4511=AXIS2_PLACEMENT_3D('',#6654,#5408,#5409);
#4512=AXIS2_PLACEMENT_3D('',#6656,#5410,#5411);
#4513=AXIS2_PLACEMENT_3D('',#6657,#5412,#5413);
#4514=AXIS2_PLACEMENT_3D('',#6671,#5414,#5415);
#4515=AXIS2_PLACEMENT_3D('',#6672,#5416,#5417);
#4516=AXIS2_PLACEMENT_3D('',#6673,#5418,#5419);
#4517=AXIS2_PLACEMENT_3D('',#6677,#5422,#5423);
#4518=AXIS2_PLACEMENT_3D('',#6679,#5424,#5425);
#4519=AXIS2_PLACEMENT_3D('',#6693,#5433,#5434);
#4520=AXIS2_PLACEMENT_3D('',#6694,#5435,#5436);
#4521=AXIS2_PLACEMENT_3D('',#6697,#5439,#5440);
#4522=AXIS2_PLACEMENT_3D('',#6704,#5445,#5446);
#4523=AXIS2_PLACEMENT_3D('',#6734,#5462,#5463);
#4524=AXIS2_PLACEMENT_3D('',#6742,#5468,#5469);
#4525=AXIS2_PLACEMENT_3D('',#6748,#5473,#5474);
#4526=AXIS2_PLACEMENT_3D('',#6749,#5475,#5476);
#4527=AXIS2_PLACEMENT_3D('',#6751,#5477,#5478);
#4528=AXIS2_PLACEMENT_3D('',#6753,#5479,#5480);
#4529=AXIS2_PLACEMENT_3D('',#6805,#5481,#5482);
#4530=AXIS2_PLACEMENT_3D('',#6814,#5483,#5484);
#4531=AXIS2_PLACEMENT_3D('',#6822,#5485,#5486);
#4532=AXIS2_PLACEMENT_3D('',#6825,#5487,#5488);
#4533=AXIS2_PLACEMENT_3D('',#6828,#5491,#5492);
#4534=AXIS2_PLACEMENT_3D('',#6830,#5493,#5494);
#4535=AXIS2_PLACEMENT_3D('',#6890,#5496,#5497);
#4536=AXIS2_PLACEMENT_3D('',#6965,#5498,#5499);
#4537=AXIS2_PLACEMENT_3D('',#6982,#5500,#5501);
#4538=AXIS2_PLACEMENT_3D('',#6985,#5502,#5503);
#4539=AXIS2_PLACEMENT_3D('',#6988,#5506,#5507);
#4540=AXIS2_PLACEMENT_3D('',#6991,#5508,#5509);
#4541=AXIS2_PLACEMENT_3D('',#7066,#5512,#5513);
#4542=AXIS2_PLACEMENT_3D('',#7070,#5517,#5518);
#4543=AXIS2_PLACEMENT_3D('',#7072,#5520,#5521);
#4544=AXIS2_PLACEMENT_3D('',#7083,#5528,#5529);
#4545=AXIS2_PLACEMENT_3D('',#7084,#5530,#5531);
#4546=AXIS2_PLACEMENT_3D('',#7085,#5532,#5533);
#4547=AXIS2_PLACEMENT_3D('',#7086,#5534,#5535);
#4548=AXIS2_PLACEMENT_3D('',#7087,#5536,#5537);
#4549=AXIS2_PLACEMENT_3D('',#7089,#5539,#5540);
#4550=AXIS2_PLACEMENT_3D('',#7091,#5542,#5543);
#4551=AXIS2_PLACEMENT_3D('',#7097,#5547,#5548);
#4552=AXIS2_PLACEMENT_3D('',#7101,#5551,#5552);
#4553=AXIS2_PLACEMENT_3D('',#7105,#5555,#5556);
#4554=AXIS2_PLACEMENT_3D('',#7107,#5558,#5559);
#4555=AXIS2_PLACEMENT_3D('',#7113,#5563,#5564);
#4556=AXIS2_PLACEMENT_3D('',#7117,#5567,#5568);
#4557=AXIS2_PLACEMENT_3D('',#7121,#5571,#5572);
#4558=AXIS2_PLACEMENT_3D('',#7123,#5574,#5575);
#4559=AXIS2_PLACEMENT_3D('',#7129,#5579,#5580);
#4560=AXIS2_PLACEMENT_3D('',#7133,#5583,#5584);
#4561=AXIS2_PLACEMENT_3D('',#7137,#5587,#5588);
#4562=AXIS2_PLACEMENT_3D('',#7139,#5590,#5591);
#4563=AXIS2_PLACEMENT_3D('',#7148,#5596,#5597);
#4564=AXIS2_PLACEMENT_3D('',#7154,#5601,#5602);
#4565=AXIS2_PLACEMENT_3D('',#7156,#5603,#5604);
#4566=AXIS2_PLACEMENT_3D('',#7159,#5606,#5607);
#4567=AXIS2_PLACEMENT_3D('',#7160,#5608,#5609);
#4568=AXIS2_PLACEMENT_3D('',#7162,#5610,#5611);
#4569=AXIS2_PLACEMENT_3D('',#7163,#5612,#5613);
#4570=AXIS2_PLACEMENT_3D('',#7165,#5614,#5615);
#4571=AXIS2_PLACEMENT_3D('',#7166,#5616,#5617);
#4572=AXIS2_PLACEMENT_3D('',#7168,#5619,#5620);
#4573=AXIS2_PLACEMENT_3D('',#7172,#5623,#5624);
#4574=AXIS2_PLACEMENT_3D('',#7176,#5627,#5628);
#4575=AXIS2_PLACEMENT_3D('',#7178,#5630,#5631);
#4576=AXIS2_PLACEMENT_3D('',#7187,#5636,#5637);
#4577=AXIS2_PLACEMENT_3D('',#7193,#5641,#5642);
#4578=AXIS2_PLACEMENT_3D('',#7199,#5646,#5647);
#4579=AXIS2_PLACEMENT_3D('',#7201,#5648,#5649);
#4580=AXIS2_PLACEMENT_3D('',#7202,#5650,#5651);
#4581=AXIS2_PLACEMENT_3D('',#7205,#5653,#5654);
#4582=AXIS2_PLACEMENT_3D('',#7206,#5655,#5656);
#4583=AXIS2_PLACEMENT_3D('',#7208,#5657,#5658);
#4584=AXIS2_PLACEMENT_3D('',#7211,#5660,#5661);
#4585=AXIS2_PLACEMENT_3D('',#7212,#5662,#5663);
#4586=AXIS2_PLACEMENT_3D('',#7213,#5664,#5665);
#4587=AXIS2_PLACEMENT_3D('',#7219,#5669,#5670);
#4588=AXIS2_PLACEMENT_3D('',#7223,#5673,#5674);
#4589=AXIS2_PLACEMENT_3D('',#7228,#5678,#5679);
#4590=AXIS2_PLACEMENT_3D('',#7230,#5681,#5682);
#4591=AXIS2_PLACEMENT_3D('',#7236,#5686,#5687);
#4592=AXIS2_PLACEMENT_3D('',#7242,#5691,#5692);
#4593=AXIS2_PLACEMENT_3D('',#7248,#5696,#5697);
#4594=AXIS2_PLACEMENT_3D('',#7250,#5698,#5699);
#4595=AXIS2_PLACEMENT_3D('',#7251,#5700,#5701);
#4596=AXIS2_PLACEMENT_3D('',#7254,#5703,#5704);
#4597=AXIS2_PLACEMENT_3D('',#7255,#5705,#5706);
#4598=AXIS2_PLACEMENT_3D('',#7257,#5707,#5708);
#4599=AXIS2_PLACEMENT_3D('',#7260,#5710,#5711);
#4600=AXIS2_PLACEMENT_3D('',#7261,#5712,#5713);
#4601=AXIS2_PLACEMENT_3D('',#7262,#5714,#5715);
#4602=AXIS2_PLACEMENT_3D('',#7266,#5718,#5719);
#4603=AXIS2_PLACEMENT_3D('',#7270,#5722,#5723);
#4604=AXIS2_PLACEMENT_3D('',#7274,#5726,#5727);
#4605=AXIS2_PLACEMENT_3D('',#7276,#5729,#5730);
#4606=AXIS2_PLACEMENT_3D('',#7278,#5732,#5733);
#4607=AXIS2_PLACEMENT_3D('',#7280,#5735,#5736);
#4608=AXIS2_PLACEMENT_3D('',#7282,#5738,#5739);
#4609=AXIS2_PLACEMENT_3D('',#7284,#5741,#5742);
#4610=AXIS2_PLACEMENT_3D('',#7286,#5744,#5745);
#4611=AXIS2_PLACEMENT_3D('',#7288,#5747,#5748);
#4612=AXIS2_PLACEMENT_3D('',#7290,#5750,#5751);
#4613=AXIS2_PLACEMENT_3D('',#7299,#5757,#5758);
#4614=AXIS2_PLACEMENT_3D('',#7307,#5763,#5764);
#4615=AXIS2_PLACEMENT_3D('',#7317,#5770,#5771);
#4616=AXIS2_PLACEMENT_3D('',#7320,#5774,#5775);
#4617=AXIS2_PLACEMENT_3D('',#7322,#5777,#5778);
#4618=AXIS2_PLACEMENT_3D('',#7328,#5782,#5783);
#4619=AXIS2_PLACEMENT_3D('',#7331,#5786,#5787);
#4620=AXIS2_PLACEMENT_3D('',#7333,#5789,#5790);
#4621=AXIS2_PLACEMENT_3D('',#7337,#5793,#5794);
#4622=AXIS2_PLACEMENT_3D('',#7341,#5797,#5798);
#4623=AXIS2_PLACEMENT_3D('',#7343,#5800,#5801);
#4624=AXIS2_PLACEMENT_3D('',#7344,#5802,#5803);
#4625=AXIS2_PLACEMENT_3D('',#7345,#5804,#5805);
#4626=AXIS2_PLACEMENT_3D('',#7347,#5807,#5808);
#4627=AXIS2_PLACEMENT_3D('',#7348,#5809,#5810);
#4628=AXIS2_PLACEMENT_3D('',#7349,#5811,#5812);
#4629=DIRECTION('axis',(0.,0.,1.));
#4630=DIRECTION('refdir',(1.,0.,0.));
#4631=DIRECTION('center_axis',(0.,0.,1.));
#4632=DIRECTION('ref_axis',(-1.,0.,0.));
#4633=DIRECTION('center_axis',(0.,0.,1.));
#4634=DIRECTION('ref_axis',(1.,0.,0.));
#4635=DIRECTION('center_axis',(0.,0.,1.));
#4636=DIRECTION('ref_axis',(-1.,0.,0.));
#4637=DIRECTION('center_axis',(0.,0.,1.));
#4638=DIRECTION('ref_axis',(-1.,0.,0.));
#4639=DIRECTION('',(1.,0.,0.));
#4640=DIRECTION('center_axis',(0.,0.,1.));
#4641=DIRECTION('ref_axis',(0.707106781186547,0.707106781186547,0.));
#4642=DIRECTION('center_axis',(0.,0.,1.));
#4643=DIRECTION('ref_axis',(1.,0.,0.));
#4644=DIRECTION('',(-1.,0.,0.));
#4645=DIRECTION('',(0.,-1.,0.));
#4646=DIRECTION('center_axis',(0.,0.,1.));
#4647=DIRECTION('ref_axis',(-1.,0.,0.));
#4648=DIRECTION('',(0.,0.,-1.));
#4649=DIRECTION('center_axis',(0.,0.,1.));
#4650=DIRECTION('ref_axis',(-1.,0.,0.));
#4651=DIRECTION('center_axis',(1.,0.,0.));
#4652=DIRECTION('ref_axis',(0.,1.,0.));
#4653=DIRECTION('',(0.,1.,0.));
#4654=DIRECTION('',(0.,0.,1.));
#4655=DIRECTION('',(0.,1.,0.));
#4656=DIRECTION('',(0.,0.,1.));
#4657=DIRECTION('center_axis',(0.,-1.,0.));
#4658=DIRECTION('ref_axis',(1.,0.,0.));
#4659=DIRECTION('',(1.,0.,0.));
#4660=DIRECTION('',(1.,0.,0.));
#4661=DIRECTION('',(0.,0.,1.));
#4662=DIRECTION('center_axis',(-1.,0.,0.));
#4663=DIRECTION('ref_axis',(0.,-1.,0.));
#4664=DIRECTION('',(0.,-1.,0.));
#4665=DIRECTION('',(0.,-1.,0.));
#4666=DIRECTION('',(0.,0.,1.));
#4667=DIRECTION('center_axis',(0.,1.,0.));
#4668=DIRECTION('ref_axis',(-1.,0.,0.));
#4669=DIRECTION('',(-1.,0.,0.));
#4670=DIRECTION('',(0.,0.,1.));
#4671=DIRECTION('center_axis',(0.,0.,1.));
#4672=DIRECTION('ref_axis',(1.,0.,0.));
#4673=DIRECTION('center_axis',(0.,0.,1.));
#4674=DIRECTION('ref_axis',(1.,0.,0.));
#4675=DIRECTION('center_axis',(0.,0.,1.));
#4676=DIRECTION('ref_axis',(1.,0.,0.));
#4677=DIRECTION('center_axis',(0.,0.,1.));
#4678=DIRECTION('ref_axis',(-1.,0.,0.));
#4679=DIRECTION('center_axis',(0.,0.,1.));
#4680=DIRECTION('ref_axis',(1.,0.,0.));
#4681=DIRECTION('center_axis',(0.,0.,1.));
#4682=DIRECTION('ref_axis',(0.707106781186547,0.707106781186547,0.));
#4683=DIRECTION('',(0.,1.,0.));
#4684=DIRECTION('center_axis',(0.,0.,1.));
#4685=DIRECTION('ref_axis',(0.707106781186548,-0.707106781186547,0.));
#4686=DIRECTION('center_axis',(0.,0.,1.));
#4687=DIRECTION('ref_axis',(3.55271367880049E-15,-1.,0.));
#4688=DIRECTION('',(0.,1.,0.));
#4689=DIRECTION('',(-1.,0.,0.));
#4690=DIRECTION('',(0.,-1.,0.));
#4691=DIRECTION('',(-1.,0.,0.));
#4692=DIRECTION('',(-0.000380253151007301,0.999999927703768,0.));
#4693=DIRECTION('',(-1.,0.,0.));
#4694=DIRECTION('',(0.,1.,0.));
#4695=DIRECTION('',(-0.999999927703768,-0.000380253151007369,0.));
#4696=DIRECTION('',(0.,1.,0.));
#4697=DIRECTION('',(1.,0.,0.));
#4698=DIRECTION('',(0.,1.,0.));
#4699=DIRECTION('',(1.,0.,0.));
#4700=DIRECTION('',(-3.41607084500048E-16,1.,0.));
#4701=DIRECTION('center_axis',(0.,0.,1.));
#4702=DIRECTION('ref_axis',(1.,-8.88178419700132E-15,0.));
#4703=DIRECTION('',(-1.,0.,0.));
#4704=DIRECTION('center_axis',(0.,0.,1.));
#4705=DIRECTION('ref_axis',(0.,1.,0.));
#4706=DIRECTION('',(-6.83214169000096E-16,-1.,0.));
#4707=DIRECTION('center_axis',(0.,0.,1.));
#4708=DIRECTION('ref_axis',(-1.,0.,0.));
#4709=DIRECTION('',(1.,0.,0.));
#4710=DIRECTION('center_axis',(0.,0.,1.));
#4711=DIRECTION('ref_axis',(-1.33226762955019E-14,-1.,0.));
#4712=DIRECTION('',(-3.41607084500048E-16,1.,0.));
#4713=DIRECTION('center_axis',(0.,0.,1.));
#4714=DIRECTION('ref_axis',(1.,-8.88178419700132E-15,0.));
#4715=DIRECTION('',(-1.,0.,0.));
#4716=DIRECTION('center_axis',(0.,0.,1.));
#4717=DIRECTION('ref_axis',(0.,1.,0.));
#4718=DIRECTION('',(-6.83214169000096E-16,-1.,0.));
#4719=DIRECTION('center_axis',(0.,0.,1.));
#4720=DIRECTION('ref_axis',(-1.,0.,0.));
#4721=DIRECTION('',(1.,0.,0.));
#4722=DIRECTION('center_axis',(0.,0.,1.));
#4723=DIRECTION('ref_axis',(-1.33226762955019E-14,-1.,0.));
#4724=DIRECTION('',(-3.41607084500048E-16,1.,0.));
#4725=DIRECTION('center_axis',(0.,0.,1.));
#4726=DIRECTION('ref_axis',(1.,-8.88178419700132E-15,0.));
#4727=DIRECTION('',(-1.,0.,0.));
#4728=DIRECTION('center_axis',(0.,0.,1.));
#4729=DIRECTION('ref_axis',(0.,1.,0.));
#4730=DIRECTION('',(-6.83214169000096E-16,-1.,0.));
#4731=DIRECTION('center_axis',(0.,0.,1.));
#4732=DIRECTION('ref_axis',(-1.,0.,0.));
#4733=DIRECTION('',(1.,0.,0.));
#4734=DIRECTION('center_axis',(0.,0.,1.));
#4735=DIRECTION('ref_axis',(-1.33226762955019E-14,-1.,0.));
#4736=DIRECTION('',(-3.41607084500048E-16,1.,0.));
#4737=DIRECTION('center_axis',(0.,0.,1.));
#4738=DIRECTION('ref_axis',(1.,-8.88178419700132E-15,0.));
#4739=DIRECTION('',(-1.,0.,0.));
#4740=DIRECTION('center_axis',(0.,0.,1.));
#4741=DIRECTION('ref_axis',(0.,1.,0.));
#4742=DIRECTION('',(-6.83214169000096E-16,-1.,0.));
#4743=DIRECTION('center_axis',(0.,0.,1.));
#4744=DIRECTION('ref_axis',(-1.,0.,0.));
#4745=DIRECTION('',(1.,0.,0.));
#4746=DIRECTION('center_axis',(0.,0.,1.));
#4747=DIRECTION('ref_axis',(-1.33226762955019E-14,-1.,0.));
#4748=DIRECTION('',(-3.41607084500048E-16,1.,0.));
#4749=DIRECTION('center_axis',(0.,0.,1.));
#4750=DIRECTION('ref_axis',(1.,-8.88178419700132E-15,0.));
#4751=DIRECTION('',(-1.,0.,0.));
#4752=DIRECTION('center_axis',(0.,0.,1.));
#4753=DIRECTION('ref_axis',(0.,1.,0.));
#4754=DIRECTION('',(-6.83214169000096E-16,-1.,0.));
#4755=DIRECTION('center_axis',(0.,0.,1.));
#4756=DIRECTION('ref_axis',(-1.,0.,0.));
#4757=DIRECTION('',(1.,0.,0.));
#4758=DIRECTION('center_axis',(0.,0.,1.));
#4759=DIRECTION('ref_axis',(-1.33226762955019E-14,-1.,0.));
#4760=DIRECTION('',(-3.41607084500048E-16,1.,0.));
#4761=DIRECTION('center_axis',(0.,0.,1.));
#4762=DIRECTION('ref_axis',(1.,-8.88178419700132E-15,0.));
#4763=DIRECTION('',(-1.,0.,0.));
#4764=DIRECTION('center_axis',(0.,0.,1.));
#4765=DIRECTION('ref_axis',(0.,1.,0.));
#4766=DIRECTION('',(-6.83214169000096E-16,-1.,0.));
#4767=DIRECTION('center_axis',(0.,0.,1.));
#4768=DIRECTION('ref_axis',(-1.,0.,0.));
#4769=DIRECTION('',(1.,0.,0.));
#4770=DIRECTION('center_axis',(0.,0.,1.));
#4771=DIRECTION('ref_axis',(-1.33226762955019E-14,-1.,0.));
#4772=DIRECTION('center_axis',(0.,0.,1.));
#4773=DIRECTION('ref_axis',(-1.,0.,0.));
#4774=DIRECTION('center_axis',(0.,0.,1.));
#4775=DIRECTION('ref_axis',(1.,0.,0.));
#4776=DIRECTION('center_axis',(0.,0.,1.));
#4777=DIRECTION('ref_axis',(-1.,0.,0.));
#4778=DIRECTION('center_axis',(0.,0.,1.));
#4779=DIRECTION('ref_axis',(-1.,0.,0.));
#4780=DIRECTION('',(0.,0.,-1.));
#4781=DIRECTION('center_axis',(0.,0.,1.));
#4782=DIRECTION('ref_axis',(-1.,0.,0.));
#4783=DIRECTION('center_axis',(1.,0.,0.));
#4784=DIRECTION('ref_axis',(0.,1.,0.));
#4785=DIRECTION('',(0.,-1.,0.));
#4786=DIRECTION('',(0.,0.,1.));
#4787=DIRECTION('',(0.,1.,0.));
#4788=DIRECTION('',(0.,0.,1.));
#4789=DIRECTION('center_axis',(0.,-1.,0.));
#4790=DIRECTION('ref_axis',(1.,0.,0.));
#4791=DIRECTION('',(-1.,0.,0.));
#4792=DIRECTION('',(1.,0.,0.));
#4793=DIRECTION('',(0.,0.,1.));
#4794=DIRECTION('center_axis',(-1.,0.,0.));
#4795=DIRECTION('ref_axis',(0.,-1.,0.));
#4796=DIRECTION('',(0.,1.,0.));
#4797=DIRECTION('',(0.,-1.,0.));
#4798=DIRECTION('',(0.,0.,1.));
#4799=DIRECTION('center_axis',(0.,0.,1.));
#4800=DIRECTION('ref_axis',(6.10622663543836E-16,1.,0.));
#4801=DIRECTION('center_axis',(0.,0.,1.));
#4802=DIRECTION('ref_axis',(6.10622663543836E-16,1.,0.));
#4803=DIRECTION('center_axis',(0.,0.,1.));
#4804=DIRECTION('ref_axis',(6.10622663543836E-16,1.,0.));
#4805=DIRECTION('',(0.,0.,1.));
#4806=DIRECTION('center_axis',(0.,1.,0.));
#4807=DIRECTION('ref_axis',(-1.,0.,0.));
#4808=DIRECTION('',(1.,0.,0.));
#4809=DIRECTION('',(-1.,0.,0.));
#4810=DIRECTION('center_axis',(0.,0.,1.));
#4811=DIRECTION('ref_axis',(-1.,0.,0.));
#4812=DIRECTION('',(1.,0.,0.));
#4813=DIRECTION('',(0.,1.,0.));
#4814=DIRECTION('center_axis',(0.,0.,1.));
#4815=DIRECTION('ref_axis',(-0.707106781186547,0.707106781186547,0.));
#4816=DIRECTION('center_axis',(0.,0.,1.));
#4817=DIRECTION('ref_axis',(-1.,0.,0.));
#4818=DIRECTION('center_axis',(0.,0.,1.));
#4819=DIRECTION('ref_axis',(-1.,0.,0.));
#4820=DIRECTION('center_axis',(0.,0.,1.));
#4821=DIRECTION('ref_axis',(1.,0.,0.));
#4822=DIRECTION('center_axis',(0.,0.,1.));
#4823=DIRECTION('ref_axis',(-1.,0.,0.));
#4824=DIRECTION('center_axis',(0.,0.,1.));
#4825=DIRECTION('ref_axis',(-1.,0.,0.));
#4826=DIRECTION('center_axis',(0.,0.,1.));
#4827=DIRECTION('ref_axis',(0.707106781186548,-0.707106781186547,0.));
#4828=DIRECTION('',(-1.,0.,0.));
#4829=DIRECTION('',(0.,-1.,0.));
#4830=DIRECTION('',(1.,-1.02183435308344E-16,0.));
#4831=DIRECTION('center_axis',(0.,0.,1.));
#4832=DIRECTION('ref_axis',(3.55271367880049E-15,-1.,0.));
#4833=DIRECTION('center_axis',(0.,0.,1.));
#4834=DIRECTION('ref_axis',(-1.,0.,0.));
#4835=DIRECTION('',(0.,0.,-1.));
#4836=DIRECTION('center_axis',(0.,0.,1.));
#4837=DIRECTION('ref_axis',(-1.,0.,0.));
#4838=DIRECTION('center_axis',(-1.02183435308344E-16,-1.,0.));
#4839=DIRECTION('ref_axis',(1.,-1.02183435308344E-16,0.));
#4840=DIRECTION('',(1.,-1.02183435308344E-16,0.));
#4841=DIRECTION('',(0.,0.,1.));
#4842=DIRECTION('',(0.,0.,1.));
#4843=DIRECTION('center_axis',(-1.,0.,0.));
#4844=DIRECTION('ref_axis',(0.,-1.,0.));
#4845=DIRECTION('',(0.,-1.,0.));
#4846=DIRECTION('',(0.,0.,1.));
#4847=DIRECTION('center_axis',(0.,1.,0.));
#4848=DIRECTION('ref_axis',(-1.,0.,0.));
#4849=DIRECTION('',(-1.,0.,0.));
#4850=DIRECTION('',(0.,0.,1.));
#4851=DIRECTION('center_axis',(1.,0.,0.));
#4852=DIRECTION('ref_axis',(0.,1.,0.));
#4853=DIRECTION('',(0.,1.,0.));
#4854=DIRECTION('',(0.,0.,1.));
#4855=DIRECTION('center_axis',(0.,0.,1.));
#4856=DIRECTION('ref_axis',(3.55271367880049E-15,-1.,0.));
#4857=DIRECTION('center_axis',(0.,0.,1.));
#4858=DIRECTION('ref_axis',(3.55271367880049E-15,-1.,0.));
#4859=DIRECTION('center_axis',(0.,0.,1.));
#4860=DIRECTION('ref_axis',(-1.,0.,0.));
#4861=DIRECTION('center_axis',(0.,0.,1.));
#4862=DIRECTION('ref_axis',(-1.,0.,0.));
#4863=DIRECTION('center_axis',(0.,0.,1.));
#4864=DIRECTION('ref_axis',(-1.,0.,0.));
#4865=DIRECTION('center_axis',(0.,0.,1.));
#4866=DIRECTION('ref_axis',(-1.,0.,0.));
#4867=DIRECTION('center_axis',(0.,0.,1.));
#4868=DIRECTION('ref_axis',(-1.,0.,0.));
#4869=DIRECTION('',(0.,1.,0.));
#4870=DIRECTION('',(-0.999999927703768,-0.000380253151007369,0.));
#4871=DIRECTION('',(0.000380253151007399,-0.999999927703768,0.));
#4872=DIRECTION('center_axis',(0.,0.,1.));
#4873=DIRECTION('ref_axis',(-1.,0.,0.));
#4874=DIRECTION('',(0.,0.,-1.));
#4875=DIRECTION('center_axis',(0.,0.,1.));
#4876=DIRECTION('ref_axis',(-1.,0.,0.));
#4877=DIRECTION('center_axis',(-0.999999927703768,-0.000380253151007399,
0.));
#4878=DIRECTION('ref_axis',(0.000380253151007399,-0.999999927703768,0.));
#4879=DIRECTION('',(0.000380253151007399,-0.999999927703768,0.));
#4880=DIRECTION('',(0.,0.,1.));
#4881=DIRECTION('',(0.000380253151007399,-0.999999927703768,0.));
#4882=DIRECTION('',(0.,0.,1.));
#4883=DIRECTION('center_axis',(-0.000380253151007369,0.999999927703768,
0.));
#4884=DIRECTION('ref_axis',(-0.999999927703768,-0.000380253151007369,0.));
#4885=DIRECTION('',(-0.999999927703768,-0.000380253151007369,0.));
#4886=DIRECTION('',(0.,0.,1.));
#4887=DIRECTION('center_axis',(1.,0.,0.));
#4888=DIRECTION('ref_axis',(0.,1.,0.));
#4889=DIRECTION('',(0.,1.,0.));
#4890=DIRECTION('',(0.,0.,1.));
#4891=DIRECTION('center_axis',(0.,1.,0.));
#4892=DIRECTION('ref_axis',(-1.,0.,0.));
#4893=DIRECTION('',(-1.,0.,0.));
#4894=DIRECTION('',(0.,0.,1.));
#4895=DIRECTION('center_axis',(0.999999927703768,0.000380253151007301,0.));
#4896=DIRECTION('ref_axis',(-0.000380253151007301,0.999999927703768,0.));
#4897=DIRECTION('',(-0.000380253151007301,0.999999927703768,0.));
#4898=DIRECTION('',(-0.000380253151007301,0.999999927703768,0.));
#4899=DIRECTION('',(0.,0.,1.));
#4900=DIRECTION('center_axis',(-1.34956910548247E-17,-1.,0.));
#4901=DIRECTION('ref_axis',(1.,-1.34956910548247E-17,0.));
#4902=DIRECTION('',(1.,-1.34956910548247E-17,0.));
#4903=DIRECTION('',(1.,-1.34956910548247E-17,0.));
#4904=DIRECTION('',(0.,0.,1.));
#4905=DIRECTION('center_axis',(0.,0.,1.));
#4906=DIRECTION('ref_axis',(-1.,-1.66533453693773E-16,0.));
#4907=DIRECTION('center_axis',(0.,0.,1.));
#4908=DIRECTION('ref_axis',(-1.,-1.66533453693773E-16,0.));
#4909=DIRECTION('center_axis',(0.,0.,1.));
#4910=DIRECTION('ref_axis',(-1.,-1.66533453693773E-16,0.));
#4911=DIRECTION('',(0.,0.,1.));
#4912=DIRECTION('center_axis',(0.,0.,1.));
#4913=DIRECTION('ref_axis',(-0.999999927703768,-0.000380253151007038,0.));
#4914=DIRECTION('center_axis',(0.,0.,1.));
#4915=DIRECTION('ref_axis',(-0.999999927703768,-0.000380253151007038,0.));
#4916=DIRECTION('center_axis',(0.,0.,1.));
#4917=DIRECTION('ref_axis',(-0.999999927703768,-0.000380253151007038,0.));
#4918=DIRECTION('center_axis',(0.,0.,1.));
#4919=DIRECTION('ref_axis',(-0.999999927703768,-0.000380253151007038,0.));
#4920=DIRECTION('center_axis',(0.,0.,1.));
#4921=DIRECTION('ref_axis',(-1.,0.,0.));
#4922=DIRECTION('center_axis',(0.,0.,1.));
#4923=DIRECTION('ref_axis',(-0.707106781186548,-0.707106781186547,0.));
#4924=DIRECTION('',(-1.,0.,0.));
#4925=DIRECTION('center_axis',(0.,0.,1.));
#4926=DIRECTION('ref_axis',(-1.,0.,0.));
#4927=DIRECTION('center_axis',(0.,0.,1.));
#4928=DIRECTION('ref_axis',(1.,0.,0.));
#4929=DIRECTION('center_axis',(0.,0.,1.));
#4930=DIRECTION('ref_axis',(-0.707106781186548,-0.707106781186547,0.));
#4931=DIRECTION('',(0.,1.,0.));
#4932=DIRECTION('center_axis',(0.,0.,-1.));
#4933=DIRECTION('ref_axis',(-0.707106781186547,0.707106781186547,0.));
#4934=DIRECTION('',(0.,0.,1.));
#4935=DIRECTION('center_axis',(0.,0.,-1.));
#4936=DIRECTION('ref_axis',(-0.707106781186547,0.707106781186547,0.));
#4937=DIRECTION('',(0.,0.,-1.));
#4938=DIRECTION('center_axis',(0.,0.,1.));
#4939=DIRECTION('ref_axis',(1.,0.,0.));
#4940=DIRECTION('',(0.,1.,0.));
#4941=DIRECTION('center_axis',(0.,0.,-1.));
#4942=DIRECTION('ref_axis',(-0.707106781186548,-0.707106781186547,0.));
#4943=DIRECTION('',(-1.,0.,0.));
#4944=DIRECTION('center_axis',(0.,0.,-1.));
#4945=DIRECTION('ref_axis',(0.707106781186548,-0.707106781186547,0.));
#4946=DIRECTION('',(0.,-1.,0.));
#4947=DIRECTION('center_axis',(0.,0.,-1.));
#4948=DIRECTION('ref_axis',(0.707106781186547,0.707106781186547,0.));
#4949=DIRECTION('',(1.,0.,0.));
#4950=DIRECTION('center_axis',(0.,0.,-1.));
#4951=DIRECTION('ref_axis',(1.,0.,0.));
#4952=DIRECTION('',(3.41607084500048E-16,-1.,0.));
#4953=DIRECTION('center_axis',(0.,0.,-1.));
#4954=DIRECTION('ref_axis',(-1.33226762955019E-14,-1.,0.));
#4955=DIRECTION('',(-1.,0.,0.));
#4956=DIRECTION('center_axis',(0.,0.,-1.));
#4957=DIRECTION('ref_axis',(-1.,0.,0.));
#4958=DIRECTION('',(6.83214169000096E-16,1.,0.));
#4959=DIRECTION('center_axis',(0.,0.,-1.));
#4960=DIRECTION('ref_axis',(0.,1.,0.));
#4961=DIRECTION('',(1.,0.,0.));
#4962=DIRECTION('center_axis',(0.,0.,-1.));
#4963=DIRECTION('ref_axis',(1.,-8.88178419700132E-15,0.));
#4964=DIRECTION('',(3.41607084500048E-16,-1.,0.));
#4965=DIRECTION('center_axis',(0.,0.,-1.));
#4966=DIRECTION('ref_axis',(-1.33226762955019E-14,-1.,0.));
#4967=DIRECTION('',(-1.,0.,0.));
#4968=DIRECTION('center_axis',(0.,0.,-1.));
#4969=DIRECTION('ref_axis',(-1.,0.,0.));
#4970=DIRECTION('',(6.83214169000096E-16,1.,0.));
#4971=DIRECTION('center_axis',(0.,0.,-1.));
#4972=DIRECTION('ref_axis',(0.,1.,0.));
#4973=DIRECTION('',(1.,0.,0.));
#4974=DIRECTION('center_axis',(0.,0.,-1.));
#4975=DIRECTION('ref_axis',(1.,-8.88178419700132E-15,0.));
#4976=DIRECTION('',(3.41607084500048E-16,-1.,0.));
#4977=DIRECTION('center_axis',(0.,0.,-1.));
#4978=DIRECTION('ref_axis',(-1.33226762955019E-14,-1.,0.));
#4979=DIRECTION('',(-1.,0.,0.));
#4980=DIRECTION('center_axis',(0.,0.,-1.));
#4981=DIRECTION('ref_axis',(-1.,0.,0.));
#4982=DIRECTION('',(6.83214169000096E-16,1.,0.));
#4983=DIRECTION('center_axis',(0.,0.,-1.));
#4984=DIRECTION('ref_axis',(0.,1.,0.));
#4985=DIRECTION('',(1.,0.,0.));
#4986=DIRECTION('center_axis',(0.,0.,-1.));
#4987=DIRECTION('ref_axis',(1.,-8.88178419700132E-15,0.));
#4988=DIRECTION('',(3.41607084500048E-16,-1.,0.));
#4989=DIRECTION('center_axis',(0.,0.,-1.));
#4990=DIRECTION('ref_axis',(-1.33226762955019E-14,-1.,0.));
#4991=DIRECTION('',(-1.,0.,0.));
#4992=DIRECTION('center_axis',(0.,0.,-1.));
#4993=DIRECTION('ref_axis',(-1.,0.,0.));
#4994=DIRECTION('',(6.83214169000096E-16,1.,0.));
#4995=DIRECTION('center_axis',(0.,0.,-1.));
#4996=DIRECTION('ref_axis',(0.,1.,0.));
#4997=DIRECTION('',(1.,0.,0.));
#4998=DIRECTION('center_axis',(0.,0.,-1.));
#4999=DIRECTION('ref_axis',(1.,-8.88178419700132E-15,0.));
#5000=DIRECTION('',(3.41607084500048E-16,-1.,0.));
#5001=DIRECTION('center_axis',(0.,0.,-1.));
#5002=DIRECTION('ref_axis',(-1.33226762955019E-14,-1.,0.));
#5003=DIRECTION('',(-1.,0.,0.));
#5004=DIRECTION('center_axis',(0.,0.,-1.));
#5005=DIRECTION('ref_axis',(-1.,0.,0.));
#5006=DIRECTION('',(6.83214169000096E-16,1.,0.));
#5007=DIRECTION('center_axis',(0.,0.,-1.));
#5008=DIRECTION('ref_axis',(0.,1.,0.));
#5009=DIRECTION('',(1.,0.,0.));
#5010=DIRECTION('center_axis',(0.,0.,-1.));
#5011=DIRECTION('ref_axis',(1.,-8.88178419700132E-15,0.));
#5012=DIRECTION('',(3.41607084500048E-16,-1.,0.));
#5013=DIRECTION('center_axis',(0.,0.,-1.));
#5014=DIRECTION('ref_axis',(-1.33226762955019E-14,-1.,0.));
#5015=DIRECTION('',(-1.,0.,0.));
#5016=DIRECTION('center_axis',(0.,0.,-1.));
#5017=DIRECTION('ref_axis',(-1.,0.,0.));
#5018=DIRECTION('',(6.83214169000096E-16,1.,0.));
#5019=DIRECTION('center_axis',(0.,0.,-1.));
#5020=DIRECTION('ref_axis',(0.,1.,0.));
#5021=DIRECTION('',(1.,0.,0.));
#5022=DIRECTION('center_axis',(0.,0.,-1.));
#5023=DIRECTION('ref_axis',(1.,-8.88178419700132E-15,0.));
#5024=DIRECTION('center_axis',(0.,0.,-1.));
#5025=DIRECTION('ref_axis',(1.,0.,0.));
#5026=DIRECTION('center_axis',(0.,0.,-1.));
#5027=DIRECTION('ref_axis',(-1.,0.,0.));
#5028=DIRECTION('center_axis',(0.,0.,-1.));
#5029=DIRECTION('ref_axis',(1.,0.,0.));
#5030=DIRECTION('center_axis',(-1.,0.,0.));
#5031=DIRECTION('ref_axis',(0.,1.,0.));
#5032=DIRECTION('',(0.,0.,-1.));
#5033=DIRECTION('center_axis',(0.,0.,1.));
#5034=DIRECTION('ref_axis',(-0.707106781186548,-0.707106781186547,0.));
#5035=DIRECTION('',(0.,0.,1.));
#5036=DIRECTION('center_axis',(0.,0.,-1.));
#5037=DIRECTION('ref_axis',(0.707106781186548,-0.707106781186547,0.));
#5038=DIRECTION('',(0.,0.,1.));
#5039=DIRECTION('',(0.,0.,-1.));
#5040=DIRECTION('center_axis',(1.,0.,0.));
#5041=DIRECTION('ref_axis',(0.,0.,-1.));
#5042=DIRECTION('',(0.,0.,-1.));
#5043=DIRECTION('center_axis',(0.,0.,1.));
#5044=DIRECTION('ref_axis',(0.707106781186547,0.707106781186547,0.));
#5045=DIRECTION('',(0.,0.,1.));
#5046=DIRECTION('center_axis',(0.,1.,0.));
#5047=DIRECTION('ref_axis',(1.,0.,0.));
#5048=DIRECTION('center_axis',(0.,0.,1.));
#5049=DIRECTION('ref_axis',(1.,0.,0.));
#5050=DIRECTION('',(0.,0.,1.));
#5051=DIRECTION('center_axis',(0.,0.,1.));
#5052=DIRECTION('ref_axis',(1.,0.,0.));
#5053=DIRECTION('',(0.,0.,1.));
#5054=DIRECTION('center_axis',(0.,0.,1.));
#5055=DIRECTION('ref_axis',(-1.,0.,0.));
#5056=DIRECTION('',(0.,0.,1.));
#5057=DIRECTION('center_axis',(0.,0.,1.));
#5058=DIRECTION('ref_axis',(1.,0.,0.));
#5059=DIRECTION('',(0.,0.,1.));
#5060=DIRECTION('center_axis',(0.,-1.,0.));
#5061=DIRECTION('ref_axis',(-1.,0.,0.));
#5062=DIRECTION('center_axis',(-1.,6.83214169000096E-16,0.));
#5063=DIRECTION('ref_axis',(-6.83214169000096E-16,-1.,0.));
#5064=DIRECTION('',(0.,0.,1.));
#5065=DIRECTION('',(0.,0.,1.));
#5066=DIRECTION('center_axis',(0.,0.,1.));
#5067=DIRECTION('ref_axis',(0.,1.,0.));
#5068=DIRECTION('',(0.,0.,1.));
#5069=DIRECTION('center_axis',(0.,1.,0.));
#5070=DIRECTION('ref_axis',(-1.,0.,0.));
#5071=DIRECTION('',(0.,0.,1.));
#5072=DIRECTION('center_axis',(0.,0.,1.));
#5073=DIRECTION('ref_axis',(1.,-8.88178419700132E-15,0.));
#5074=DIRECTION('',(0.,0.,1.));
#5075=DIRECTION('center_axis',(1.,3.41607084500048E-16,0.));
#5076=DIRECTION('ref_axis',(-3.41607084500048E-16,1.,0.));
#5077=DIRECTION('',(0.,0.,1.));
#5078=DIRECTION('center_axis',(0.,0.,1.));
#5079=DIRECTION('ref_axis',(-1.33226762955019E-14,-1.,0.));
#5080=DIRECTION('',(0.,0.,1.));
#5081=DIRECTION('center_axis',(0.,-1.,0.));
#5082=DIRECTION('ref_axis',(1.,0.,0.));
#5083=DIRECTION('',(0.,0.,1.));
#5084=DIRECTION('center_axis',(0.,0.,1.));
#5085=DIRECTION('ref_axis',(-1.,0.,0.));
#5086=DIRECTION('center_axis',(-1.,6.83214169000096E-16,0.));
#5087=DIRECTION('ref_axis',(-6.83214169000096E-16,-1.,0.));
#5088=DIRECTION('',(0.,0.,1.));
#5089=DIRECTION('',(0.,0.,1.));
#5090=DIRECTION('center_axis',(0.,0.,1.));
#5091=DIRECTION('ref_axis',(0.,1.,0.));
#5092=DIRECTION('',(0.,0.,1.));
#5093=DIRECTION('center_axis',(0.,1.,0.));
#5094=DIRECTION('ref_axis',(-1.,0.,0.));
#5095=DIRECTION('',(0.,0.,1.));
#5096=DIRECTION('center_axis',(0.,0.,1.));
#5097=DIRECTION('ref_axis',(1.,-8.88178419700132E-15,0.));
#5098=DIRECTION('',(0.,0.,1.));
#5099=DIRECTION('center_axis',(1.,3.41607084500048E-16,0.));
#5100=DIRECTION('ref_axis',(-3.41607084500048E-16,1.,0.));
#5101=DIRECTION('',(0.,0.,1.));
#5102=DIRECTION('center_axis',(0.,0.,1.));
#5103=DIRECTION('ref_axis',(-1.33226762955019E-14,-1.,0.));
#5104=DIRECTION('',(0.,0.,1.));
#5105=DIRECTION('center_axis',(0.,-1.,0.));
#5106=DIRECTION('ref_axis',(1.,0.,0.));
#5107=DIRECTION('',(0.,0.,1.));
#5108=DIRECTION('center_axis',(0.,0.,1.));
#5109=DIRECTION('ref_axis',(-1.,0.,0.));
#5110=DIRECTION('center_axis',(-1.,6.83214169000096E-16,0.));
#5111=DIRECTION('ref_axis',(-6.83214169000096E-16,-1.,0.));
#5112=DIRECTION('',(0.,0.,1.));
#5113=DIRECTION('',(0.,0.,1.));
#5114=DIRECTION('center_axis',(0.,0.,1.));
#5115=DIRECTION('ref_axis',(0.,1.,0.));
#5116=DIRECTION('',(0.,0.,1.));
#5117=DIRECTION('center_axis',(0.,1.,0.));
#5118=DIRECTION('ref_axis',(-1.,0.,0.));
#5119=DIRECTION('',(0.,0.,1.));
#5120=DIRECTION('center_axis',(0.,0.,1.));
#5121=DIRECTION('ref_axis',(1.,-8.88178419700132E-15,0.));
#5122=DIRECTION('',(0.,0.,1.));
#5123=DIRECTION('center_axis',(1.,3.41607084500048E-16,0.));
#5124=DIRECTION('ref_axis',(-3.41607084500048E-16,1.,0.));
#5125=DIRECTION('',(0.,0.,1.));
#5126=DIRECTION('center_axis',(0.,0.,1.));
#5127=DIRECTION('ref_axis',(-1.33226762955019E-14,-1.,0.));
#5128=DIRECTION('',(0.,0.,1.));
#5129=DIRECTION('center_axis',(0.,-1.,0.));
#5130=DIRECTION('ref_axis',(1.,0.,0.));
#5131=DIRECTION('',(0.,0.,1.));
#5132=DIRECTION('center_axis',(0.,0.,1.));
#5133=DIRECTION('ref_axis',(-1.,0.,0.));
#5134=DIRECTION('center_axis',(-1.,6.83214169000096E-16,0.));
#5135=DIRECTION('ref_axis',(-6.83214169000096E-16,-1.,0.));
#5136=DIRECTION('',(0.,0.,1.));
#5137=DIRECTION('',(0.,0.,1.));
#5138=DIRECTION('center_axis',(0.,0.,1.));
#5139=DIRECTION('ref_axis',(0.,1.,0.));
#5140=DIRECTION('',(0.,0.,1.));
#5141=DIRECTION('center_axis',(0.,1.,0.));
#5142=DIRECTION('ref_axis',(-1.,0.,0.));
#5143=DIRECTION('',(0.,0.,1.));
#5144=DIRECTION('center_axis',(0.,0.,1.));
#5145=DIRECTION('ref_axis',(1.,-8.88178419700132E-15,0.));
#5146=DIRECTION('',(0.,0.,1.));
#5147=DIRECTION('center_axis',(1.,3.41607084500048E-16,0.));
#5148=DIRECTION('ref_axis',(-3.41607084500048E-16,1.,0.));
#5149=DIRECTION('',(0.,0.,1.));
#5150=DIRECTION('center_axis',(0.,0.,1.));
#5151=DIRECTION('ref_axis',(-1.33226762955019E-14,-1.,0.));
#5152=DIRECTION('',(0.,0.,1.));
#5153=DIRECTION('center_axis',(0.,-1.,0.));
#5154=DIRECTION('ref_axis',(1.,0.,0.));
#5155=DIRECTION('',(0.,0.,1.));
#5156=DIRECTION('center_axis',(0.,0.,1.));
#5157=DIRECTION('ref_axis',(-1.,0.,0.));
#5158=DIRECTION('center_axis',(-1.,6.83214169000096E-16,0.));
#5159=DIRECTION('ref_axis',(-6.83214169000096E-16,-1.,0.));
#5160=DIRECTION('',(0.,0.,1.));
#5161=DIRECTION('',(0.,0.,1.));
#5162=DIRECTION('center_axis',(0.,0.,1.));
#5163=DIRECTION('ref_axis',(0.,1.,0.));
#5164=DIRECTION('',(0.,0.,1.));
#5165=DIRECTION('center_axis',(0.,1.,0.));
#5166=DIRECTION('ref_axis',(-1.,0.,0.));
#5167=DIRECTION('',(0.,0.,1.));
#5168=DIRECTION('center_axis',(0.,0.,1.));
#5169=DIRECTION('ref_axis',(1.,-8.88178419700132E-15,0.));
#5170=DIRECTION('',(0.,0.,1.));
#5171=DIRECTION('center_axis',(1.,3.41607084500048E-16,0.));
#5172=DIRECTION('ref_axis',(-3.41607084500048E-16,1.,0.));
#5173=DIRECTION('',(0.,0.,1.));
#5174=DIRECTION('center_axis',(0.,0.,1.));
#5175=DIRECTION('ref_axis',(-1.33226762955019E-14,-1.,0.));
#5176=DIRECTION('',(0.,0.,1.));
#5177=DIRECTION('center_axis',(0.,-1.,0.));
#5178=DIRECTION('ref_axis',(1.,0.,0.));
#5179=DIRECTION('',(0.,0.,1.));
#5180=DIRECTION('center_axis',(0.,0.,1.));
#5181=DIRECTION('ref_axis',(-1.,0.,0.));
#5182=DIRECTION('center_axis',(-1.,6.83214169000096E-16,0.));
#5183=DIRECTION('ref_axis',(-6.83214169000096E-16,-1.,0.));
#5184=DIRECTION('',(0.,0.,1.));
#5185=DIRECTION('',(0.,0.,1.));
#5186=DIRECTION('center_axis',(0.,0.,1.));
#5187=DIRECTION('ref_axis',(0.,1.,0.));
#5188=DIRECTION('',(0.,0.,1.));
#5189=DIRECTION('center_axis',(0.,1.,0.));
#5190=DIRECTION('ref_axis',(-1.,0.,0.));
#5191=DIRECTION('',(0.,0.,1.));
#5192=DIRECTION('center_axis',(0.,0.,1.));
#5193=DIRECTION('ref_axis',(1.,-8.88178419700132E-15,0.));
#5194=DIRECTION('',(0.,0.,1.));
#5195=DIRECTION('center_axis',(1.,3.41607084500048E-16,0.));
#5196=DIRECTION('ref_axis',(-3.41607084500048E-16,1.,0.));
#5197=DIRECTION('',(0.,0.,1.));
#5198=DIRECTION('center_axis',(0.,0.,1.));
#5199=DIRECTION('ref_axis',(-1.33226762955019E-14,-1.,0.));
#5200=DIRECTION('',(0.,0.,1.));
#5201=DIRECTION('center_axis',(0.,-1.,0.));
#5202=DIRECTION('ref_axis',(1.,0.,0.));
#5203=DIRECTION('',(0.,0.,1.));
#5204=DIRECTION('center_axis',(0.,0.,1.));
#5205=DIRECTION('ref_axis',(-1.,0.,0.));
#5206=DIRECTION('center_axis',(0.,-1.,0.));
#5207=DIRECTION('ref_axis',(0.707106781186547,0.,-0.707106781186547));
#5208=DIRECTION('center_axis',(0.,-0.864274801953705,0.503019946630235));
#5209=DIRECTION('ref_axis',(0.,-0.503019946630235,-0.864274801953705));
#5210=DIRECTION('',(0.,1.,0.));
#5211=DIRECTION('center_axis',(1.47287117351644E-17,-0.864287148148662,
0.50299873314458));
#5212=DIRECTION('ref_axis',(0.,-0.50299873314458,-0.864287148148662));
#5213=DIRECTION('',(0.,-1.,0.));
#5214=DIRECTION('center_axis',(1.,0.,0.));
#5215=DIRECTION('ref_axis',(0.,1.,0.));
#5216=DIRECTION('',(0.,0.503019946630235,0.864274801953705));
#5217=DIRECTION('',(0.,0.50299873314458,0.864287148148662));
#5218=DIRECTION('',(0.,1.,0.));
#5219=DIRECTION('center_axis',(0.,1.,0.));
#5220=DIRECTION('ref_axis',(0.707106781186547,0.,0.707106781186547));
#5221=DIRECTION('center_axis',(0.,-0.864274801953705,0.503019946630235));
#5222=DIRECTION('ref_axis',(0.,0.503019946630235,0.864274801953705));
#5223=DIRECTION('center_axis',(1.47287117351644E-17,-0.864287148148662,
0.50299873314458));
#5224=DIRECTION('ref_axis',(0.,0.50299873314458,0.864287148148662));
#5225=DIRECTION('',(0.,-1.,0.));
#5226=DIRECTION('center_axis',(0.,0.,1.));
#5227=DIRECTION('ref_axis',(1.,0.,0.));
#5228=DIRECTION('',(-1.,0.,0.));
#5229=DIRECTION('',(-1.,-1.70414563802249E-17,0.));
#5230=DIRECTION('',(0.,1.,0.));
#5231=DIRECTION('center_axis',(0.,0.,1.));
#5232=DIRECTION('ref_axis',(1.,0.,0.));
#5233=DIRECTION('',(-1.,0.,0.));
#5234=DIRECTION('',(0.,-1.,0.));
#5235=DIRECTION('',(-1.,-1.70414563802249E-17,0.));
#5236=DIRECTION('center_axis',(0.,1.,0.));
#5237=DIRECTION('ref_axis',(-0.707106781186547,0.,-0.707106781186547));
#5238=DIRECTION('center_axis',(0.,-0.864274801953705,0.503019946630235));
#5239=DIRECTION('ref_axis',(0.,-0.503019946630235,-0.864274801953705));
#5240=DIRECTION('',(0.,1.,0.));
#5241=DIRECTION('center_axis',(1.47287117351644E-17,-0.864287148148662,
0.50299873314458));
#5242=DIRECTION('ref_axis',(0.,-0.50299873314458,-0.864287148148662));
#5243=DIRECTION('center_axis',(0.,-1.,0.));
#5244=DIRECTION('ref_axis',(-0.707106781186547,0.,0.707106781186547));
#5245=DIRECTION('center_axis',(0.,-0.864274801953705,0.503019946630235));
#5246=DIRECTION('ref_axis',(0.,0.503019946630235,0.864274801953705));
#5247=DIRECTION('center_axis',(1.47287117351644E-17,-0.864287148148662,
0.50299873314458));
#5248=DIRECTION('ref_axis',(0.,0.50299873314458,0.864287148148662));
#5249=DIRECTION('',(0.,-1.,0.));
#5250=DIRECTION('center_axis',(-1.,0.,0.));
#5251=DIRECTION('ref_axis',(0.,-1.,0.));
#5252=DIRECTION('',(0.,-0.503019946630235,-0.864274801953705));
#5253=DIRECTION('',(0.,-0.50299873314458,-0.864287148148662));
#5254=DIRECTION('center_axis',(0.,0.,-1.));
#5255=DIRECTION('ref_axis',(-1.,0.,0.));
#5256=DIRECTION('center_axis',(0.,0.,-1.));
#5257=DIRECTION('ref_axis',(1.,0.,0.));
#5258=DIRECTION('center_axis',(0.,0.,-1.));
#5259=DIRECTION('ref_axis',(-1.,0.,0.));
#5260=DIRECTION('center_axis',(0.,0.,-1.));
#5261=DIRECTION('ref_axis',(1.,0.,0.));
#5262=DIRECTION('center_axis',(0.,0.,-1.));
#5263=DIRECTION('ref_axis',(-1.,0.,0.));
#5264=DIRECTION('center_axis',(0.,0.,-1.));
#5265=DIRECTION('ref_axis',(1.,0.,0.));
#5266=DIRECTION('center_axis',(0.,0.,-1.));
#5267=DIRECTION('ref_axis',(-1.,0.,0.));
#5268=DIRECTION('center_axis',(0.,0.,-1.));
#5269=DIRECTION('ref_axis',(1.,0.,0.));
#5270=DIRECTION('center_axis',(-1.,0.,0.));
#5271=DIRECTION('ref_axis',(0.,-1.,0.));
#5272=DIRECTION('',(6.4792651885451E-19,-0.503045711597234,0.864259805870684));
#5273=DIRECTION('',(0.,-1.,0.));
#5274=DIRECTION('',(0.,0.,-1.));
#5275=DIRECTION('',(0.,1.,0.));
#5276=DIRECTION('center_axis',(0.,0.,1.));
#5277=DIRECTION('ref_axis',(1.,0.,0.));
#5278=DIRECTION('center_axis',(0.,-0.864287148148663,-0.502998733144579));
#5279=DIRECTION('ref_axis',(0.,0.502998733144579,-0.864287148148663));
#5280=DIRECTION('center_axis',(0.,0.,1.));
#5281=DIRECTION('ref_axis',(1.,0.,0.));
#5282=DIRECTION('center_axis',(-0.872900693143229,-1.47175788012976E-17,
-0.487897919559072));
#5283=DIRECTION('ref_axis',(0.487897919559072,0.,-0.872900693143229));
#5284=DIRECTION('center_axis',(0.,-1.,0.));
#5285=DIRECTION('ref_axis',(1.,0.,0.));
#5286=DIRECTION('',(-0.503019946630235,0.,0.864274801953705));
#5287=DIRECTION('',(-1.,0.,0.));
#5288=DIRECTION('',(0.,0.,1.));
#5289=DIRECTION('',(1.,0.,0.));
#5290=DIRECTION('center_axis',(0.,0.,1.));
#5291=DIRECTION('ref_axis',(-1.,0.,0.));
#5292=DIRECTION('',(-1.,0.,0.));
#5293=DIRECTION('',(4.80584423635263E-19,1.,0.));
#5294=DIRECTION('',(-1.,0.,0.));
#5295=DIRECTION('',(0.,-1.,0.));
#5296=DIRECTION('center_axis',(0.,0.,1.));
#5297=DIRECTION('ref_axis',(1.,0.,0.));
#5298=DIRECTION('center_axis',(0.,0.,1.));
#5299=DIRECTION('ref_axis',(0.,1.,0.));
#5300=DIRECTION('',(0.,-1.,0.));
#5301=DIRECTION('',(1.,0.,0.));
#5302=DIRECTION('',(0.,1.,0.));
#5303=DIRECTION('center_axis',(0.,0.,1.));
#5304=DIRECTION('ref_axis',(0.,1.,0.));
#5305=DIRECTION('',(-1.,0.,0.));
#5306=DIRECTION('',(0.,-1.,0.));
#5307=DIRECTION('',(1.,-1.0798383657293E-18,0.));
#5308=DIRECTION('center_axis',(0.,0.,-1.));
#5309=DIRECTION('ref_axis',(-1.,0.,0.));
#5310=DIRECTION('center_axis',(0.,0.,-1.));
#5311=DIRECTION('ref_axis',(1.,0.,0.));
#5312=DIRECTION('center_axis',(0.,0.,1.));
#5313=DIRECTION('ref_axis',(1.,0.,0.));
#5314=DIRECTION('center_axis',(0.,-1.,0.));
#5315=DIRECTION('ref_axis',(1.,0.,0.));
#5316=DIRECTION('',(-0.503019946630235,0.,-0.864274801953705));
#5317=DIRECTION('',(-1.,0.,0.));
#5318=DIRECTION('',(0.,0.,-1.));
#5319=DIRECTION('',(-1.,0.,0.));
#5320=DIRECTION('center_axis',(1.,0.,0.));
#5321=DIRECTION('ref_axis',(0.,1.,0.));
#5322=DIRECTION('',(6.4792651885451E-19,-0.503045711597234,0.864259805870684));
#5323=DIRECTION('',(0.,0.,1.));
#5324=DIRECTION('',(0.,-1.,0.));
#5325=DIRECTION('center_axis',(0.,0.,1.));
#5326=DIRECTION('ref_axis',(6.10622663543836E-16,1.,0.));
#5327=DIRECTION('center_axis',(0.872900693143229,1.47175788012976E-17,-0.487897919559072));
#5328=DIRECTION('ref_axis',(-0.487897919559072,0.,-0.872900693143229));
#5329=DIRECTION('center_axis',(0.,0.,1.));
#5330=DIRECTION('ref_axis',(6.10622663543836E-16,1.,0.));
#5331=DIRECTION('center_axis',(0.,-0.864287148148663,-0.502998733144579));
#5332=DIRECTION('ref_axis',(0.,0.502998733144579,-0.864287148148663));
#5333=DIRECTION('center_axis',(0.,0.,1.));
#5334=DIRECTION('ref_axis',(-1.,0.,0.));
#5335=DIRECTION('',(-1.,0.,0.));
#5336=DIRECTION('',(0.,-1.,0.));
#5337=DIRECTION('',(-4.80584423635263E-19,-1.,0.));
#5338=DIRECTION('',(-1.,0.,0.));
#5339=DIRECTION('',(0.,1.,0.));
#5340=DIRECTION('',(-1.,0.,0.));
#5341=DIRECTION('',(0.,-1.,0.));
#5342=DIRECTION('center_axis',(0.,0.,1.));
#5343=DIRECTION('ref_axis',(1.,0.,0.));
#5344=DIRECTION('center_axis',(1.,0.,0.));
#5345=DIRECTION('ref_axis',(0.,1.,0.));
#5346=DIRECTION('',(0.,0.503019946630235,-0.864274801953705));
#5347=DIRECTION('',(0.,0.,-1.));
#5348=DIRECTION('',(0.,-1.,0.));
#5349=DIRECTION('',(-6.4798090658713E-19,0.503045711597234,-0.864259805870684));
#5350=DIRECTION('center_axis',(1.,0.,0.));
#5351=DIRECTION('ref_axis',(0.,0.,-1.));
#5352=DIRECTION('',(0.,0.,-1.));
#5353=DIRECTION('',(0.,-1.,0.));
#5354=DIRECTION('',(0.,0.503019946630235,-0.864274801953705));
#5355=DIRECTION('center_axis',(0.,-1.,0.));
#5356=DIRECTION('ref_axis',(0.,0.,1.));
#5357=DIRECTION('',(-0.503019946630235,0.,-0.864274801953705));
#5358=DIRECTION('',(-1.,0.,0.));
#5359=DIRECTION('center_axis',(0.,0.,1.));
#5360=DIRECTION('ref_axis',(0.,1.,0.));
#5361=DIRECTION('',(0.,-1.,0.));
#5362=DIRECTION('',(0.999999927703768,0.000380253150966699,0.));
#5363=DIRECTION('',(0.,1.,0.));
#5364=DIRECTION('center_axis',(0.,0.,-1.));
#5365=DIRECTION('ref_axis',(-1.,0.,0.));
#5366=DIRECTION('center_axis',(0.,0.,-1.));
#5367=DIRECTION('ref_axis',(1.,0.,0.));
#5368=DIRECTION('center_axis',(0.,0.,1.));
#5369=DIRECTION('ref_axis',(1.,0.,0.));
#5370=DIRECTION('center_axis',(0.,0.,1.));
#5371=DIRECTION('ref_axis',(3.55271367880049E-15,-1.,0.));
#5372=DIRECTION('center_axis',(-0.872900693143229,-1.47175788012976E-17,
-0.487897919559072));
#5373=DIRECTION('ref_axis',(0.487897919559072,0.,-0.872900693143229));
#5374=DIRECTION('center_axis',(0.,0.,1.));
#5375=DIRECTION('ref_axis',(3.55271367880049E-15,-1.,0.));
#5376=DIRECTION('center_axis',(-1.47287117351644E-17,0.864287148148662,
-0.50299873314458));
#5377=DIRECTION('ref_axis',(0.,-0.50299873314458,-0.864287148148662));
#5378=DIRECTION('center_axis',(-1.,0.,0.));
#5379=DIRECTION('ref_axis',(0.,-1.,0.));
#5380=DIRECTION('',(0.,0.503019946630235,0.864274801953705));
#5381=DIRECTION('',(0.,1.,0.));
#5382=DIRECTION('',(0.,0.,1.));
#5383=DIRECTION('',(0.,-1.,0.));
#5384=DIRECTION('center_axis',(0.,1.,0.));
#5385=DIRECTION('ref_axis',(-1.,0.,0.));
#5386=DIRECTION('',(0.503019946630235,0.,-0.864274801953705));
#5387=DIRECTION('',(-1.,0.,0.));
#5388=DIRECTION('',(0.,0.,-1.));
#5389=DIRECTION('center_axis',(0.,0.,1.));
#5390=DIRECTION('ref_axis',(-1.,0.,0.));
#5391=DIRECTION('',(0.,-1.,0.));
#5392=DIRECTION('',(1.,0.,0.));
#5393=DIRECTION('',(0.,1.,0.));
#5394=DIRECTION('',(-1.,0.,0.));
#5395=DIRECTION('center_axis',(0.,0.,1.));
#5396=DIRECTION('ref_axis',(1.,0.,0.));
#5397=DIRECTION('center_axis',(0.,1.,0.));
#5398=DIRECTION('ref_axis',(0.,0.,-1.));
#5399=DIRECTION('',(1.,0.,0.));
#5400=DIRECTION('',(0.,0.,-1.));
#5401=DIRECTION('',(-1.,0.,0.));
#5402=DIRECTION('center_axis',(0.,0.,1.));
#5403=DIRECTION('ref_axis',(0.,1.,0.));
#5404=DIRECTION('',(-1.,0.,0.));
#5405=DIRECTION('',(0.000380253151007301,-0.999999927703768,0.));
#5406=DIRECTION('center_axis',(0.,0.,-1.));
#5407=DIRECTION('ref_axis',(-1.,0.,0.));
#5408=DIRECTION('center_axis',(0.,0.,-1.));
#5409=DIRECTION('ref_axis',(1.,0.,0.));
#5410=DIRECTION('center_axis',(0.,0.,1.));
#5411=DIRECTION('ref_axis',(1.,0.,0.));
#5412=DIRECTION('center_axis',(0.,0.,1.));
#5413=DIRECTION('ref_axis',(-0.706972328613006,-0.707241208199511,0.));
#5414=DIRECTION('center_axis',(0.,0.,1.));
#5415=DIRECTION('ref_axis',(-0.706972328613006,-0.707241208199511,0.));
#5416=DIRECTION('center_axis',(0.872900693143229,1.47175788012976E-17,-0.487897919559072));
#5417=DIRECTION('ref_axis',(-0.487897919559072,0.,-0.872900693143229));
#5418=DIRECTION('center_axis',(0.999999927703768,0.000380253151007301,0.));
#5419=DIRECTION('ref_axis',(-0.000380253151007301,0.999999927703768,0.));
#5420=DIRECTION('',(-0.000191274930055126,0.503019937428466,0.864274786143483));
#5421=DIRECTION('',(-0.000380253151007301,0.999999927703768,0.));
#5422=DIRECTION('center_axis',(0.,0.,1.));
#5423=DIRECTION('ref_axis',(-1.,0.,0.));
#5424=DIRECTION('center_axis',(0.,0.,-1.));
#5425=DIRECTION('ref_axis',(-0.692684552617108,-0.721240674508612,2.64260372055304E-20));
#5426=DIRECTION('',(-1.,-1.70414563802249E-17,0.));
#5427=DIRECTION('',(1.,0.,0.));
#5428=DIRECTION('',(0.,-1.,0.));
#5429=DIRECTION('',(1.,0.,0.));
#5430=DIRECTION('',(0.,-1.,0.));
#5431=DIRECTION('',(-0.999999927703768,-0.000380253151007369,0.));
#5432=DIRECTION('',(0.,1.,0.));
#5433=DIRECTION('center_axis',(0.,0.,1.));
#5434=DIRECTION('ref_axis',(1.,0.,0.));
#5435=DIRECTION('center_axis',(-0.000380253150966699,0.999999927703768,
0.));
#5436=DIRECTION('ref_axis',(0.,0.,1.));
#5437=DIRECTION('',(-0.503019937428466,-0.000191274930034703,-0.864274786143483));
#5438=DIRECTION('',(0.,0.,1.));
#5439=DIRECTION('center_axis',(0.872900693143229,1.47175788012976E-17,-0.487897919559072));
#5440=DIRECTION('ref_axis',(-0.487897919559072,0.,-0.872900693143229));
#5441=DIRECTION('',(0.,1.,0.));
#5442=DIRECTION('',(0.434986276182021,-0.452918711771718,0.778236198117477));
#5443=DIRECTION('',(-1.68605420031242E-17,1.,0.));
#5444=DIRECTION('',(-0.434986276182021,-0.452918711771719,-0.778236198117477));
#5445=DIRECTION('center_axis',(0.,0.864274801953705,-0.503019946630235));
#5446=DIRECTION('ref_axis',(0.,-0.503019946630235,-0.864274801953705));
#5447=DIRECTION('',(0.,0.503019946630235,0.864274801953705));
#5448=DIRECTION('',(1.,0.,0.));
#5449=DIRECTION('',(0.,-0.503019946630235,-0.864274801953705));
#5450=DIRECTION('',(1.,0.,0.));
#5451=DIRECTION('',(0.,0.503019946630235,0.864274801953705));
#5452=DIRECTION('',(-1.,0.,0.));
#5453=DIRECTION('',(0.,-0.503019946630235,-0.864274801953705));
#5454=DIRECTION('',(1.,0.,0.));
#5455=DIRECTION('',(0.,0.503019946630235,0.864274801953705));
#5456=DIRECTION('',(-1.,0.,0.));
#5457=DIRECTION('',(0.,-0.503019946630235,-0.864274801953705));
#5458=DIRECTION('',(1.,0.,0.));
#5459=DIRECTION('',(0.,0.503019946630235,0.864274801953705));
#5460=DIRECTION('',(-1.,0.,0.));
#5461=DIRECTION('',(0.,-0.503019946630235,-0.864274801953705));
#5462=DIRECTION('center_axis',(1.,0.,0.));
#5463=DIRECTION('ref_axis',(0.,0.,-1.));
#5464=DIRECTION('',(0.,1.,0.));
#5465=DIRECTION('',(0.,0.,1.));
#5466=DIRECTION('',(0.,1.,0.));
#5467=DIRECTION('',(0.,0.,-1.));
#5468=DIRECTION('center_axis',(0.,0.,1.));
#5469=DIRECTION('ref_axis',(0.,1.,0.));
#5470=DIRECTION('',(1.,0.,0.));
#5471=DIRECTION('',(4.80584423635263E-19,1.,0.));
#5472=DIRECTION('',(-1.,1.0798383657293E-18,0.));
#5473=DIRECTION('center_axis',(1.,0.,0.));
#5474=DIRECTION('ref_axis',(0.,0.,-1.));
#5475=DIRECTION('center_axis',(0.,0.,-1.));
#5476=DIRECTION('ref_axis',(-1.,0.,0.));
#5477=DIRECTION('center_axis',(0.,0.,-1.));
#5478=DIRECTION('ref_axis',(1.,0.,0.));
#5479=DIRECTION('center_axis',(0.,0.,1.));
#5480=DIRECTION('ref_axis',(1.,0.,0.));
#5481=DIRECTION('center_axis',(-1.,-3.17946235225484E-14,5.55111512312578E-16));
#5482=DIRECTION('ref_axis',(-2.72004641033164E-14,0.864287148148658,0.502998733144587));
#5483=DIRECTION('center_axis',(-1.01750225045862E-14,1.,1.12965442606707E-29));
#5484=DIRECTION('ref_axis',(-1.11022302462516E-15,0.,-1.));
#5485=DIRECTION('center_axis',(-1.,0.,0.));
#5486=DIRECTION('ref_axis',(0.,0.864287148148663,0.502998733144579));
#5487=DIRECTION('center_axis',(-1.,-1.54454574787455E-14,8.88178419700125E-15));
#5488=DIRECTION('ref_axis',(-8.88178419700123E-15,0.864287148148663,0.502998733144578));
#5489=DIRECTION('',(-1.,0.,0.));
#5490=DIRECTION('',(1.,0.,0.));
#5491=DIRECTION('center_axis',(-1.68605420031242E-17,1.,0.));
#5492=DIRECTION('ref_axis',(0.,0.,-1.));
#5493=DIRECTION('center_axis',(0.,1.,0.));
#5494=DIRECTION('ref_axis',(0.,0.,-1.));
#5495=DIRECTION('',(1.68605420031242E-17,-1.,0.));
#5496=DIRECTION('center_axis',(0.,1.,0.));
#5497=DIRECTION('ref_axis',(0.872900693143231,0.,0.487897919559069));
#5498=DIRECTION('center_axis',(-1.,3.20753155351124E-15,-1.11022302462516E-15));
#5499=DIRECTION('ref_axis',(1.11022302462516E-15,0.,-1.));
#5500=DIRECTION('center_axis',(-1.68605420031242E-17,1.,0.));
#5501=DIRECTION('ref_axis',(0.872900693143229,0.,0.487897919559071));
#5502=DIRECTION('center_axis',(-5.67727305601519E-15,1.,3.33066907387547E-15));
#5503=DIRECTION('ref_axis',(0.87290069314323,3.33066907387547E-15,0.48789791955907));
#5504=DIRECTION('',(-1.68605420031242E-17,1.,0.));
#5505=DIRECTION('',(1.68605420031242E-17,-1.,0.));
#5506=DIRECTION('center_axis',(-1.,-1.70414563802249E-17,0.));
#5507=DIRECTION('ref_axis',(0.,0.,-1.));
#5508=DIRECTION('center_axis',(-1.,0.,0.));
#5509=DIRECTION('ref_axis',(0.,0.,-1.));
#5510=DIRECTION('',(-1.,-1.70414563802249E-17,0.));
#5511=DIRECTION('',(1.,1.70414563802249E-17,0.));
#5512=DIRECTION('center_axis',(-0.872900693143229,-1.47175788012976E-17,
-0.487897919559072));
#5513=DIRECTION('ref_axis',(-0.487897919559072,0.,0.872900693143229));
#5514=DIRECTION('',(0.434986276182021,0.452918711771718,-0.778236198117477));
#5515=DIRECTION('',(0.,-1.,0.));
#5516=DIRECTION('',(-0.434986276182021,0.452918711771719,0.778236198117477));
#5517=DIRECTION('center_axis',(0.434986276182021,0.452918711771718,-0.778236198117477));
#5518=DIRECTION('ref_axis',(0.553086822475718,0.547629113175312,0.627851352795019));
#5519=DIRECTION('',(-0.434986276182021,-0.452918711771718,0.778236198117477));
#5520=DIRECTION('center_axis',(0.,-0.864287148148663,-0.502998733144579));
#5521=DIRECTION('ref_axis',(-1.,0.,0.));
#5522=DIRECTION('',(-0.434986276182021,0.452918711771718,-0.778236198117477));
#5523=DIRECTION('',(-1.,0.,0.));
#5524=DIRECTION('',(-0.999999999999967,-1.28495258532307E-7,2.20789423967777E-7));
#5525=DIRECTION('',(-2.55458413936153E-7,0.502998733144563,-0.864287148148634));
#5526=DIRECTION('',(0.999999999999967,1.28495258532307E-7,-2.20789423967777E-7));
#5527=DIRECTION('',(2.55458413839241E-7,-0.502998733144563,0.864287148148634));
#5528=DIRECTION('center_axis',(0.434986276182021,-0.452918711771718,0.778236198117477));
#5529=DIRECTION('ref_axis',(-0.553086822475717,0.547629113175314,0.627851352795018));
#5530=DIRECTION('center_axis',(0.,0.,1.));
#5531=DIRECTION('ref_axis',(1.,0.,0.));
#5532=DIRECTION('center_axis',(0.,-1.,0.));
#5533=DIRECTION('ref_axis',(0.,0.,-1.));
#5534=DIRECTION('center_axis',(-1.,0.,0.));
#5535=DIRECTION('ref_axis',(0.,0.,1.));
#5536=DIRECTION('center_axis',(-0.434986276182021,-0.452918711771719,-0.778236198117477));
#5537=DIRECTION('ref_axis',(-0.553086822475717,-0.547629113175313,0.627851352795019));
#5538=DIRECTION('',(0.434986276182021,0.452918711771719,0.778236198117477));
#5539=DIRECTION('center_axis',(0.434986276182021,-0.452918711771719,-0.778236198117477));
#5540=DIRECTION('ref_axis',(0.553086822475716,-0.547629113175314,0.627851352795019));
#5541=DIRECTION('',(0.434986276182021,-0.452918711771719,-0.778236198117477));
#5542=DIRECTION('center_axis',(0.,0.,1.));
#5543=DIRECTION('ref_axis',(0.,-1.,0.));
#5544=DIRECTION('',(0.,1.,0.));
#5545=DIRECTION('',(1.,1.70414563802249E-17,0.));
#5546=DIRECTION('',(0.,-1.,0.));
#5547=DIRECTION('center_axis',(1.,0.,0.));
#5548=DIRECTION('ref_axis',(0.,0.,1.));
#5549=DIRECTION('',(0.,0.50299873314458,0.864287148148662));
#5550=DIRECTION('',(0.,1.,0.));
#5551=DIRECTION('center_axis',(0.,0.,1.));
#5552=DIRECTION('ref_axis',(0.,-1.,0.));
#5553=DIRECTION('',(-1.,-1.70414563802249E-17,0.));
#5554=DIRECTION('',(0.,-1.,0.));
#5555=DIRECTION('center_axis',(-1.,0.,0.));
#5556=DIRECTION('ref_axis',(0.,0.,-1.));
#5557=DIRECTION('',(0.,-0.50299873314458,-0.864287148148662));
#5558=DIRECTION('center_axis',(0.,0.,1.));
#5559=DIRECTION('ref_axis',(0.,-1.,0.));
#5560=DIRECTION('',(0.,1.,0.));
#5561=DIRECTION('',(1.,1.70414563802249E-17,0.));
#5562=DIRECTION('',(0.,-1.,0.));
#5563=DIRECTION('center_axis',(1.,0.,0.));
#5564=DIRECTION('ref_axis',(0.,0.,1.));
#5565=DIRECTION('',(0.,0.50299873314458,0.864287148148662));
#5566=DIRECTION('',(0.,1.,0.));
#5567=DIRECTION('center_axis',(0.,0.,1.));
#5568=DIRECTION('ref_axis',(0.,-1.,0.));
#5569=DIRECTION('',(-1.,-1.70414563802249E-17,0.));
#5570=DIRECTION('',(0.,-1.,0.));
#5571=DIRECTION('center_axis',(-1.,0.,0.));
#5572=DIRECTION('ref_axis',(0.,0.,-1.));
#5573=DIRECTION('',(0.,-0.50299873314458,-0.864287148148662));
#5574=DIRECTION('center_axis',(0.,0.,1.));
#5575=DIRECTION('ref_axis',(0.,-1.,0.));
#5576=DIRECTION('',(0.,1.,0.));
#5577=DIRECTION('',(1.,1.70414563802249E-17,0.));
#5578=DIRECTION('',(0.,-1.,0.));
#5579=DIRECTION('center_axis',(1.,0.,0.));
#5580=DIRECTION('ref_axis',(0.,0.,1.));
#5581=DIRECTION('',(0.,0.50299873314458,0.864287148148662));
#5582=DIRECTION('',(0.,1.,0.));
#5583=DIRECTION('center_axis',(0.,0.,1.));
#5584=DIRECTION('ref_axis',(0.,-1.,0.));
#5585=DIRECTION('',(-1.,-1.70414563802249E-17,0.));
#5586=DIRECTION('',(0.,-1.,0.));
#5587=DIRECTION('center_axis',(-1.,0.,0.));
#5588=DIRECTION('ref_axis',(0.,0.,-1.));
#5589=DIRECTION('',(0.,-0.50299873314458,-0.864287148148662));
#5590=DIRECTION('center_axis',(0.,1.,0.));
#5591=DIRECTION('ref_axis',(0.,0.,-1.));
#5592=DIRECTION('',(-1.,0.,0.));
#5593=DIRECTION('',(0.,0.,-1.));
#5594=DIRECTION('',(1.,0.,0.));
#5595=DIRECTION('',(0.,0.,-1.));
#5596=DIRECTION('center_axis',(-1.,0.,0.));
#5597=DIRECTION('ref_axis',(0.,0.,1.));
#5598=DIRECTION('',(0.,-1.,0.));
#5599=DIRECTION('',(0.,0.,-1.));
#5600=DIRECTION('',(0.,1.,0.));
#5601=DIRECTION('center_axis',(0.,0.,1.));
#5602=DIRECTION('ref_axis',(1.,0.,0.));
#5603=DIRECTION('center_axis',(0.,0.,-1.));
#5604=DIRECTION('ref_axis',(1.,0.,0.));
#5605=DIRECTION('',(0.,0.,1.));
#5606=DIRECTION('center_axis',(0.,0.,-1.));
#5607=DIRECTION('ref_axis',(1.,0.,0.));
#5608=DIRECTION('center_axis',(0.,0.,-1.));
#5609=DIRECTION('ref_axis',(-1.,0.,0.));
#5610=DIRECTION('center_axis',(0.,0.,1.));
#5611=DIRECTION('ref_axis',(1.,0.,0.));
#5612=DIRECTION('center_axis',(0.,0.,-1.));
#5613=DIRECTION('ref_axis',(-1.,0.,0.));
#5614=DIRECTION('center_axis',(0.,0.,1.));
#5615=DIRECTION('ref_axis',(1.,0.,0.));
#5616=DIRECTION('center_axis',(0.,0.,1.));
#5617=DIRECTION('ref_axis',(1.,0.,0.));
#5618=DIRECTION('',(0.,0.,1.));
#5619=DIRECTION('center_axis',(0.,0.,1.));
#5620=DIRECTION('ref_axis',(0.,1.,0.));
#5621=DIRECTION('',(-1.,0.,0.));
#5622=DIRECTION('',(0.,-1.,0.));
#5623=DIRECTION('center_axis',(1.,0.,0.));
#5624=DIRECTION('ref_axis',(0.,0.,-1.));
#5625=DIRECTION('',(0.,1.,0.));
#5626=DIRECTION('',(0.,0.,-1.));
#5627=DIRECTION('center_axis',(0.,-1.,0.));
#5628=DIRECTION('ref_axis',(0.,0.,1.));
#5629=DIRECTION('',(1.,0.,0.));
#5630=DIRECTION('center_axis',(-1.,0.,0.));
#5631=DIRECTION('ref_axis',(0.,0.,1.));
#5632=DIRECTION('',(0.,0.,1.));
#5633=DIRECTION('',(0.,-1.,0.));
#5634=DIRECTION('',(0.,0.,-1.));
#5635=DIRECTION('',(0.,1.,0.));
#5636=DIRECTION('center_axis',(0.,-1.,0.));
#5637=DIRECTION('ref_axis',(0.,0.,1.));
#5638=DIRECTION('',(1.,0.,0.));
#5639=DIRECTION('',(0.,0.,-1.));
#5640=DIRECTION('',(-1.,0.,0.));
#5641=DIRECTION('center_axis',(1.,0.,0.));
#5642=DIRECTION('ref_axis',(0.,0.,-1.));
#5643=DIRECTION('',(0.,1.,0.));
#5644=DIRECTION('',(0.,0.,-1.));
#5645=DIRECTION('',(0.,-1.,0.));
#5646=DIRECTION('center_axis',(0.,0.,-1.));
#5647=DIRECTION('ref_axis',(-1.,0.,0.));
#5648=DIRECTION('center_axis',(0.,0.,1.));
#5649=DIRECTION('ref_axis',(1.,0.,0.));
#5650=DIRECTION('center_axis',(0.,0.,1.));
#5651=DIRECTION('ref_axis',(1.,0.,0.));
#5652=DIRECTION('',(0.,0.,1.));
#5653=DIRECTION('center_axis',(0.,0.,-1.));
#5654=DIRECTION('ref_axis',(1.,0.,0.));
#5655=DIRECTION('center_axis',(0.,0.,1.));
#5656=DIRECTION('ref_axis',(1.,0.,0.));
#5657=DIRECTION('center_axis',(0.,0.,-1.));
#5658=DIRECTION('ref_axis',(1.,0.,0.));
#5659=DIRECTION('',(0.,0.,1.));
#5660=DIRECTION('center_axis',(0.,0.,-1.));
#5661=DIRECTION('ref_axis',(1.,0.,0.));
#5662=DIRECTION('center_axis',(0.,0.,-1.));
#5663=DIRECTION('ref_axis',(-1.,0.,0.));
#5664=DIRECTION('center_axis',(0.,0.,1.));
#5665=DIRECTION('ref_axis',(0.,1.,0.));
#5666=DIRECTION('',(-1.,0.,0.));
#5667=DIRECTION('',(1.,0.,0.));
#5668=DIRECTION('',(0.,-1.,0.));
#5669=DIRECTION('center_axis',(0.,1.,0.));
#5670=DIRECTION('ref_axis',(0.,0.,-1.));
#5671=DIRECTION('',(0.,0.,-1.));
#5672=DIRECTION('',(-1.,0.,0.));
#5673=DIRECTION('center_axis',(0.,1.,0.));
#5674=DIRECTION('ref_axis',(0.,0.,-1.));
#5675=DIRECTION('',(0.503019946630235,0.,-0.864274801953705));
#5676=DIRECTION('',(-1.,0.,0.));
#5677=DIRECTION('',(0.,0.,1.));
#5678=DIRECTION('center_axis',(-1.,0.,0.));
#5679=DIRECTION('ref_axis',(0.,0.,1.));
#5680=DIRECTION('',(0.,-1.,0.));
#5681=DIRECTION('center_axis',(0.,1.,0.));
#5682=DIRECTION('ref_axis',(0.,0.,-1.));
#5683=DIRECTION('',(-1.,0.,0.));
#5684=DIRECTION('',(0.,0.,-1.));
#5685=DIRECTION('',(1.,0.,0.));
#5686=DIRECTION('center_axis',(-1.,0.,0.));
#5687=DIRECTION('ref_axis',(0.,0.,1.));
#5688=DIRECTION('',(0.,-1.,0.));
#5689=DIRECTION('',(0.,0.,-1.));
#5690=DIRECTION('',(0.,1.,0.));
#5691=DIRECTION('center_axis',(0.,-1.,0.));
#5692=DIRECTION('ref_axis',(0.,0.,1.));
#5693=DIRECTION('',(1.,0.,0.));
#5694=DIRECTION('',(0.,0.,-1.));
#5695=DIRECTION('',(-1.,0.,0.));
#5696=DIRECTION('center_axis',(0.,0.,-1.));
#5697=DIRECTION('ref_axis',(-1.,0.,0.));
#5698=DIRECTION('center_axis',(0.,0.,1.));
#5699=DIRECTION('ref_axis',(1.,0.,0.));
#5700=DIRECTION('center_axis',(0.,0.,1.));
#5701=DIRECTION('ref_axis',(1.,0.,0.));
#5702=DIRECTION('',(0.,0.,1.));
#5703=DIRECTION('center_axis',(0.,0.,-1.));
#5704=DIRECTION('ref_axis',(1.,0.,0.));
#5705=DIRECTION('center_axis',(0.,0.,1.));
#5706=DIRECTION('ref_axis',(1.,0.,0.));
#5707=DIRECTION('center_axis',(0.,0.,-1.));
#5708=DIRECTION('ref_axis',(1.,0.,0.));
#5709=DIRECTION('',(0.,0.,1.));
#5710=DIRECTION('center_axis',(0.,0.,-1.));
#5711=DIRECTION('ref_axis',(1.,0.,0.));
#5712=DIRECTION('center_axis',(0.,0.,-1.));
#5713=DIRECTION('ref_axis',(-1.,0.,0.));
#5714=DIRECTION('center_axis',(0.,0.,1.));
#5715=DIRECTION('ref_axis',(0.,1.,0.));
#5716=DIRECTION('',(0.,-1.,0.));
#5717=DIRECTION('',(-1.,0.,0.));
#5718=DIRECTION('center_axis',(1.,0.,0.));
#5719=DIRECTION('ref_axis',(0.,0.,-1.));
#5720=DIRECTION('',(0.,0.,-1.));
#5721=DIRECTION('',(0.,1.,0.));
#5722=DIRECTION('center_axis',(0.,1.,0.));
#5723=DIRECTION('ref_axis',(0.,0.,-1.));
#5724=DIRECTION('',(-1.,0.,0.));
#5725=DIRECTION('',(0.503019946630235,0.,0.864274801953705));
#5726=DIRECTION('center_axis',(0.,0.,1.));
#5727=DIRECTION('ref_axis',(1.,0.,0.));
#5728=DIRECTION('',(0.,0.,1.));
#5729=DIRECTION('center_axis',(0.,0.,1.));
#5730=DIRECTION('ref_axis',(1.,0.,0.));
#5731=DIRECTION('',(0.,0.,1.));
#5732=DIRECTION('center_axis',(0.,0.,1.));
#5733=DIRECTION('ref_axis',(1.,0.,0.));
#5734=DIRECTION('',(0.,0.,1.));
#5735=DIRECTION('center_axis',(0.,0.,1.));
#5736=DIRECTION('ref_axis',(1.,0.,0.));
#5737=DIRECTION('',(0.,0.,1.));
#5738=DIRECTION('center_axis',(0.,0.,1.));
#5739=DIRECTION('ref_axis',(1.,0.,0.));
#5740=DIRECTION('',(0.,0.,1.));
#5741=DIRECTION('center_axis',(0.,0.,1.));
#5742=DIRECTION('ref_axis',(1.,0.,0.));
#5743=DIRECTION('',(0.,0.,1.));
#5744=DIRECTION('center_axis',(0.,0.,1.));
#5745=DIRECTION('ref_axis',(1.,0.,0.));
#5746=DIRECTION('',(0.,0.,1.));
#5747=DIRECTION('center_axis',(0.,0.,1.));
#5748=DIRECTION('ref_axis',(1.,0.,0.));
#5749=DIRECTION('',(0.,0.,1.));
#5750=DIRECTION('center_axis',(0.,0.,1.));
#5751=DIRECTION('ref_axis',(0.,1.,0.));
#5752=DIRECTION('',(0.,1.,0.));
#5753=DIRECTION('',(-1.,0.,0.));
#5754=DIRECTION('',(0.,-1.,0.));
#5755=DIRECTION('',(0.,1.,0.));
#5756=DIRECTION('',(1.,0.,0.));
#5757=DIRECTION('center_axis',(0.,-0.864274801953705,-0.503019946630235));
#5758=DIRECTION('ref_axis',(0.,-0.503019946630235,0.864274801953705));
#5759=DIRECTION('',(0.,-0.503019946630235,0.864274801953705));
#5760=DIRECTION('',(-1.,-3.25933277906464E-19,5.60009441175903E-19));
#5761=DIRECTION('',(6.48008726973157E-19,-0.503019946630235,0.864274801953705));
#5762=DIRECTION('',(-1.,0.,0.));
#5763=DIRECTION('center_axis',(6.47952988634112E-19,-0.503045711597234,
0.864259805870684));
#5764=DIRECTION('ref_axis',(1.,-4.80584423635263E-19,-1.02947844376602E-18));
#5765=DIRECTION('',(9.33247661447121E-19,0.864259805870684,0.503045711597234));
#5766=DIRECTION('',(-1.,4.80584423635263E-19,1.02947844376602E-18));
#5767=DIRECTION('',(-9.33247661447121E-19,-0.864259805870684,-0.503045711597234));
#5768=DIRECTION('',(1.,-4.80584423635263E-19,-1.02947844376602E-18));
#5769=DIRECTION('',(-9.33247661447121E-19,-0.864259805870684,-0.503045711597234));
#5770=DIRECTION('center_axis',(-1.,4.80584423635263E-19,1.02947844376602E-18));
#5771=DIRECTION('ref_axis',(-9.33274131226723E-19,-0.864259805870684,-0.503045711597234));
#5772=DIRECTION('',(-6.4798090658713E-19,0.503045711597234,-0.864259805870684));
#5773=DIRECTION('',(1.02947844376602E-18,0.,1.));
#5774=DIRECTION('center_axis',(-9.33260896336922E-19,-0.864259805870684,
-0.503045711597234));
#5775=DIRECTION('ref_axis',(1.,-4.80584423635263E-19,-1.02947844376602E-18));
#5776=DIRECTION('',(-6.4798090658713E-19,0.503045711597234,-0.864259805870684));
#5777=DIRECTION('center_axis',(0.999999999999967,1.28495259980118E-7,-2.20789423125074E-7));
#5778=DIRECTION('ref_axis',(-1.38840233763021E-11,-0.864259805870683,-0.503045711597235));
#5779=DIRECTION('',(-1.38840233763021E-11,-0.864259805870684,-0.503045711597235));
#5780=DIRECTION('',(-2.55458413461946E-7,0.503045711597218,-0.864259805870656));
#5781=DIRECTION('',(1.38840233761824E-11,0.864259805870684,0.503045711597235));
#5782=DIRECTION('center_axis',(1.,-4.80584423635263E-19,-1.02947844376602E-18));
#5783=DIRECTION('ref_axis',(9.33274131226723E-19,0.864259805870684,0.503045711597234));
#5784=DIRECTION('',(6.4792651885451E-19,-0.503045711597234,0.864259805870684));
#5785=DIRECTION('',(0.,0.,1.));
#5786=DIRECTION('center_axis',(-1.,4.80584423635263E-19,1.02947844376602E-18));
#5787=DIRECTION('ref_axis',(-9.33274131226723E-19,-0.864259805870684,-0.503045711597234));
#5788=DIRECTION('',(6.4792651885451E-19,-0.503045711597234,0.864259805870684));
#5789=DIRECTION('center_axis',(-2.55458413461946E-7,0.503045711597218,-0.864259805870656));
#5790=DIRECTION('ref_axis',(1.38840233763021E-11,0.864259805870683,0.503045711597235));
#5791=DIRECTION('',(0.999999999999967,1.28507259382659E-7,-2.20782438827124E-7));
#5792=DIRECTION('',(-1.38840233763021E-11,-0.864259805870684,-0.503045711597235));
#5793=DIRECTION('center_axis',(-2.55458413461946E-7,0.503045711597218,-0.864259805870656));
#5794=DIRECTION('ref_axis',(1.38840233763021E-11,0.864259805870683,0.503045711597235));
#5795=DIRECTION('',(-0.999999999999967,-1.28507259382659E-7,2.20782438827124E-7));
#5796=DIRECTION('',(-1.38840233763021E-11,-0.864259805870684,-0.503045711597235));
#5797=DIRECTION('center_axis',(0.999999999999967,1.28495260028869E-7,-2.20789423208831E-7));
#5798=DIRECTION('ref_axis',(-2.55458413558858E-7,0.503045711597218,-0.864259805870655));
#5799=DIRECTION('',(2.55458413558858E-7,-0.503045711597218,0.864259805870656));
#5800=DIRECTION('center_axis',(9.33260896336922E-19,0.864259805870684,0.503045711597234));
#5801=DIRECTION('ref_axis',(-1.,4.80584423635263E-19,1.02947844376602E-18));
#5802=DIRECTION('center_axis',(0.,-1.,0.));
#5803=DIRECTION('ref_axis',(0.,0.,1.));
#5804=DIRECTION('center_axis',(0.,-1.,0.));
#5805=DIRECTION('ref_axis',(0.,0.,1.));
#5806=DIRECTION('',(-0.503019946630235,0.,0.864274801953705));
#5807=DIRECTION('center_axis',(-0.864274801953705,0.,-0.503019946630235));
#5808=DIRECTION('ref_axis',(-0.503019946630235,0.,0.864274801953705));
#5809=DIRECTION('center_axis',(0.864274801953705,0.,-0.503019946630235));
#5810=DIRECTION('ref_axis',(-0.503019946630235,0.,-0.864274801953705));
#5811=DIRECTION('center_axis',(-1.47287117351644E-17,0.864287148148662,
-0.50299873314458));
#5812=DIRECTION('ref_axis',(-1.,0.,2.92818068210339E-17));
#5813=CARTESIAN_POINT('',(0.,0.,0.));
#5814=CARTESIAN_POINT('Origin',(84.361252320355,73.77575,30.157));
#5815=CARTESIAN_POINT('',(81.175,74.05,30.157));
#5816=CARTESIAN_POINT('Origin',(84.175,74.05,30.157));
#5817=CARTESIAN_POINT('',(85.675,74.05,30.157));
#5818=CARTESIAN_POINT('Origin',(84.175,74.05,30.157));
#5819=CARTESIAN_POINT('Origin',(84.361252320355,73.77575,30.157));
#5820=CARTESIAN_POINT('',(79.89000464071,78.751,30.157));
#5821=CARTESIAN_POINT('',(83.833,78.751,30.157));
#5822=CARTESIAN_POINT('',(21.6885,78.751,30.157));
#5823=CARTESIAN_POINT('',(87.3682838970994,77.2867838970884,30.157));
#5824=CARTESIAN_POINT('Origin',(83.833,73.751,30.157));
#5825=CARTESIAN_POINT('',(83.8325,78.7515,30.157));
#5826=CARTESIAN_POINT('Origin',(83.8325,73.7515,30.157));
#5827=CARTESIAN_POINT('',(79.89000464071,78.7515,30.157));
#5828=CARTESIAN_POINT('',(83.8325,78.7515,30.157));
#5829=CARTESIAN_POINT('',(79.89000464071,78.7515,30.157));
#5830=CARTESIAN_POINT('Origin',(84.175,74.05,28.157));
#5831=CARTESIAN_POINT('',(85.675,74.05,28.157));
#5832=CARTESIAN_POINT('',(85.675,74.05,28.157));
#5833=CARTESIAN_POINT('Origin',(84.175,74.05,28.157));
#5834=CARTESIAN_POINT('Origin',(88.8325,68.8,28.157));
#5835=CARTESIAN_POINT('',(88.8325,68.8,28.157));
#5836=CARTESIAN_POINT('',(88.8325,73.7515,28.157));
#5837=CARTESIAN_POINT('',(88.8325,68.8,28.157));
#5838=CARTESIAN_POINT('',(88.8325,73.7515,30.157));
#5839=CARTESIAN_POINT('',(88.8325,73.7515,28.157));
#5840=CARTESIAN_POINT('',(88.8325,68.8,30.157));
#5841=CARTESIAN_POINT('',(88.8325,54.501,30.157));
#5842=CARTESIAN_POINT('',(88.8325,68.8,28.157));
#5843=CARTESIAN_POINT('Origin',(79.89000464071,68.8,28.157));
#5844=CARTESIAN_POINT('',(79.89000464071,68.8,28.157));
#5845=CARTESIAN_POINT('',(79.89000464071,68.8,28.157));
#5846=CARTESIAN_POINT('',(79.89000464071,68.8,30.157));
#5847=CARTESIAN_POINT('',(61.633502320355,68.8,30.157));
#5848=CARTESIAN_POINT('',(79.89000464071,68.8,28.157));
#5849=CARTESIAN_POINT('Origin',(79.89000464071,78.7515,28.157));
#5850=CARTESIAN_POINT('',(79.89000464071,78.7515,28.157));
#5851=CARTESIAN_POINT('',(79.89000464071,78.7515,28.157));
#5852=CARTESIAN_POINT('',(79.89000464071,59.47675,30.157));
#5853=CARTESIAN_POINT('',(79.89000464071,78.7515,28.157));
#5854=CARTESIAN_POINT('Origin',(83.8325,78.7515,28.157));
#5855=CARTESIAN_POINT('',(83.8325,78.7515,28.157));
#5856=CARTESIAN_POINT('',(83.8325,78.7515,28.157));
#5857=CARTESIAN_POINT('',(83.8325,78.7515,28.157));
#5858=CARTESIAN_POINT('Origin',(83.8325,73.7515,28.157));
#5859=CARTESIAN_POINT('Origin',(83.8325,73.7515,28.157));
#5860=CARTESIAN_POINT('Origin',(83.8325,73.7515,30.157));
#5861=CARTESIAN_POINT('Origin',(84.361252320355,73.77575,28.157));
#5862=CARTESIAN_POINT('Origin',(43.377,40.202,30.157));
#5863=CARTESIAN_POINT('',(88.833,73.751,30.157));
#5864=CARTESIAN_POINT('Origin',(83.833,73.751,30.157));
#5865=CARTESIAN_POINT('',(88.833,2.04899999999999,30.157));
#5866=CARTESIAN_POINT('',(88.833,58.304,30.157));
#5867=CARTESIAN_POINT('',(87.3682838970336,-1.48678389715418,30.157));
#5868=CARTESIAN_POINT('Origin',(83.833,2.049,30.157));
#5869=CARTESIAN_POINT('',(88.8325,2.0485,30.157));
#5870=CARTESIAN_POINT('Origin',(83.8325,2.04850000000001,30.157));
#5871=CARTESIAN_POINT('',(88.8325,7.00000000000003,30.157));
#5872=CARTESIAN_POINT('',(88.8325,21.12525,30.157));
#5873=CARTESIAN_POINT('',(78.4,7.00000000000003,30.157));
#5874=CARTESIAN_POINT('',(66.10475,7.00000000000003,30.157));
#5875=CARTESIAN_POINT('',(78.4,-2.951,30.157));
#5876=CARTESIAN_POINT('',(78.4,23.601,30.157));
#5877=CARTESIAN_POINT('',(7.00378389937926,-2.951,30.157));
#5878=CARTESIAN_POINT('',(64.3885,-2.951,30.157));
#5879=CARTESIAN_POINT('',(7.00187274690413,2.07500000000003,30.157));
#5880=CARTESIAN_POINT('',(6.99558209229581,18.6183320851394,30.157));
#5881=CARTESIAN_POINT('',(7.00000000000003,2.07500000000003,30.157));
#5882=CARTESIAN_POINT('',(25.1894363734521,2.07500000000003,30.157));
#5883=CARTESIAN_POINT('',(7.00000000000003,7.00000000000003,30.157));
#5884=CARTESIAN_POINT('',(7.00000000000003,21.1385,30.157));
#5885=CARTESIAN_POINT('',(-3.432,6.99603319884193,30.157));
#5886=CARTESIAN_POINT('',(25.1948099521836,7.00691863431652,30.157));
#5887=CARTESIAN_POINT('',(-3.432,68.8,30.157));
#5888=CARTESIAN_POINT('',(-3.432,20.202,30.157));
#5889=CARTESIAN_POINT('',(5.74000464071002,68.8,30.157));
#5890=CARTESIAN_POINT('',(19.97225,68.8,30.157));
#5891=CARTESIAN_POINT('',(5.74000464071002,78.751,30.157));
#5892=CARTESIAN_POINT('',(5.74000464071002,54.501,30.157));
#5893=CARTESIAN_POINT('',(21.6885,78.751,30.157));
#5894=CARTESIAN_POINT('',(50.377,52.202,30.157));
#5895=CARTESIAN_POINT('',(50.377,65.202,30.157));
#5896=CARTESIAN_POINT('',(50.377,46.202,30.157));
#5897=CARTESIAN_POINT('',(49.377,66.202,30.157));
#5898=CARTESIAN_POINT('Origin',(49.377,65.202,30.157));
#5899=CARTESIAN_POINT('',(36.377,66.202,30.157));
#5900=CARTESIAN_POINT('',(46.377,66.202,30.157));
#5901=CARTESIAN_POINT('',(35.377,65.202,30.157));
#5902=CARTESIAN_POINT('Origin',(36.377,65.202,30.157));
#5903=CARTESIAN_POINT('',(35.377,52.202,30.157));
#5904=CARTESIAN_POINT('',(35.377,52.702,30.157));
#5905=CARTESIAN_POINT('',(36.377,51.202,30.157));
#5906=CARTESIAN_POINT('Origin',(36.377,52.202,30.157));
#5907=CARTESIAN_POINT('',(49.377,51.202,30.157));
#5908=CARTESIAN_POINT('',(39.877,51.202,30.157));
#5909=CARTESIAN_POINT('Origin',(49.377,52.202,30.157));
#5910=CARTESIAN_POINT('',(69.377,52.202,30.157));
#5911=CARTESIAN_POINT('',(69.377,65.202,30.157));
#5912=CARTESIAN_POINT('',(69.377,46.202,30.157));
#5913=CARTESIAN_POINT('',(68.377,66.202,30.157));
#5914=CARTESIAN_POINT('Origin',(68.377,65.202,30.157));
#5915=CARTESIAN_POINT('',(55.377,66.202,30.157));
#5916=CARTESIAN_POINT('',(55.877,66.202,30.157));
#5917=CARTESIAN_POINT('',(54.377,65.202,30.157));
#5918=CARTESIAN_POINT('Origin',(55.377,65.202,30.157));
#5919=CARTESIAN_POINT('',(54.377,52.202,30.157));
#5920=CARTESIAN_POINT('',(54.377,52.702,30.157));
#5921=CARTESIAN_POINT('',(55.377,51.202,30.157));
#5922=CARTESIAN_POINT('Origin',(55.377,52.202,30.157));
#5923=CARTESIAN_POINT('',(68.377,51.202,30.157));
#5924=CARTESIAN_POINT('',(49.377,51.202,30.157));
#5925=CARTESIAN_POINT('Origin',(68.377,52.202,30.157));
#5926=CARTESIAN_POINT('',(31.377,52.202,30.157));
#5927=CARTESIAN_POINT('',(31.377,65.202,30.157));
#5928=CARTESIAN_POINT('',(31.377,46.202,30.157));
#5929=CARTESIAN_POINT('',(30.377,66.202,30.157));
#5930=CARTESIAN_POINT('Origin',(30.377,65.202,30.157));
#5931=CARTESIAN_POINT('',(17.377,66.202,30.157));
#5932=CARTESIAN_POINT('',(36.877,66.202,30.157));
#5933=CARTESIAN_POINT('',(16.377,65.202,30.157));
#5934=CARTESIAN_POINT('Origin',(17.377,65.202,30.157));
#5935=CARTESIAN_POINT('',(16.377,52.202,30.157));
#5936=CARTESIAN_POINT('',(16.377,52.702,30.157));
#5937=CARTESIAN_POINT('',(17.377,51.202,30.157));
#5938=CARTESIAN_POINT('Origin',(17.377,52.202,30.157));
#5939=CARTESIAN_POINT('',(30.377,51.202,30.157));
#5940=CARTESIAN_POINT('',(30.377,51.202,30.157));
#5941=CARTESIAN_POINT('Origin',(30.377,52.202,30.157));
#5942=CARTESIAN_POINT('',(31.377,33.202,30.157));
#5943=CARTESIAN_POINT('',(31.377,46.202,30.157));
#5944=CARTESIAN_POINT('',(31.377,36.702,30.157));
#5945=CARTESIAN_POINT('',(30.377,47.202,30.157));
#5946=CARTESIAN_POINT('Origin',(30.377,46.202,30.157));
#5947=CARTESIAN_POINT('',(17.377,47.202,30.157));
#5948=CARTESIAN_POINT('',(36.877,47.202,30.157));
#5949=CARTESIAN_POINT('',(16.377,46.202,30.157));
#5950=CARTESIAN_POINT('Origin',(17.377,46.202,30.157));
#5951=CARTESIAN_POINT('',(16.377,33.202,30.157));
#5952=CARTESIAN_POINT('',(16.377,43.202,30.157));
#5953=CARTESIAN_POINT('',(17.377,32.202,30.157));
#5954=CARTESIAN_POINT('Origin',(17.377,33.202,30.157));
#5955=CARTESIAN_POINT('',(30.377,32.202,30.157));
#5956=CARTESIAN_POINT('',(30.377,32.202,30.157));
#5957=CARTESIAN_POINT('Origin',(30.377,33.202,30.157));
#5958=CARTESIAN_POINT('',(50.377,33.202,30.157));
#5959=CARTESIAN_POINT('',(50.377,46.202,30.157));
#5960=CARTESIAN_POINT('',(50.377,36.702,30.157));
#5961=CARTESIAN_POINT('',(49.377,47.202,30.157));
#5962=CARTESIAN_POINT('Origin',(49.377,46.202,30.157));
#5963=CARTESIAN_POINT('',(36.377,47.202,30.157));
#5964=CARTESIAN_POINT('',(46.377,47.202,30.157));
#5965=CARTESIAN_POINT('',(35.377,46.202,30.157));
#5966=CARTESIAN_POINT('Origin',(36.377,46.202,30.157));
#5967=CARTESIAN_POINT('',(35.377,33.202,30.157));
#5968=CARTESIAN_POINT('',(35.377,43.202,30.157));
#5969=CARTESIAN_POINT('',(36.377,32.202,30.157));
#5970=CARTESIAN_POINT('Origin',(36.377,33.202,30.157));
#5971=CARTESIAN_POINT('',(49.377,32.202,30.157));
#5972=CARTESIAN_POINT('',(39.877,32.202,30.157));
#5973=CARTESIAN_POINT('Origin',(49.377,33.202,30.157));
#5974=CARTESIAN_POINT('',(69.377,33.202,30.157));
#5975=CARTESIAN_POINT('',(69.377,46.202,30.157));
#5976=CARTESIAN_POINT('',(69.377,36.702,30.157));
#5977=CARTESIAN_POINT('',(68.377,47.202,30.157));
#5978=CARTESIAN_POINT('Origin',(68.377,46.202,30.157));
#5979=CARTESIAN_POINT('',(55.377,47.202,30.157));
#5980=CARTESIAN_POINT('',(55.877,47.202,30.157));
#5981=CARTESIAN_POINT('',(54.377,46.202,30.157));
#5982=CARTESIAN_POINT('Origin',(55.377,46.202,30.157));
#5983=CARTESIAN_POINT('',(54.377,33.202,30.157));
#5984=CARTESIAN_POINT('',(54.377,43.202,30.157));
#5985=CARTESIAN_POINT('',(55.377,32.202,30.157));
#5986=CARTESIAN_POINT('Origin',(55.377,33.202,30.157));
#5987=CARTESIAN_POINT('',(68.377,32.202,30.157));
#5988=CARTESIAN_POINT('',(49.377,32.202,30.157));
#5989=CARTESIAN_POINT('Origin',(68.377,33.202,30.157));
#5990=CARTESIAN_POINT('Origin',(1.153752320355,73.77575,30.157));
#5991=CARTESIAN_POINT('',(-1.975,74.05,30.157));
#5992=CARTESIAN_POINT('Origin',(1.025,74.05,30.157));
#5993=CARTESIAN_POINT('',(2.525,74.05,30.157));
#5994=CARTESIAN_POINT('Origin',(1.025,74.05,30.157));
#5995=CARTESIAN_POINT('Origin',(1.025,74.05,28.157));
#5996=CARTESIAN_POINT('',(2.525,74.05,28.157));
#5997=CARTESIAN_POINT('',(2.525,74.05,28.157));
#5998=CARTESIAN_POINT('Origin',(1.025,74.05,28.157));
#5999=CARTESIAN_POINT('Origin',(5.74000464071002,68.8,28.157));
#6000=CARTESIAN_POINT('',(5.74000464071002,78.7515,28.157));
#6001=CARTESIAN_POINT('',(5.74000464071002,68.8,28.157));
#6002=CARTESIAN_POINT('',(5.74000464071002,78.7515,28.157));
#6003=CARTESIAN_POINT('',(5.74000464071002,78.7515,30.157));
#6004=CARTESIAN_POINT('',(5.74000464071002,78.7515,28.157));
#6005=CARTESIAN_POINT('',(5.74000464071002,78.7515,30.157));
#6006=CARTESIAN_POINT('',(5.74000464071002,68.8,28.157));
#6007=CARTESIAN_POINT('Origin',(-3.43250000000001,68.8,28.157));
#6008=CARTESIAN_POINT('',(-3.43250000000001,68.8,28.157));
#6009=CARTESIAN_POINT('',(5.74000464071002,68.8,28.157));
#6010=CARTESIAN_POINT('',(-3.43250000000001,68.8,30.157));
#6011=CARTESIAN_POINT('',(5.74000464071002,68.8,30.157));
#6012=CARTESIAN_POINT('',(-3.43250000000001,68.8,28.157));
#6013=CARTESIAN_POINT('Origin',(-3.43250000000001,73.7515,28.157));
#6014=CARTESIAN_POINT('',(-3.43250000000002,73.7515,28.157));
#6015=CARTESIAN_POINT('',(-3.43250000000001,68.8,28.157));
#6016=CARTESIAN_POINT('',(-3.43250000000002,73.7515,30.157));
#6017=CARTESIAN_POINT('',(-3.43250000000001,68.8,30.157));
#6018=CARTESIAN_POINT('',(-3.43250000000002,73.7515,28.157));
#6019=CARTESIAN_POINT('Origin',(1.56749999999998,73.7515,28.157));
#6020=CARTESIAN_POINT('',(1.56749999999998,78.7515,28.157));
#6021=CARTESIAN_POINT('Origin',(1.56749999999998,73.7515,28.157));
#6022=CARTESIAN_POINT('',(1.56749999999998,78.7515,30.157));
#6023=CARTESIAN_POINT('Origin',(1.56749999999998,73.7515,30.157));
#6024=CARTESIAN_POINT('',(1.56749999999998,78.7515,28.157));
#6025=CARTESIAN_POINT('Origin',(5.74000464071002,78.7515,28.157));
#6026=CARTESIAN_POINT('',(1.56749999999998,78.7515,28.157));
#6027=CARTESIAN_POINT('',(1.56749999999998,78.7515,30.157));
#6028=CARTESIAN_POINT('Origin',(1.153752320355,73.77575,30.157));
#6029=CARTESIAN_POINT('',(1.568,78.751,30.157));
#6030=CARTESIAN_POINT('',(21.6885,78.751,30.157));
#6031=CARTESIAN_POINT('',(-3.432,73.751,30.157));
#6032=CARTESIAN_POINT('',(-3.432,20.202,30.157));
#6033=CARTESIAN_POINT('Origin',(1.568,73.751,30.157));
#6034=CARTESIAN_POINT('Origin',(1.153752320355,73.77575,28.157));
#6035=CARTESIAN_POINT('Origin',(83.61625,2.02425000000002,30.157));
#6036=CARTESIAN_POINT('',(81.175,1.364,30.157));
#6037=CARTESIAN_POINT('Origin',(84.175,1.364,30.157));
#6038=CARTESIAN_POINT('',(85.675,1.364,30.157));
#6039=CARTESIAN_POINT('Origin',(84.175,1.364,30.157));
#6040=CARTESIAN_POINT('Origin',(83.61625,2.02425000000002,30.157));
#6041=CARTESIAN_POINT('',(83.833,-2.951,30.157));
#6042=CARTESIAN_POINT('Origin',(83.833,2.049,30.157));
#6043=CARTESIAN_POINT('',(64.3885,-2.951,30.157));
#6044=CARTESIAN_POINT('',(78.4,-2.9515,30.157));
#6045=CARTESIAN_POINT('',(78.4,7.00000000000003,30.157));
#6046=CARTESIAN_POINT('',(83.8325,-2.9515,30.157));
#6047=CARTESIAN_POINT('',(78.4,-2.9515,30.157));
#6048=CARTESIAN_POINT('Origin',(83.8325,2.04850000000001,30.157));
#6049=CARTESIAN_POINT('Origin',(84.175,1.364,28.157));
#6050=CARTESIAN_POINT('',(85.675,1.364,28.157));
#6051=CARTESIAN_POINT('',(85.675,1.364,28.157));
#6052=CARTESIAN_POINT('Origin',(84.175,1.364,28.157));
#6053=CARTESIAN_POINT('Origin',(78.4,-2.9515,28.157));
#6054=CARTESIAN_POINT('',(78.4,-2.9515,28.157));
#6055=CARTESIAN_POINT('',(83.8325,-2.9515,28.157));
#6056=CARTESIAN_POINT('',(78.4,-2.9515,28.157));
#6057=CARTESIAN_POINT('',(83.8325,-2.9515,28.157));
#6058=CARTESIAN_POINT('',(78.4,-2.9515,28.157));
#6059=CARTESIAN_POINT('Origin',(78.4,7.00000000000003,28.157));
#6060=CARTESIAN_POINT('',(78.4,7.00000000000003,28.157));
#6061=CARTESIAN_POINT('',(78.4,7.00000000000003,28.157));
#6062=CARTESIAN_POINT('',(78.4,7.00000000000003,28.157));
#6063=CARTESIAN_POINT('Origin',(88.8325,7.00000000000003,28.157));
#6064=CARTESIAN_POINT('',(88.8325,7.00000000000003,28.157));
#6065=CARTESIAN_POINT('',(88.8325,7.00000000000003,28.157));
#6066=CARTESIAN_POINT('',(88.8325,7.00000000000003,28.157));
#6067=CARTESIAN_POINT('Origin',(88.8325,2.0485,28.157));
#6068=CARTESIAN_POINT('',(88.8325,2.0485,28.157));
#6069=CARTESIAN_POINT('',(88.8325,2.0485,28.157));
#6070=CARTESIAN_POINT('',(88.8325,2.0485,28.157));
#6071=CARTESIAN_POINT('Origin',(83.8325,2.04850000000001,28.157));
#6072=CARTESIAN_POINT('Origin',(83.8325,2.04850000000001,28.157));
#6073=CARTESIAN_POINT('Origin',(83.61625,2.02425000000002,28.157));
#6074=CARTESIAN_POINT('Origin',(1.78564204447935,2.02425000000002,30.157));
#6075=CARTESIAN_POINT('',(4.025,1.364,30.157));
#6076=CARTESIAN_POINT('Origin',(1.025,1.364,30.157));
#6077=CARTESIAN_POINT('',(2.525,1.364,30.157));
#6078=CARTESIAN_POINT('Origin',(1.025,1.364,30.157));
#6079=CARTESIAN_POINT('Origin',(1.78564204447935,2.02425000000002,30.157));
#6080=CARTESIAN_POINT('',(-3.432,5.68111960815586,30.157));
#6081=CARTESIAN_POINT('',(-3.432,20.202,30.157));
#6082=CARTESIAN_POINT('',(-3.43250000000001,6.99603300871535,30.157));
#6083=CARTESIAN_POINT('',(7.00000000000003,7.00000000000003,30.157));
#6084=CARTESIAN_POINT('',(-3.43250000000001,6.99603300871535,30.157));
#6085=CARTESIAN_POINT('Origin',(1.025,1.364,28.157));
#6086=CARTESIAN_POINT('',(2.525,1.364,28.157));
#6087=CARTESIAN_POINT('',(2.525,1.364,28.157));
#6088=CARTESIAN_POINT('Origin',(1.025,1.364,28.157));
#6089=CARTESIAN_POINT('Origin',(-3.43250000000001,6.99603300871535,28.157));
#6090=CARTESIAN_POINT('',(-3.43250000000001,6.99603300871535,28.157));
#6091=CARTESIAN_POINT('',(-3.43061717679638,2.04453408614601,28.157));
#6092=CARTESIAN_POINT('',(-3.43250000000001,6.99603300871535,28.157));
#6093=CARTESIAN_POINT('',(-3.43061717679638,2.04453408614601,30.157));
#6094=CARTESIAN_POINT('',(-3.43061717679638,2.04453408614601,28.157));
#6095=CARTESIAN_POINT('',(-3.43880995218357,23.5901143743988,30.157));
#6096=CARTESIAN_POINT('',(-3.43250000000001,6.99603300871535,28.157));
#6097=CARTESIAN_POINT('Origin',(7.00000000000003,7.00000000000003,28.157));
#6098=CARTESIAN_POINT('',(7.00000000000003,7.00000000000003,28.157));
#6099=CARTESIAN_POINT('',(7.00000000000003,7.00000000000003,28.157));
#6100=CARTESIAN_POINT('',(7.00000000000003,7.00000000000003,28.157));
#6101=CARTESIAN_POINT('Origin',(7.00000000000003,2.07500000000003,28.157));
#6102=CARTESIAN_POINT('',(7.00000000000003,2.07500000000003,28.157));
#6103=CARTESIAN_POINT('',(7.00000000000003,2.07500000000003,28.157));
#6104=CARTESIAN_POINT('',(7.00000000000003,2.07500000000003,28.157));
#6105=CARTESIAN_POINT('Origin',(7.00187274690413,2.07500000000003,28.157));
#6106=CARTESIAN_POINT('',(7.00187274690413,2.07500000000003,28.157));
#6107=CARTESIAN_POINT('',(78.4,2.07500000000003,28.157));
#6108=CARTESIAN_POINT('',(7.00187274690413,2.07500000000003,28.157));
#6109=CARTESIAN_POINT('Origin',(7.0037840889587,-2.95149856108814,28.157));
#6110=CARTESIAN_POINT('',(7.0037840889587,-2.95149856108814,28.157));
#6111=CARTESIAN_POINT('',(7.0037840889587,-2.95149856108814,28.157));
#6112=CARTESIAN_POINT('',(7.0037840889587,-2.95149856108814,30.157));
#6113=CARTESIAN_POINT('',(7.0037840889587,-2.95149856108814,30.157));
#6114=CARTESIAN_POINT('',(7.0037840889587,-2.95149856108814,28.157));
#6115=CARTESIAN_POINT('Origin',(1.56749999999999,-2.95149999999999,28.157));
#6116=CARTESIAN_POINT('',(1.56749999999999,-2.95149999999999,28.157));
#6117=CARTESIAN_POINT('',(1.56749999999999,-2.95149999999999,28.157));
#6118=CARTESIAN_POINT('',(1.56749999999999,-2.95149999999999,30.157));
#6119=CARTESIAN_POINT('',(1.56749999999999,-2.95149999999999,30.157));
#6120=CARTESIAN_POINT('',(1.56749999999999,-2.95149999999999,28.157));
#6121=CARTESIAN_POINT('Origin',(1.56749999999999,2.0485,28.157));
#6122=CARTESIAN_POINT('',(-2.12634813003434,-1.3212902000335,28.157));
#6123=CARTESIAN_POINT('Origin',(1.56749999999999,2.0485,28.157));
#6124=CARTESIAN_POINT('',(-2.12634813003434,-1.3212902000335,30.157));
#6125=CARTESIAN_POINT('Origin',(1.56749999999999,2.0485,30.157));
#6126=CARTESIAN_POINT('',(-2.12634813003434,-1.3212902000335,28.157));
#6127=CARTESIAN_POINT('Origin',(1.56938246172246,2.04643535190105,28.157));
#6128=CARTESIAN_POINT('Origin',(1.56938246172246,2.04643535190105,28.157));
#6129=CARTESIAN_POINT('',(-2.83259096895292,-0.324773182924162,30.157));
#6130=CARTESIAN_POINT('Origin',(1.56938246172246,2.04643535190105,30.157));
#6131=CARTESIAN_POINT('Origin',(1.56938246172246,2.04643535190105,30.157));
#6132=CARTESIAN_POINT('Origin',(1.78564204447935,2.02425000000002,30.157));
#6133=CARTESIAN_POINT('',(1.568,-2.951,30.157));
#6134=CARTESIAN_POINT('Origin',(1.568,2.049,30.157));
#6135=CARTESIAN_POINT('',(64.3885,-2.951,30.157));
#6136=CARTESIAN_POINT('Origin',(1.78564204447935,2.02425000000002,28.157));
#6137=CARTESIAN_POINT('Origin',(43.377,40.202,30.157));
#6138=CARTESIAN_POINT('',(-3.432,2.049,30.157));
#6139=CARTESIAN_POINT('Origin',(1.568,2.049,30.157));
#6140=CARTESIAN_POINT('',(-3.432,20.202,30.157));
#6141=CARTESIAN_POINT('Origin',(1.568,73.751,33.157));
#6142=CARTESIAN_POINT('',(-3.432,73.751,32.157));
#6143=CARTESIAN_POINT('',(-3.432,73.751,33.157));
#6144=CARTESIAN_POINT('',(1.568,78.751,32.157));
#6145=CARTESIAN_POINT('Origin',(1.568,73.751,32.157));
#6146=CARTESIAN_POINT('',(1.568,78.751,33.157));
#6147=CARTESIAN_POINT('Origin',(43.377,40.202,32.157));
#6148=CARTESIAN_POINT('',(-3.432,2.049,32.157));
#6149=CARTESIAN_POINT('',(-3.432,20.202,32.157));
#6150=CARTESIAN_POINT('',(1.568,-2.951,32.157));
#6151=CARTESIAN_POINT('Origin',(1.568,2.049,32.157));
#6152=CARTESIAN_POINT('',(83.833,-2.951,32.157));
#6153=CARTESIAN_POINT('',(64.3885,-2.951,32.157));
#6154=CARTESIAN_POINT('',(88.833,2.049,32.157));
#6155=CARTESIAN_POINT('Origin',(83.833,2.049,32.157));
#6156=CARTESIAN_POINT('',(88.833,73.751,32.157));
#6157=CARTESIAN_POINT('',(88.833,39.048,32.157));
#6158=CARTESIAN_POINT('',(83.833,78.751,32.157));
#6159=CARTESIAN_POINT('Origin',(83.833,73.751,32.157));
#6160=CARTESIAN_POINT('',(21.6885,78.751,32.157));
#6161=CARTESIAN_POINT('',(81.175,1.364,32.157));
#6162=CARTESIAN_POINT('Origin',(84.175,1.364,32.157));
#6163=CARTESIAN_POINT('',(50.377,65.202,32.157));
#6164=CARTESIAN_POINT('',(50.377,52.202,32.157));
#6165=CARTESIAN_POINT('',(50.377,46.202,32.157));
#6166=CARTESIAN_POINT('',(49.377,51.202,32.157));
#6167=CARTESIAN_POINT('Origin',(49.377,52.202,32.157));
#6168=CARTESIAN_POINT('',(36.377,51.202,32.157));
#6169=CARTESIAN_POINT('',(39.877,51.202,32.157));
#6170=CARTESIAN_POINT('',(35.377,52.202,32.157));
#6171=CARTESIAN_POINT('Origin',(36.377,52.202,32.157));
#6172=CARTESIAN_POINT('',(35.377,65.202,32.157));
#6173=CARTESIAN_POINT('',(35.377,52.702,32.157));
#6174=CARTESIAN_POINT('',(36.377,66.202,32.157));
#6175=CARTESIAN_POINT('Origin',(36.377,65.202,32.157));
#6176=CARTESIAN_POINT('',(49.377,66.202,32.157));
#6177=CARTESIAN_POINT('',(46.377,66.202,32.157));
#6178=CARTESIAN_POINT('Origin',(49.377,65.202,32.157));
#6179=CARTESIAN_POINT('',(69.377,65.202,32.157));
#6180=CARTESIAN_POINT('',(69.377,52.202,32.157));
#6181=CARTESIAN_POINT('',(69.377,46.202,32.157));
#6182=CARTESIAN_POINT('',(68.377,51.202,32.157));
#6183=CARTESIAN_POINT('Origin',(68.377,52.202,32.157));
#6184=CARTESIAN_POINT('',(55.377,51.202,32.157));
#6185=CARTESIAN_POINT('',(49.377,51.202,32.157));
#6186=CARTESIAN_POINT('',(54.377,52.202,32.157));
#6187=CARTESIAN_POINT('Origin',(55.377,52.202,32.157));
#6188=CARTESIAN_POINT('',(54.377,65.202,32.157));
#6189=CARTESIAN_POINT('',(54.377,52.702,32.157));
#6190=CARTESIAN_POINT('',(55.377,66.202,32.157));
#6191=CARTESIAN_POINT('Origin',(55.377,65.202,32.157));
#6192=CARTESIAN_POINT('',(68.377,66.202,32.157));
#6193=CARTESIAN_POINT('',(55.877,66.202,32.157));
#6194=CARTESIAN_POINT('Origin',(68.377,65.202,32.157));
#6195=CARTESIAN_POINT('',(31.377,65.202,32.157));
#6196=CARTESIAN_POINT('',(31.377,52.202,32.157));
#6197=CARTESIAN_POINT('',(31.377,46.202,32.157));
#6198=CARTESIAN_POINT('',(30.377,51.202,32.157));
#6199=CARTESIAN_POINT('Origin',(30.377,52.202,32.157));
#6200=CARTESIAN_POINT('',(17.377,51.202,32.157));
#6201=CARTESIAN_POINT('',(30.377,51.202,32.157));
#6202=CARTESIAN_POINT('',(16.377,52.202,32.157));
#6203=CARTESIAN_POINT('Origin',(17.377,52.202,32.157));
#6204=CARTESIAN_POINT('',(16.377,65.202,32.157));
#6205=CARTESIAN_POINT('',(16.377,52.702,32.157));
#6206=CARTESIAN_POINT('',(17.377,66.202,32.157));
#6207=CARTESIAN_POINT('Origin',(17.377,65.202,32.157));
#6208=CARTESIAN_POINT('',(30.377,66.202,32.157));
#6209=CARTESIAN_POINT('',(36.877,66.202,32.157));
#6210=CARTESIAN_POINT('Origin',(30.377,65.202,32.157));
#6211=CARTESIAN_POINT('',(31.377,46.202,32.157));
#6212=CARTESIAN_POINT('',(31.377,33.202,32.157));
#6213=CARTESIAN_POINT('',(31.377,36.702,32.157));
#6214=CARTESIAN_POINT('',(30.377,32.202,32.157));
#6215=CARTESIAN_POINT('Origin',(30.377,33.202,32.157));
#6216=CARTESIAN_POINT('',(17.377,32.202,32.157));
#6217=CARTESIAN_POINT('',(30.377,32.202,32.157));
#6218=CARTESIAN_POINT('',(16.377,33.202,32.157));
#6219=CARTESIAN_POINT('Origin',(17.377,33.202,32.157));
#6220=CARTESIAN_POINT('',(16.377,46.202,32.157));
#6221=CARTESIAN_POINT('',(16.377,43.202,32.157));
#6222=CARTESIAN_POINT('',(17.377,47.202,32.157));
#6223=CARTESIAN_POINT('Origin',(17.377,46.202,32.157));
#6224=CARTESIAN_POINT('',(30.377,47.202,32.157));
#6225=CARTESIAN_POINT('',(36.877,47.202,32.157));
#6226=CARTESIAN_POINT('Origin',(30.377,46.202,32.157));
#6227=CARTESIAN_POINT('',(50.377,46.202,32.157));
#6228=CARTESIAN_POINT('',(50.377,33.202,32.157));
#6229=CARTESIAN_POINT('',(50.377,36.702,32.157));
#6230=CARTESIAN_POINT('',(49.377,32.202,32.157));
#6231=CARTESIAN_POINT('Origin',(49.377,33.202,32.157));
#6232=CARTESIAN_POINT('',(36.377,32.202,32.157));
#6233=CARTESIAN_POINT('',(39.877,32.202,32.157));
#6234=CARTESIAN_POINT('',(35.377,33.202,32.157));
#6235=CARTESIAN_POINT('Origin',(36.377,33.202,32.157));
#6236=CARTESIAN_POINT('',(35.377,46.202,32.157));
#6237=CARTESIAN_POINT('',(35.377,43.202,32.157));
#6238=CARTESIAN_POINT('',(36.377,47.202,32.157));
#6239=CARTESIAN_POINT('Origin',(36.377,46.202,32.157));
#6240=CARTESIAN_POINT('',(49.377,47.202,32.157));
#6241=CARTESIAN_POINT('',(46.377,47.202,32.157));
#6242=CARTESIAN_POINT('Origin',(49.377,46.202,32.157));
#6243=CARTESIAN_POINT('',(69.377,46.202,32.157));
#6244=CARTESIAN_POINT('',(69.377,33.202,32.157));
#6245=CARTESIAN_POINT('',(69.377,36.702,32.157));
#6246=CARTESIAN_POINT('',(68.377,32.202,32.157));
#6247=CARTESIAN_POINT('Origin',(68.377,33.202,32.157));
#6248=CARTESIAN_POINT('',(55.377,32.202,32.157));
#6249=CARTESIAN_POINT('',(49.377,32.202,32.157));
#6250=CARTESIAN_POINT('',(54.377,33.202,32.157));
#6251=CARTESIAN_POINT('Origin',(55.377,33.202,32.157));
#6252=CARTESIAN_POINT('',(54.377,46.202,32.157));
#6253=CARTESIAN_POINT('',(54.377,43.202,32.157));
#6254=CARTESIAN_POINT('',(55.377,47.202,32.157));
#6255=CARTESIAN_POINT('Origin',(55.377,46.202,32.157));
#6256=CARTESIAN_POINT('',(68.377,47.202,32.157));
#6257=CARTESIAN_POINT('',(55.877,47.202,32.157));
#6258=CARTESIAN_POINT('Origin',(68.377,46.202,32.157));
#6259=CARTESIAN_POINT('',(-1.975,74.05,32.157));
#6260=CARTESIAN_POINT('Origin',(1.025,74.05,32.157));
#6261=CARTESIAN_POINT('',(4.025,1.364,32.157));
#6262=CARTESIAN_POINT('Origin',(1.025,1.364,32.157));
#6263=CARTESIAN_POINT('',(81.175,74.05,32.157));
#6264=CARTESIAN_POINT('Origin',(84.175,74.05,32.157));
#6265=CARTESIAN_POINT('Origin',(-3.432,0.202,33.157));
#6266=CARTESIAN_POINT('',(-3.432,2.049,33.157));
#6267=CARTESIAN_POINT('Origin',(1.568,2.049,33.157));
#6268=CARTESIAN_POINT('',(1.568,-2.951,33.157));
#6269=CARTESIAN_POINT('Origin',(83.833,2.049,33.157));
#6270=CARTESIAN_POINT('',(88.833,2.049,33.157));
#6271=CARTESIAN_POINT('',(83.833,-2.951,33.157));
#6272=CARTESIAN_POINT('Origin',(88.833,76.204,33.157));
#6273=CARTESIAN_POINT('',(88.833,73.751,33.157));
#6274=CARTESIAN_POINT('Origin',(83.833,73.751,33.157));
#6275=CARTESIAN_POINT('',(83.833,78.751,33.157));
#6276=CARTESIAN_POINT('Origin',(0.,78.751,33.157));
#6277=CARTESIAN_POINT('Origin',(84.175,74.05,32.15));
#6278=CARTESIAN_POINT('',(81.175,74.05,32.15));
#6279=CARTESIAN_POINT('Origin',(84.175,1.364,32.15));
#6280=CARTESIAN_POINT('',(81.175,1.364,32.15));
#6281=CARTESIAN_POINT('Origin',(1.025,1.364,30.15));
#6282=CARTESIAN_POINT('',(4.025,1.364,30.15));
#6283=CARTESIAN_POINT('Origin',(1.025,74.05,32.15));
#6284=CARTESIAN_POINT('',(-1.975,74.05,32.15));
#6285=CARTESIAN_POINT('Origin',(85.4,-2.951,33.157));
#6286=CARTESIAN_POINT('Origin',(54.377,46.202,26.157));
#6287=CARTESIAN_POINT('',(54.377,33.202,26.157));
#6288=CARTESIAN_POINT('',(54.377,46.202,26.157));
#6289=CARTESIAN_POINT('Origin',(55.377,46.202,26.157));
#6290=CARTESIAN_POINT('',(55.377,47.202,26.157));
#6291=CARTESIAN_POINT('Origin',(68.377,47.202,26.157));
#6292=CARTESIAN_POINT('',(68.377,47.202,26.157));
#6293=CARTESIAN_POINT('Origin',(68.377,46.202,26.157));
#6294=CARTESIAN_POINT('',(69.377,46.202,26.157));
#6295=CARTESIAN_POINT('Origin',(69.377,33.202,26.157));
#6296=CARTESIAN_POINT('',(69.377,33.202,26.157));
#6297=CARTESIAN_POINT('Origin',(68.377,33.202,26.157));
#6298=CARTESIAN_POINT('',(68.377,32.202,26.157));
#6299=CARTESIAN_POINT('Origin',(55.377,32.202,26.157));
#6300=CARTESIAN_POINT('',(55.377,32.202,26.157));
#6301=CARTESIAN_POINT('Origin',(55.377,33.202,26.157));
#6302=CARTESIAN_POINT('Origin',(35.377,46.202,26.157));
#6303=CARTESIAN_POINT('',(35.377,33.202,26.157));
#6304=CARTESIAN_POINT('',(35.377,46.202,26.157));
#6305=CARTESIAN_POINT('Origin',(36.377,46.202,26.157));
#6306=CARTESIAN_POINT('',(36.377,47.202,26.157));
#6307=CARTESIAN_POINT('Origin',(49.377,47.202,26.157));
#6308=CARTESIAN_POINT('',(49.377,47.202,26.157));
#6309=CARTESIAN_POINT('Origin',(49.377,46.202,26.157));
#6310=CARTESIAN_POINT('',(50.377,46.202,26.157));
#6311=CARTESIAN_POINT('Origin',(50.377,33.202,26.157));
#6312=CARTESIAN_POINT('',(50.377,33.202,26.157));
#6313=CARTESIAN_POINT('Origin',(49.377,33.202,26.157));
#6314=CARTESIAN_POINT('',(49.377,32.202,26.157));
#6315=CARTESIAN_POINT('Origin',(36.377,32.202,26.157));
#6316=CARTESIAN_POINT('',(36.377,32.202,26.157));
#6317=CARTESIAN_POINT('Origin',(36.377,33.202,26.157));
#6318=CARTESIAN_POINT('Origin',(16.377,46.202,26.157));
#6319=CARTESIAN_POINT('',(16.377,33.202,26.157));
#6320=CARTESIAN_POINT('',(16.377,46.202,26.157));
#6321=CARTESIAN_POINT('Origin',(17.377,46.202,26.157));
#6322=CARTESIAN_POINT('',(17.377,47.202,26.157));
#6323=CARTESIAN_POINT('Origin',(30.377,47.202,26.157));
#6324=CARTESIAN_POINT('',(30.377,47.202,26.157));
#6325=CARTESIAN_POINT('Origin',(30.377,46.202,26.157));
#6326=CARTESIAN_POINT('',(31.377,46.202,26.157));
#6327=CARTESIAN_POINT('Origin',(31.377,33.202,26.157));
#6328=CARTESIAN_POINT('',(31.377,33.202,26.157));
#6329=CARTESIAN_POINT('Origin',(30.377,33.202,26.157));
#6330=CARTESIAN_POINT('',(30.377,32.202,26.157));
#6331=CARTESIAN_POINT('Origin',(17.377,32.202,26.157));
#6332=CARTESIAN_POINT('',(17.377,32.202,26.157));
#6333=CARTESIAN_POINT('Origin',(17.377,33.202,26.157));
#6334=CARTESIAN_POINT('Origin',(16.377,65.202,26.157));
#6335=CARTESIAN_POINT('',(16.377,52.202,26.157));
#6336=CARTESIAN_POINT('',(16.377,65.202,26.157));
#6337=CARTESIAN_POINT('Origin',(17.377,65.202,26.157));
#6338=CARTESIAN_POINT('',(17.377,66.202,26.157));
#6339=CARTESIAN_POINT('Origin',(30.377,66.202,26.157));
#6340=CARTESIAN_POINT('',(30.377,66.202,26.157));
#6341=CARTESIAN_POINT('Origin',(30.377,65.202,26.157));
#6342=CARTESIAN_POINT('',(31.377,65.202,26.157));
#6343=CARTESIAN_POINT('Origin',(31.377,52.202,26.157));
#6344=CARTESIAN_POINT('',(31.377,52.202,26.157));
#6345=CARTESIAN_POINT('Origin',(30.377,52.202,26.157));
#6346=CARTESIAN_POINT('',(30.377,51.202,26.157));
#6347=CARTESIAN_POINT('Origin',(17.377,51.202,26.157));
#6348=CARTESIAN_POINT('',(17.377,51.202,26.157));
#6349=CARTESIAN_POINT('Origin',(17.377,52.202,26.157));
#6350=CARTESIAN_POINT('Origin',(54.377,65.202,26.157));
#6351=CARTESIAN_POINT('',(54.377,52.202,26.157));
#6352=CARTESIAN_POINT('',(54.377,65.202,26.157));
#6353=CARTESIAN_POINT('Origin',(55.377,65.202,26.157));
#6354=CARTESIAN_POINT('',(55.377,66.202,26.157));
#6355=CARTESIAN_POINT('Origin',(68.377,66.202,26.157));
#6356=CARTESIAN_POINT('',(68.377,66.202,26.157));
#6357=CARTESIAN_POINT('Origin',(68.377,65.202,26.157));
#6358=CARTESIAN_POINT('',(69.377,65.202,26.157));
#6359=CARTESIAN_POINT('Origin',(69.377,52.202,26.157));
#6360=CARTESIAN_POINT('',(69.377,52.202,26.157));
#6361=CARTESIAN_POINT('Origin',(68.377,52.202,26.157));
#6362=CARTESIAN_POINT('',(68.377,51.202,26.157));
#6363=CARTESIAN_POINT('Origin',(55.377,51.202,26.157));
#6364=CARTESIAN_POINT('',(55.377,51.202,26.157));
#6365=CARTESIAN_POINT('Origin',(55.377,52.202,26.157));
#6366=CARTESIAN_POINT('Origin',(35.377,65.202,26.157));
#6367=CARTESIAN_POINT('',(35.377,52.202,26.157));
#6368=CARTESIAN_POINT('',(35.377,65.202,26.157));
#6369=CARTESIAN_POINT('Origin',(36.377,65.202,26.157));
#6370=CARTESIAN_POINT('',(36.377,66.202,26.157));
#6371=CARTESIAN_POINT('Origin',(49.377,66.202,26.157));
#6372=CARTESIAN_POINT('',(49.377,66.202,26.157));
#6373=CARTESIAN_POINT('Origin',(49.377,65.202,26.157));
#6374=CARTESIAN_POINT('',(50.377,65.202,26.157));
#6375=CARTESIAN_POINT('Origin',(50.377,52.202,26.157));
#6376=CARTESIAN_POINT('',(50.377,52.202,26.157));
#6377=CARTESIAN_POINT('Origin',(49.377,52.202,26.157));
#6378=CARTESIAN_POINT('',(49.377,51.202,26.157));
#6379=CARTESIAN_POINT('Origin',(36.377,51.202,26.157));
#6380=CARTESIAN_POINT('',(36.377,51.202,26.157));
#6381=CARTESIAN_POINT('Origin',(36.377,52.202,26.157));
#6382=CARTESIAN_POINT('Origin',(47.319999999999,0.151896000000011,22.07));
#6383=CARTESIAN_POINT('',(47.319999999999,-4.95571849033685,18.07));
#6384=CARTESIAN_POINT('',(51.319999999999,-2.62766289740205,22.07));
#6385=CARTESIAN_POINT('Origin',(47.319999999999,-2.62766289740205,22.07));
#6386=CARTESIAN_POINT('',(47.319999999999,-8.81785948114642,18.07));
#6387=CARTESIAN_POINT('',(47.319999999999,0.151896000000011,18.07));
#6388=CARTESIAN_POINT('',(51.319999999999,-6.48993532204248,22.07));
#6389=CARTESIAN_POINT('Origin',(47.319999999999,-6.48993532204248,22.07));
#6390=CARTESIAN_POINT('',(51.319999999999,0.151896000000011,22.07));
#6391=CARTESIAN_POINT('Origin',(51.319999999999,-1.13060399999999,17.07));
#6392=CARTESIAN_POINT('',(51.319999999999,-2.59856220249036,22.12));
#6393=CARTESIAN_POINT('',(51.319999999999,-4.52403900231837,18.8116996214842));
#6394=CARTESIAN_POINT('',(51.319999999999,-6.46083627005367,22.12));
#6395=CARTESIAN_POINT('',(51.319999999999,-5.12957989838487,24.4074566019904));
#6396=CARTESIAN_POINT('',(51.319999999999,0.151896000000011,22.12));
#6397=CARTESIAN_POINT('Origin',(47.319999999999,0.151896000000011,22.12));
#6398=CARTESIAN_POINT('',(47.319999999999,-0.270506609555559,26.12));
#6399=CARTESIAN_POINT('Origin',(47.319999999999,-2.59856220249036,22.12));
#6400=CARTESIAN_POINT('',(47.319999999999,-4.13291211094973,26.12));
#6401=CARTESIAN_POINT('Origin',(47.319999999999,-6.46083627005367,22.12));
#6402=CARTESIAN_POINT('',(47.319999999999,0.151896000000011,26.12));
#6403=CARTESIAN_POINT('Origin',(42.819999999999,1.43439600000001,26.12));
#6404=CARTESIAN_POINT('',(38.319999999999,-0.27050660955556,26.12));
#6405=CARTESIAN_POINT('',(42.7599999999995,-0.270506609555557,26.12));
#6406=CARTESIAN_POINT('',(38.319999999999,-4.13291211094973,26.12));
#6407=CARTESIAN_POINT('',(19.6937499999995,-4.13291211094973,26.12));
#6408=CARTESIAN_POINT('',(38.319999999999,2.71689600000001,26.12));
#6409=CARTESIAN_POINT('Origin',(42.819999999999,1.43439600000001,18.07));
#6410=CARTESIAN_POINT('',(38.319999999999,-4.95571849033685,18.07));
#6411=CARTESIAN_POINT('',(42.7599999999995,-4.95571849033685,18.07));
#6412=CARTESIAN_POINT('',(38.319999999999,-8.81785948114642,18.07));
#6413=CARTESIAN_POINT('',(38.319999999999,2.71689600000001,18.07));
#6414=CARTESIAN_POINT('',(19.6937499999995,-8.81785948114642,18.07));
#6415=CARTESIAN_POINT('Origin',(38.319999999999,2.71689600000001,22.07));
#6416=CARTESIAN_POINT('',(34.319999999999,-2.62766289740205,22.07));
#6417=CARTESIAN_POINT('Origin',(38.319999999999,-2.62766289740205,22.07));
#6418=CARTESIAN_POINT('',(34.319999999999,-6.48993532204248,22.07));
#6419=CARTESIAN_POINT('',(34.319999999999,2.71689600000001,22.07));
#6420=CARTESIAN_POINT('Origin',(38.319999999999,-6.48993532204248,22.07));
#6421=CARTESIAN_POINT('Origin',(38.319999999999,2.71689600000001,22.12));
#6422=CARTESIAN_POINT('',(34.319999999999,-2.59856220249036,22.12));
#6423=CARTESIAN_POINT('Origin',(38.319999999999,-2.59856220249036,22.12));
#6424=CARTESIAN_POINT('',(34.319999999999,-6.46083627005367,22.12));
#6425=CARTESIAN_POINT('Origin',(38.319999999999,-6.46083627005368,22.12));
#6426=CARTESIAN_POINT('',(34.319999999999,2.71689600000001,22.12));
#6427=CARTESIAN_POINT('Origin',(34.319999999999,3.99939600000001,17.07));
#6428=CARTESIAN_POINT('',(34.319999999999,-3.87501944621264,19.9268268685747));
#6429=CARTESIAN_POINT('',(34.319999999999,-4.48061508236181,25.5225527506087));
#6430=CARTESIAN_POINT('Origin',(1.025,74.05,14.15));
#6431=CARTESIAN_POINT('',(-0.474999999999997,74.05,14.15));
#6432=CARTESIAN_POINT('Origin',(1.025,74.05,14.15));
#6433=CARTESIAN_POINT('Origin',(84.175,1.364,14.15));
#6434=CARTESIAN_POINT('',(82.675,1.364,14.15));
#6435=CARTESIAN_POINT('Origin',(84.175,1.364,14.15));
#6436=CARTESIAN_POINT('Origin',(1.025,1.364,14.15));
#6437=CARTESIAN_POINT('',(-0.474999999999997,1.364,14.15));
#6438=CARTESIAN_POINT('Origin',(1.025,1.364,14.15));
#6439=CARTESIAN_POINT('Origin',(84.175,74.05,14.15));
#6440=CARTESIAN_POINT('',(82.675,74.05,14.15));
#6441=CARTESIAN_POINT('Origin',(84.175,74.05,14.15));
#6442=CARTESIAN_POINT('Origin',(79.89000464071,78.7515,28.1499838486224));
#6443=CARTESIAN_POINT('',(79.89000464071,77.4019101842112,28.1499838486224));
#6444=CARTESIAN_POINT('',(79.89000464071,76.2378025670799,30.1499838486225));
#6445=CARTESIAN_POINT('',(79.89000464071,78.5553945443105,26.1682351801585));
#6446=CARTESIAN_POINT('',(79.89000464071,78.7515,28.1499838486224));
#6447=CARTESIAN_POINT('',(79.89000464071,78.7515,28.1499838486224));
#6448=CARTESIAN_POINT('',(79.89000464071,78.7515,30.1499838486225));
#6449=CARTESIAN_POINT('',(79.89000464071,78.7515,28.6499838486225));
#6450=CARTESIAN_POINT('',(79.89000464071,58.32575,30.1499838486225));
#6451=CARTESIAN_POINT('Origin',(83.8325,73.7515,28.1499838486224));
#6452=CARTESIAN_POINT('',(83.8325,78.7515,28.1499838486224));
#6453=CARTESIAN_POINT('',(84.4708964523961,78.7105775321191,28.2202996580459));
#6454=CARTESIAN_POINT('Origin',(83.8325,73.7515,36.7413290270231));
#6455=CARTESIAN_POINT('',(88.8325,73.7515,28.1499838486224));
#6456=CARTESIAN_POINT('Origin',(83.8325,73.7515,28.1499838486224));
#6457=CARTESIAN_POINT('',(88.7966906527278,74.3488367252816,28.214050537169));
#6458=CARTESIAN_POINT('Origin',(83.8325,73.7515,37.0955097276024));
#6459=CARTESIAN_POINT('Ctrl Pts',(84.4708964523961,78.7105775321191,28.2202996580459));
#6460=CARTESIAN_POINT('Ctrl Pts',(84.6146494756183,78.6920717879657,28.2520975052069));
#6461=CARTESIAN_POINT('Ctrl Pts',(84.7556563990825,78.6675292808268,28.281581065028));
#6462=CARTESIAN_POINT('Ctrl Pts',(85.1503784480443,78.5819153049888,28.3596699855596));
#6463=CARTESIAN_POINT('Ctrl Pts',(85.429202160791,78.4986237988816,28.408831265759));
#6464=CARTESIAN_POINT('Ctrl Pts',(85.9690011559099,78.281401208963,28.4895962827964));
#6465=CARTESIAN_POINT('Ctrl Pts',(86.2299551755771,78.1474142883557,28.5211919426798));
#6466=CARTESIAN_POINT('Ctrl Pts',(86.7981931904496,77.796791593152,28.5750669459352));
#6467=CARTESIAN_POINT('Ctrl Pts',(87.1719685765705,77.4943192182555,28.5922958551997));
#6468=CARTESIAN_POINT('Ctrl Pts',(87.7825964183805,76.8547766194283,28.5840632352355));
#6469=CARTESIAN_POINT('Ctrl Pts',(88.0881342438438,76.4266226258174,28.5528839218067));
#6470=CARTESIAN_POINT('Ctrl Pts',(88.5450695603249,75.5003258963622,28.4356913266181));
#6471=CARTESIAN_POINT('Ctrl Pts',(88.6966430014634,75.0022581565579,28.3497714002611));
#6472=CARTESIAN_POINT('Ctrl Pts',(88.7805019614409,74.4733783699811,28.2405855329113));
#6473=CARTESIAN_POINT('Ctrl Pts',(88.7891577274914,74.411439400563,28.2275277326984));
#6474=CARTESIAN_POINT('Ctrl Pts',(88.7966906527278,74.3488367252816,28.214050537169));
#6475=CARTESIAN_POINT('Origin',(79.89000464071,68.8,28.1499838486224));
#6476=CARTESIAN_POINT('',(83.833,68.8,30.1499838486225));
#6477=CARTESIAN_POINT('',(84.9970277964674,68.8,28.1499838486224));
#6478=CARTESIAN_POINT('',(84.8748431012149,68.8,28.359918174286));
#6479=CARTESIAN_POINT('',(88.8325,68.8,30.1499838486225));
#6480=CARTESIAN_POINT('',(61.295002320355,68.8,30.1499838486225));
#6481=CARTESIAN_POINT('',(88.8325,68.8,28.1499838486224));
#6482=CARTESIAN_POINT('',(88.8325,68.8,28.6499838486225));
#6483=CARTESIAN_POINT('',(79.89000464071,68.8,28.1499838486224));
#6484=CARTESIAN_POINT('Origin',(84.361252320355,73.77575,28.1499838486224));
#6485=CARTESIAN_POINT('',(65.76625,78.7515,28.1499838486224));
#6486=CARTESIAN_POINT('',(79.89000464071,68.8,28.1499838486224));
#6487=CARTESIAN_POINT('',(79.89000464071,70.6559160097297,28.1499838486224));
#6488=CARTESIAN_POINT('',(63.5306261601775,68.8,28.1499838486224));
#6489=CARTESIAN_POINT('',(88.8325,37.9,28.1499838486224));
#6490=CARTESIAN_POINT('',(81.675,74.05,28.1499838486224));
#6491=CARTESIAN_POINT('Origin',(84.175,74.05,28.1499838486224));
#6492=CARTESIAN_POINT('Origin',(42.7,37.9,30.1499838486225));
#6493=CARTESIAN_POINT('',(83.833,7.00000000000003,30.1499838486225));
#6494=CARTESIAN_POINT('',(83.833,37.9,30.1499838486225));
#6495=CARTESIAN_POINT('',(88.8325,7.00000000000003,30.1499838486225));
#6496=CARTESIAN_POINT('',(65.76625,7.00000000000003,30.1499838486225));
#6497=CARTESIAN_POINT('',(88.8325,37.9,30.1499838486225));
#6498=CARTESIAN_POINT('Origin',(42.7,37.9,30.1499838486225));
#6499=CARTESIAN_POINT('',(5.74000464071002,78.7515,30.1499838486225));
#6500=CARTESIAN_POINT('',(42.7,78.7515,30.1499838486225));
#6501=CARTESIAN_POINT('',(5.74000464071001,76.23780256708,30.1499838486225));
#6502=CARTESIAN_POINT('',(5.74000464071002,53.35,30.1499838486225));
#6503=CARTESIAN_POINT('',(61.295002320355,76.23780256708,30.1499838486225));
#6504=CARTESIAN_POINT('Origin',(84.175,74.05,24.15));
#6505=CARTESIAN_POINT('',(81.675,74.05,24.15));
#6506=CARTESIAN_POINT('Origin',(84.175,74.05,24.15));
#6507=CARTESIAN_POINT('',(82.675,74.05,24.15));
#6508=CARTESIAN_POINT('Origin',(84.175,74.05,24.15));
#6509=CARTESIAN_POINT('Origin',(-3.43250000000001,68.8,28.1499838486224));
#6510=CARTESIAN_POINT('',(1.56700000000003,68.8,30.1499838486225));
#6511=CARTESIAN_POINT('',(0.402972203532619,68.8,28.1499838486224));
#6512=CARTESIAN_POINT('',(0.525156898785148,68.8,28.359918174286));
#6513=CARTESIAN_POINT('',(-3.43250000000001,68.8,28.1499838486224));
#6514=CARTESIAN_POINT('',(5.74000464071002,68.8,28.1499838486224));
#6515=CARTESIAN_POINT('',(-3.43250000000001,68.8,30.1499838486225));
#6516=CARTESIAN_POINT('',(-3.43250000000001,68.8,28.6499838486225));
#6517=CARTESIAN_POINT('',(19.63375,68.8,30.1499838486225));
#6518=CARTESIAN_POINT('Origin',(5.74000464071002,68.8,28.1499838486224));
#6519=CARTESIAN_POINT('',(5.74000464071002,77.4019101842112,28.1499838486224));
#6520=CARTESIAN_POINT('',(5.74000464071001,78.5553945443105,26.1682351801586));
#6521=CARTESIAN_POINT('',(5.74000464071002,78.7515,28.1499838486224));
#6522=CARTESIAN_POINT('',(5.74000464071002,78.7515,28.6499838486225));
#6523=CARTESIAN_POINT('',(5.74000464071002,78.7515,28.1499838486224));
#6524=CARTESIAN_POINT('Origin',(1.56749999999998,73.7515,28.1499838486224));
#6525=CARTESIAN_POINT('',(-3.3966906527278,74.3488367252816,28.2140505371691));
#6526=CARTESIAN_POINT('',(-3.43250000000001,73.7515,28.1499838486224));
#6527=CARTESIAN_POINT('Origin',(1.56749999999999,73.7515,37.0955097276024));
#6528=CARTESIAN_POINT('',(1.56749999999999,78.7515,28.1499838486224));
#6529=CARTESIAN_POINT('Origin',(1.56749999999998,73.7515,28.1499838486224));
#6530=CARTESIAN_POINT('',(0.929103547603796,78.7105775321191,28.2202996580459));
#6531=CARTESIAN_POINT('Origin',(1.56749999999999,73.7515,36.7413290270231));
#6532=CARTESIAN_POINT('Ctrl Pts',(-3.39669065272779,74.3488367252816,28.2140505371691));
#6533=CARTESIAN_POINT('Ctrl Pts',(-3.38967337178991,74.407154118077,28.2266051908151));
#6534=CARTESIAN_POINT('Ctrl Pts',(-3.38161294006772,74.4654685639085,28.2389193286789));
#6535=CARTESIAN_POINT('Ctrl Pts',(-3.30332873313294,74.966298579667,28.3425760847586));
#6536=CARTESIAN_POINT('Ctrl Pts',(-3.17076686654792,75.4020983663902,28.4177374675734));
#6537=CARTESIAN_POINT('Ctrl Pts',(-2.89122072216632,76.0300458321746,28.5045202790674));
#6538=CARTESIAN_POINT('Ctrl Pts',(-2.75050445021538,76.2895261978766,28.5342739924886));
#6539=CARTESIAN_POINT('Ctrl Pts',(-2.42268327748592,76.7789043049034,28.5750468432767));
#6540=CARTESIAN_POINT('Ctrl Pts',(-2.23555077483099,77.0087852423288,28.5860457372079));
#6541=CARTESIAN_POINT('Ctrl Pts',(-1.86132847221528,77.4007279078394,28.5910910852719));
#6542=CARTESIAN_POINT('Ctrl Pts',(-1.63922935057006,77.599165597597,28.5855417826545));
#6543=CARTESIAN_POINT('Ctrl Pts',(-1.16278013692683,77.9506920714172,28.5549295240264));
#6544=CARTESIAN_POINT('Ctrl Pts',(-0.908445007640605,78.1038011411905,28.5298666382804));
#6545=CARTESIAN_POINT('Ctrl Pts',(-0.300410849425294,78.4075562031506,28.4540367180372));
#6546=CARTESIAN_POINT('Ctrl Pts',(0.119360601433295,78.5572155411374,28.3863750152328));
#6547=CARTESIAN_POINT('Ctrl Pts',(0.674903347318686,78.6728800005559,28.2751991384262));
#6548=CARTESIAN_POINT('Ctrl Pts',(0.802238742105641,78.6942458572784,28.2483618692253));
#6549=CARTESIAN_POINT('Ctrl Pts',(0.929103547600093,78.7105775321186,28.2202996580467));
#6550=CARTESIAN_POINT('Origin',(1.153752320355,73.77575,28.1499838486224));
#6551=CARTESIAN_POINT('',(5.74000464071002,69.1906087417096,28.1499838486224));
#6552=CARTESIAN_POINT('',(5.50000000000003,69.1906087417096,28.1499838486224));
#6553=CARTESIAN_POINT('',(21.9268761601775,69.1906087417096,28.1499838486224));
#6554=CARTESIAN_POINT('',(5.74000464071002,72.1257189636718,28.1499838486224));
#6555=CARTESIAN_POINT('',(5.74000464071002,78.7515,28.1499838486224));
#6556=CARTESIAN_POINT('',(5.74000464071001,76.1655722721553,28.1499838486224));
#6557=CARTESIAN_POINT('',(65.76625,78.7515,28.1499838486224));
#6558=CARTESIAN_POINT('',(-3.43250000000001,37.9,28.1499838486224));
#6559=CARTESIAN_POINT('',(5.50000000000003,68.8,28.1499838486224));
#6560=CARTESIAN_POINT('',(21.9268761601775,68.8,28.1499838486224));
#6561=CARTESIAN_POINT('',(5.50000000000003,55.837875,28.1499838486224));
#6562=CARTESIAN_POINT('',(-1.475,74.05,28.1499838486224));
#6563=CARTESIAN_POINT('Origin',(1.025,74.05,28.1499838486224));
#6564=CARTESIAN_POINT('Origin',(5.74000464071002,68.8,28.1499838486224));
#6565=CARTESIAN_POINT('',(5.74000464071002,68.8,28.8211168626193));
#6566=CARTESIAN_POINT('',(5.74000464071002,72.6303485879065,22.2399190604176));
#6567=CARTESIAN_POINT('',(5.74000464071002,68.8,30.1499838486225));
#6568=CARTESIAN_POINT('',(5.74000464071002,68.8,22.4897338486224));
#6569=CARTESIAN_POINT('',(5.74000464071001,70.9616113465405,30.1499838486225));
#6570=CARTESIAN_POINT('',(5.74000464071002,53.35,30.1499838486225));
#6571=CARTESIAN_POINT('',(5.74000464071001,74.6143698295402,23.8743467352752));
#6572=CARTESIAN_POINT('Origin',(5.50000000000003,37.9,16.8294838486225));
#6573=CARTESIAN_POINT('',(5.50000000000003,68.8,-0.491016151377548));
#6574=CARTESIAN_POINT('',(5.50000000000003,68.8,16.8294838486225));
#6575=CARTESIAN_POINT('',(5.50000000000003,85.860068801021,-0.491016151377548));
#6576=CARTESIAN_POINT('',(5.50000000000003,37.9,-0.49101615137755));
#6577=CARTESIAN_POINT('',(5.50000000000003,71.1818288446356,24.7287251656787));
#6578=CARTESIAN_POINT('Origin',(42.7,68.8,16.8294838486225));
#6579=CARTESIAN_POINT('',(-16.2664878557788,68.8,-0.491016151377549));
#6580=CARTESIAN_POINT('',(0.525156898785148,68.8,28.359918174286));
#6581=CARTESIAN_POINT('',(23.85,68.8,-0.49101615137755));
#6582=CARTESIAN_POINT('Origin',(42.7,37.9,30.1499838486225));
#6583=CARTESIAN_POINT('',(-3.43250000000001,7.00103300907683,30.1499838486225));
#6584=CARTESIAN_POINT('',(-3.43250000000001,37.9,30.1499838486225));
#6585=CARTESIAN_POINT('',(1.56700000000001,7.00293408484295,30.1499838486225));
#6586=CARTESIAN_POINT('',(24.8558704285166,7.01178975184608,30.1499838486225));
#6587=CARTESIAN_POINT('',(1.56700000000001,37.9,30.1499838486225));
#6588=CARTESIAN_POINT('Origin',(1.025,74.05,24.15));
#6589=CARTESIAN_POINT('',(-1.475,74.05,24.15));
#6590=CARTESIAN_POINT('Origin',(1.025,74.05,24.15));
#6591=CARTESIAN_POINT('',(-0.474999999999997,74.05,24.15));
#6592=CARTESIAN_POINT('Origin',(1.025,74.05,24.15));
#6593=CARTESIAN_POINT('Origin',(83.8325,2.04850000000001,28.1499838486224));
#6594=CARTESIAN_POINT('',(88.7966906527278,1.45116327471846,28.214050537169));
#6595=CARTESIAN_POINT('',(88.8325,2.0485,28.1499838486224));
#6596=CARTESIAN_POINT('Origin',(83.8325,2.0485,37.0955097276024));
#6597=CARTESIAN_POINT('',(83.8325,-2.9515,28.1499838486224));
#6598=CARTESIAN_POINT('Origin',(83.8325,2.04850000000001,28.1499838486224));
#6599=CARTESIAN_POINT('',(84.4708964523962,-2.91057753211904,28.2202996580459));
#6600=CARTESIAN_POINT('Origin',(83.8325,2.0485,36.7413290270231));
#6601=CARTESIAN_POINT('Ctrl Pts',(88.7966906527278,1.45116327471847,28.2140505371691));
#6602=CARTESIAN_POINT('Ctrl Pts',(88.7896733717899,1.39284588192299,28.226605190815));
#6603=CARTESIAN_POINT('Ctrl Pts',(88.7816129400677,1.33453143609158,28.2389193286789));
#6604=CARTESIAN_POINT('Ctrl Pts',(88.7033287331329,0.833701420333012,28.3425760847585));
#6605=CARTESIAN_POINT('Ctrl Pts',(88.5707668665479,0.397901633609858,28.4177374675734));
#6606=CARTESIAN_POINT('Ctrl Pts',(88.2912207221663,-0.230045832174492,28.5045202790674));
#6607=CARTESIAN_POINT('Ctrl Pts',(88.1505044502154,-0.489526197876576,28.5342739924885));
#6608=CARTESIAN_POINT('Ctrl Pts',(87.822683277486,-0.978904304903341,28.5750468432767));
#6609=CARTESIAN_POINT('Ctrl Pts',(87.635550774831,-1.20878524232876,28.5860457372078));
#6610=CARTESIAN_POINT('Ctrl Pts',(87.2613284722153,-1.60072790783932,28.5910910852719));
#6611=CARTESIAN_POINT('Ctrl Pts',(87.0392293505701,-1.79916559759697,28.5855417826545));
#6612=CARTESIAN_POINT('Ctrl Pts',(86.5627801369268,-2.15069207141714,28.5549295240264));
#6613=CARTESIAN_POINT('Ctrl Pts',(86.3084450076406,-2.30380114119044,28.5298666382804));
#6614=CARTESIAN_POINT('Ctrl Pts',(85.7004108494253,-2.60755620315054,28.4540367180372));
#6615=CARTESIAN_POINT('Ctrl Pts',(85.2806393985668,-2.75721554113731,28.3863750152328));
#6616=CARTESIAN_POINT('Ctrl Pts',(84.7250966526813,-2.87288000055587,28.2751991384262));
#6617=CARTESIAN_POINT('Ctrl Pts',(84.5977612578943,-2.89424585727833,28.2483618692253));
#6618=CARTESIAN_POINT('Ctrl Pts',(84.4708964523999,-2.91057753211857,28.2202996580467));
#6619=CARTESIAN_POINT('Origin',(78.4,7.00000000000003,28.1499838486224));
#6620=CARTESIAN_POINT('',(78.4,2.07500000000003,30.1499838486225));
#6621=CARTESIAN_POINT('',(78.4,0.910972203532626,28.1499838486224));
#6622=CARTESIAN_POINT('',(78.4,0.361617755742412,27.2060984028326));
#6623=CARTESIAN_POINT('',(78.4,-2.9515,30.1499838486225));
#6624=CARTESIAN_POINT('',(78.4,22.45,30.1499838486225));
#6625=CARTESIAN_POINT('',(78.4,-2.9515,28.1499838486224));
#6626=CARTESIAN_POINT('',(78.4,-2.9515,28.6499838486225));
#6627=CARTESIAN_POINT('',(78.4,7.00000000000003,28.1499838486224));
#6628=CARTESIAN_POINT('Origin',(88.8325,7.00000000000003,28.1499838486224));
#6629=CARTESIAN_POINT('',(84.9970277964674,7.00000000000003,28.1499838486224));
#6630=CARTESIAN_POINT('',(84.8748431012149,7.00000000000003,28.359918174286));
#6631=CARTESIAN_POINT('',(88.8325,7.00000000000003,28.1499838486224));
#6632=CARTESIAN_POINT('',(88.8325,7.00000000000003,28.1499838486224));
#6633=CARTESIAN_POINT('',(88.8325,7.00000000000003,28.6499838486225));
#6634=CARTESIAN_POINT('Origin',(83.61625,2.02425000000002,28.1499838486224));
#6635=CARTESIAN_POINT('',(88.8325,37.9,28.1499838486224));
#6636=CARTESIAN_POINT('',(78.4,7.00000000000003,28.1499838486224));
#6637=CARTESIAN_POINT('',(63.158125,7.00000000000003,28.1499838486224));
#6638=CARTESIAN_POINT('',(78.4,19.962125,28.1499838486224));
#6639=CARTESIAN_POINT('',(42.7,-2.9515,28.1499838486224));
#6640=CARTESIAN_POINT('',(81.675,1.364,28.1499838486224));
#6641=CARTESIAN_POINT('Origin',(84.175,1.364,28.1499838486224));
#6642=CARTESIAN_POINT('Origin',(42.7,-2.9515,29.1499838486224));
#6643=CARTESIAN_POINT('',(7.00378408950585,-2.9515,30.1499838486225));
#6644=CARTESIAN_POINT('',(42.7,-2.9515,30.1499838486225));
#6645=CARTESIAN_POINT('',(7.00378408950585,-2.9515,28.1499838486224));
#6646=CARTESIAN_POINT('',(7.00378408950585,-2.9515,28.6499838486225));
#6647=CARTESIAN_POINT('',(42.7,-2.9515,28.1499838486224));
#6648=CARTESIAN_POINT('Origin',(42.7,37.9,30.1499838486225));
#6649=CARTESIAN_POINT('',(7.00187274690413,2.07500000000003,30.1499838486225));
#6650=CARTESIAN_POINT('',(42.7,2.07500000000005,30.1499838486225));
#6651=CARTESIAN_POINT('',(6.99601971469643,17.4674609672477,30.1499838486225));
#6652=CARTESIAN_POINT('Origin',(84.175,1.364,24.15));
#6653=CARTESIAN_POINT('',(81.675,1.364,24.15));
#6654=CARTESIAN_POINT('Origin',(84.175,1.364,24.15));
#6655=CARTESIAN_POINT('',(82.675,1.364,24.15));
#6656=CARTESIAN_POINT('Origin',(84.175,1.364,24.15));
#6657=CARTESIAN_POINT('Origin',(1.5644006889309,1.9985,28.1499838486224));
#6658=CARTESIAN_POINT('',(0.85841470543803,-2.95140745278248,28.1499838486224));
#6659=CARTESIAN_POINT('',(-3.40463350630575,1.44289297469452,28.1998399367221));
#6660=CARTESIAN_POINT('Ctrl Pts',(0.858414705438031,-2.95140745278248,28.1499838486224));
#6661=CARTESIAN_POINT('Ctrl Pts',(0.412355866402858,-2.88778782126898,28.2541856790783));
#6662=CARTESIAN_POINT('Ctrl Pts',(-0.0397280341024091,-2.7601533164721,
28.341736663718));
#6663=CARTESIAN_POINT('Ctrl Pts',(-1.11033362638968,-2.28429912700854,28.5041355675204));
#6664=CARTESIAN_POINT('Ctrl Pts',(-1.69590287189096,-1.851964808447,28.5485360336537));
#6665=CARTESIAN_POINT('Ctrl Pts',(-2.60759055365104,-0.841409954210773,
28.5364238850191));
#6666=CARTESIAN_POINT('Ctrl Pts',(-2.98076328908985,-0.204467405804205,
28.4774116068135));
#6667=CARTESIAN_POINT('Ctrl Pts',(-3.29940881272893,0.792911163983977,28.3231799610481));
#6668=CARTESIAN_POINT('Ctrl Pts',(-3.36835383759522,1.118428188967,28.2647480797883));
#6669=CARTESIAN_POINT('Ctrl Pts',(-3.40463350630575,1.44289297469452,28.1998399367221));
#6670=CARTESIAN_POINT('',(-3.43250000000001,1.82247868037732,28.1499838486224));
#6671=CARTESIAN_POINT('Origin',(1.5644006889309,1.9985,28.1499838486224));
#6672=CARTESIAN_POINT('Origin',(1.5644006889309,1.9985,37.0899647341273));
#6673=CARTESIAN_POINT('Origin',(7.0037840889587,-2.95149856108814,28.1499838486224));
#6674=CARTESIAN_POINT('',(7.0023153721736,0.910972203532628,28.1499838486224));
#6675=CARTESIAN_POINT('',(7.00355446543483,-2.34762846386452,22.5511473306521));
#6676=CARTESIAN_POINT('',(7.0037840889587,-2.95149856108814,28.1499838486224));
#6677=CARTESIAN_POINT('Origin',(1.78564204447935,2.02425000000002,28.1499838486224));
#6678=CARTESIAN_POINT('',(0.889801325255639,-2.9515,28.1499838486224));
#6679=CARTESIAN_POINT('Origin',(2.2955284450176,2.83361436935075,28.1499838486224));
#6680=CARTESIAN_POINT('',(-0.823428977760333,-2.9515,28.1499838486224));
#6681=CARTESIAN_POINT('',(7.00000000000003,0.910972203532621,28.1499838486224));
#6682=CARTESIAN_POINT('',(22.2428210222397,0.91097220353263,28.1499838486225));
#6683=CARTESIAN_POINT('',(7.00000000000003,7.00000000000003,28.1499838486224));
#6684=CARTESIAN_POINT('',(7.00000000000003,19.962125,28.1499838486224));
#6685=CARTESIAN_POINT('',(0.402972203532627,7.00000000000003,28.1499838486224));
#6686=CARTESIAN_POINT('',(22.2428210222397,7.00000000000003,28.1499838486224));
#6687=CARTESIAN_POINT('',(0.402972203532617,7.00249145957326,28.1499838486224));
#6688=CARTESIAN_POINT('',(0.402972203532619,19.962125,28.1499838486224));
#6689=CARTESIAN_POINT('',(-3.43250000000001,7.00103300907683,28.1499838486224));
#6690=CARTESIAN_POINT('',(6.99999809873427,7.00499999963855,28.1499838486224));
#6691=CARTESIAN_POINT('',(-3.43250000000001,37.9,28.1499838486224));
#6692=CARTESIAN_POINT('',(-1.475,1.364,28.1499838486224));
#6693=CARTESIAN_POINT('Origin',(1.025,1.364,28.1499838486224));
#6694=CARTESIAN_POINT('Origin',(6.99999809873427,7.00499999963855,28.1499838486224));
#6695=CARTESIAN_POINT('',(-1.52914625021106,7.00175676539033,24.8302719661274));
#6696=CARTESIAN_POINT('',(-3.43250000000001,7.00103300907725,28.6499838486225));
#6697=CARTESIAN_POINT('Origin',(-3.43250000000001,78.7515,28.1499838486224));
#6698=CARTESIAN_POINT('',(-3.43250000000001,37.9,28.1499838486224));
#6699=CARTESIAN_POINT('',(-17.7913027519591,89.3368708896268,2.46057552685873));
#6700=CARTESIAN_POINT('',(4.43633350950871,66.192893866633,42.2281546079614));
#6701=CARTESIAN_POINT('',(-17.7913027519591,-13.5368708896268,2.46057552685873));
#6702=CARTESIAN_POINT('',(-17.7913027519591,37.9,2.46057552685874));
#6703=CARTESIAN_POINT('',(3.75575588180362,8.89847149526677,41.0105296517033));
#6704=CARTESIAN_POINT('Origin',(42.7,-4.62547719908802,18.6374113491981));
#6705=CARTESIAN_POINT('',(78.4,-15.7584878557788,-0.49101615137755));
#6706=CARTESIAN_POINT('',(78.4,0.361617755742412,27.2060984028326));
#6707=CARTESIAN_POINT('',(7.00000000000003,-15.7584878557788,-0.491016151377549));
#6708=CARTESIAN_POINT('',(42.7,-15.7584878557788,-0.491016151377549));
#6709=CARTESIAN_POINT('',(7.00000000000003,0.361617755742412,27.2060984028326));
#6710=CARTESIAN_POINT('',(55.5,-2.08638997204472,23.));
#6711=CARTESIAN_POINT('',(71.5,-2.08638997204472,23.));
#6712=CARTESIAN_POINT('',(53.1,-2.08638997204472,23.));
#6713=CARTESIAN_POINT('',(71.5,-0.922362175577318,25.));
#6714=CARTESIAN_POINT('',(71.5,-3.50717386625219,20.5588488547794));
#6715=CARTESIAN_POINT('',(55.5,-0.922362175577318,25.));
#6716=CARTESIAN_POINT('',(53.1,-0.922362175577318,25.));
#6717=CARTESIAN_POINT('',(55.5,-3.50717386625219,20.5588488547794));
#6718=CARTESIAN_POINT('',(55.5,-4.41444556497952,19.));
#6719=CARTESIAN_POINT('',(71.5,-4.41444556497952,19.));
#6720=CARTESIAN_POINT('',(53.1,-4.41444556497952,19.));
#6721=CARTESIAN_POINT('',(71.5,-3.25041776851212,21.));
#6722=CARTESIAN_POINT('',(71.5,-4.37666879575741,19.0649069881952));
#6723=CARTESIAN_POINT('',(55.5,-3.25041776851212,21.));
#6724=CARTESIAN_POINT('',(53.1,-3.25041776851212,21.));
#6725=CARTESIAN_POINT('',(55.5,-4.37666879575741,19.0649069881952));
#6726=CARTESIAN_POINT('',(55.5,-6.74250115791432,15.));
#6727=CARTESIAN_POINT('',(71.5,-6.74250115791432,15.));
#6728=CARTESIAN_POINT('',(53.1,-6.74250115791432,15.));
#6729=CARTESIAN_POINT('',(71.5,-5.57847336144692,17.));
#6730=CARTESIAN_POINT('',(71.5,-5.24616372526263,17.570965121611));
#6731=CARTESIAN_POINT('',(55.5,-5.57847336144692,17.));
#6732=CARTESIAN_POINT('',(53.1,-5.57847336144692,17.));
#6733=CARTESIAN_POINT('',(55.5,-5.24616372526263,17.570965121611));
#6734=CARTESIAN_POINT('Origin',(7.00000000000003,37.9,16.8294838486225));
#6735=CARTESIAN_POINT('',(7.00000000000003,5.90000000000002,-0.49101615137755));
#6736=CARTESIAN_POINT('',(7.00000000000003,37.9,-0.49101615137755));
#6737=CARTESIAN_POINT('',(7.00000000000003,5.90000000000002,25.));
#6738=CARTESIAN_POINT('',(7.00000000000003,5.90000000000002,14.5647419243112));
#6739=CARTESIAN_POINT('',(7.00000000000003,7.00000000000003,25.));
#6740=CARTESIAN_POINT('',(7.00000000000003,24.4,25.));
#6741=CARTESIAN_POINT('',(7.00000000000003,7.00000000000003,16.8294838486225));
#6742=CARTESIAN_POINT('Origin',(42.7,37.9,30.1499838486225));
#6743=CARTESIAN_POINT('',(75.91000464071,68.8,30.1499838486225));
#6744=CARTESIAN_POINT('',(42.7,68.8,30.1499838486225));
#6745=CARTESIAN_POINT('',(75.91000464071,70.9616113465405,30.1499838486225));
#6746=CARTESIAN_POINT('',(75.9100046407101,56.2571849147701,30.1499838486225));
#6747=CARTESIAN_POINT('',(24.220002320355,70.9616113465405,30.1499838486225));
#6748=CARTESIAN_POINT('Origin',(-3.43250000000001,37.9,29.1499838486224));
#6749=CARTESIAN_POINT('Origin',(1.025,1.364,24.15));
#6750=CARTESIAN_POINT('',(-1.475,1.364,24.15));
#6751=CARTESIAN_POINT('Origin',(1.025,1.364,24.15));
#6752=CARTESIAN_POINT('',(-0.474999999999997,1.364,24.15));
#6753=CARTESIAN_POINT('Origin',(1.025,1.364,24.15));
#6754=CARTESIAN_POINT('Ctrl Pts',(-13.4352397143351,90.2099464249674,-3.49101615137755));
#6755=CARTESIAN_POINT('Ctrl Pts',(-13.5665556490118,90.2099464249674,-3.49101615137755));
#6756=CARTESIAN_POINT('Ctrl Pts',(-13.7649821648669,90.17238089194,-3.49101615137755));
#6757=CARTESIAN_POINT('Ctrl Pts',(-14.0488394104878,90.0028599759052,-3.49101615137755));
#6758=CARTESIAN_POINT('Ctrl Pts',(-14.2528576373833,89.7323579434176,-3.49101615137755));
#6759=CARTESIAN_POINT('Ctrl Pts',(-14.2996999793862,89.4683753230426,-3.49101615137755));
#6760=CARTESIAN_POINT('Ctrl Pts',(-14.2996999793862,89.3368708896268,-3.49101615137755));
#6761=CARTESIAN_POINT('Ctrl Pts',(-13.4352397143351,91.0091316501993,-3.49101615137755));
#6762=CARTESIAN_POINT('Ctrl Pts',(-13.6647995274079,91.028547785172,-3.49128260671413));
#6763=CARTESIAN_POINT('Ctrl Pts',(-14.0473205993416,90.9871675235913,-3.49170087673042));
#6764=CARTESIAN_POINT('Ctrl Pts',(-14.6492806279549,90.6524644400371,-3.49204522470791));
#6765=CARTESIAN_POINT('Ctrl Pts',(-15.0702500709886,90.0643823138778,-3.49180552330318));
#6766=CARTESIAN_POINT('Ctrl Pts',(-15.1123127134721,89.5630903944239,-3.49128170228706));
#6767=CARTESIAN_POINT('Ctrl Pts',(-15.0922623790798,89.3368708896268,-3.49101615137755));
#6768=CARTESIAN_POINT('Ctrl Pts',(-13.4352397143352,92.6068637115443,-2.99687333162341));
#6769=CARTESIAN_POINT('Ctrl Pts',(-13.8619532432057,92.6656493813446,-2.97183718606856));
#6770=CARTESIAN_POINT('Ctrl Pts',(-14.612259683169,92.6190739701153,-2.93790564211855));
#6771=CARTESIAN_POINT('Ctrl Pts',(-15.8527167205685,91.9536562644952,-2.91303736101597));
#6772=CARTESIAN_POINT('Ctrl Pts',(-16.7076965057216,90.7289720488971,-2.93168404248892));
#6773=CARTESIAN_POINT('Ctrl Pts',(-16.7374770263477,89.7531463784397,-2.97968892234368));
#6774=CARTESIAN_POINT('Ctrl Pts',(-16.6767826214923,89.3368708896269,-3.00529267416546));
#6775=CARTESIAN_POINT('Ctrl Pts',(-13.4352397143352,93.9043552960386,-1.36213849647127));
#6776=CARTESIAN_POINT('Ctrl Pts',(-14.0218082014475,93.9615611681172,-1.26502391513064));
#6777=CARTESIAN_POINT('Ctrl Pts',(-15.0487867321173,93.861458762722,-1.13601454344928));
#6778=CARTESIAN_POINT('Ctrl Pts',(-16.746543935486,92.9178190265773,-1.04286902553659));
#6779=CARTESIAN_POINT('Ctrl Pts',(-17.9431157143478,91.2427986760605,-1.11229674007091));
#6780=CARTESIAN_POINT('Ctrl Pts',(-18.0345609490647,89.908586265577,-1.29520654575614));
#6781=CARTESIAN_POINT('Ctrl Pts',(-17.9746780527784,89.3368708896268,-1.39488382059809));
#6782=CARTESIAN_POINT('Ctrl Pts',(-13.4352397143352,94.3487601117115,0.610669700126438));
#6783=CARTESIAN_POINT('Ctrl Pts',(-14.0763022547162,94.3515984037399,0.772193136406162));
#6784=CARTESIAN_POINT('Ctrl Pts',(-15.162949556972,94.1566174608556,0.980780648062422));
#6785=CARTESIAN_POINT('Ctrl Pts',(-16.9225328963729,93.1036464733234,1.12824710383283));
#6786=CARTESIAN_POINT('Ctrl Pts',(-18.218029393923,91.3776432032016,1.01930610602401));
#6787=CARTESIAN_POINT('Ctrl Pts',(-18.4422427287784,89.9637336609898,0.722728918905199));
#6788=CARTESIAN_POINT('Ctrl Pts',(-18.4371725731152,89.3368708896268,0.556102898137685));
#6789=CARTESIAN_POINT('Ctrl Pts',(-13.4352397143352,94.0690841734016,1.83025326204257));
#6790=CARTESIAN_POINT('Ctrl Pts',(-14.0424612691138,94.0113694596788,2.01197488774172));
#6791=CARTESIAN_POINT('Ctrl Pts',(-15.0292203541417,93.7448002566081,2.23968602403561));
#6792=CARTESIAN_POINT('Ctrl Pts',(-16.5868990082496,92.7361637060305,2.3970256486336));
#6793=CARTESIAN_POINT('Ctrl Pts',(-17.7880039842208,91.2210018593168,2.28195701800815));
#6794=CARTESIAN_POINT('Ctrl Pts',(-18.1213595533636,89.9332724912857,1.9571945074023));
#6795=CARTESIAN_POINT('Ctrl Pts',(-18.1779922978904,89.3368708896268,1.76874725880695));
#6796=CARTESIAN_POINT('Ctrl Pts',(-13.4352397143352,93.6670950175621,2.5209787812008));
#6797=CARTESIAN_POINT('Ctrl Pts',(-13.9924326281658,93.5636110099769,2.69879214712245));
#6798=CARTESIAN_POINT('Ctrl Pts',(-14.8639893111919,93.2502366722428,2.91451510717828));
#6799=CARTESIAN_POINT('Ctrl Pts',(-16.2020291309058,92.3180362768901,3.05987347694677));
#6800=CARTESIAN_POINT('Ctrl Pts',(-17.2808787392855,91.0267069235125,2.95474838716311));
#6801=CARTESIAN_POINT('Ctrl Pts',(-17.6876701972461,89.8864882198218,2.6459850668768));
#6802=CARTESIAN_POINT('Ctrl Pts',(-17.7913027519592,89.3368708896268,2.46057552685871));
#6803=CARTESIAN_POINT('',(-13.4352397143352,93.667095017562,2.52097878120079));
#6804=CARTESIAN_POINT('',(-13.4352397143351,90.2099464249674,-3.49101615137755));
#6805=CARTESIAN_POINT('Origin',(-13.4352397143351,90.2099464249674,0.508983848622448));
#6806=CARTESIAN_POINT('',(-14.2996999793862,89.3368708896269,-3.49101615137755));
#6807=CARTESIAN_POINT('Ctrl Pts',(-13.4352397143351,90.2099464249674,-3.49101615137755));
#6808=CARTESIAN_POINT('Ctrl Pts',(-13.5665556490118,90.2099464249674,-3.49101615137755));
#6809=CARTESIAN_POINT('Ctrl Pts',(-13.7649821648669,90.17238089194,-3.49101615137755));
#6810=CARTESIAN_POINT('Ctrl Pts',(-14.0488394104878,90.0028599759052,-3.49101615137755));
#6811=CARTESIAN_POINT('Ctrl Pts',(-14.2528576373833,89.7323579434176,-3.49101615137755));
#6812=CARTESIAN_POINT('Ctrl Pts',(-14.2996999793862,89.4683753230426,-3.49101615137755));
#6813=CARTESIAN_POINT('Ctrl Pts',(-14.2996999793862,89.3368708896268,-3.49101615137755));
#6814=CARTESIAN_POINT('Origin',(-14.2996999793862,89.3368708896269,0.508983848622448));
#6815=CARTESIAN_POINT('Ctrl Pts',(-17.7913027519592,89.3368708896268,2.46057552685871));
#6816=CARTESIAN_POINT('Ctrl Pts',(-17.6876701972461,89.8864882198218,2.6459850668768));
#6817=CARTESIAN_POINT('Ctrl Pts',(-17.2808787392855,91.0267069235125,2.95474838716311));
#6818=CARTESIAN_POINT('Ctrl Pts',(-16.2020291309058,92.3180362768901,3.05987347694677));
#6819=CARTESIAN_POINT('Ctrl Pts',(-14.8639893111919,93.2502366722428,2.91451510717828));
#6820=CARTESIAN_POINT('Ctrl Pts',(-13.9924326281658,93.5636110099769,2.69879214712245));
#6821=CARTESIAN_POINT('Ctrl Pts',(-13.4352397143352,93.6670950175621,2.5209787812008));
#6822=CARTESIAN_POINT('Origin',(88.8325,90.2099464249674,0.508983848622448));
#6823=CARTESIAN_POINT('',(98.8352397143351,93.6670950175621,2.52097878120077));
#6824=CARTESIAN_POINT('',(98.8352397143351,90.2099464249674,-3.49101615137755));
#6825=CARTESIAN_POINT('Origin',(98.8352397143351,90.2099464249674,0.508983848622448));
#6826=CARTESIAN_POINT('',(88.8325,90.2099464249674,-3.49101615137755));
#6827=CARTESIAN_POINT('',(88.8325,93.6670950175621,2.52097878120077));
#6828=CARTESIAN_POINT('Origin',(-14.2996999793862,37.9,0.508983848622448));
#6829=CARTESIAN_POINT('',(-14.2996999793862,-13.5368708896268,-3.49101615137755));
#6830=CARTESIAN_POINT('Origin',(-14.2996999793862,-13.5368708896268,0.508983848622448));
#6831=CARTESIAN_POINT('',(-14.2996999793862,37.9,-3.49101615137755));
#6832=CARTESIAN_POINT('Ctrl Pts',(99.6996999793862,89.3368708896267,-3.49101615137755));
#6833=CARTESIAN_POINT('Ctrl Pts',(99.6996999793862,89.4028174471305,-3.49101615137755));
#6834=CARTESIAN_POINT('Ctrl Pts',(99.6824768806451,89.598922542588,-3.49101615137755));
#6835=CARTESIAN_POINT('Ctrl Pts',(99.5510957085436,89.9111019402859,-3.49101615137755));
#6836=CARTESIAN_POINT('Ctrl Pts',(99.2966880327027,90.1095113327203,-3.49101615137755));
#6837=CARTESIAN_POINT('Ctrl Pts',(99.0481413976269,90.1943545673584,-3.49101615137755));
#6838=CARTESIAN_POINT('Ctrl Pts',(98.9168641775763,90.2099464249674,-3.49101615137755));
#6839=CARTESIAN_POINT('Ctrl Pts',(98.8352397143351,90.2099464249674,-3.49101615137755));
#6840=CARTESIAN_POINT('Ctrl Pts',(100.49226237908,89.3368708896267,-3.49101615137755));
#6841=CARTESIAN_POINT('Ctrl Pts',(100.50231354053,89.4503112394549,-3.49114808195976));
#6842=CARTESIAN_POINT('Ctrl Pts',(100.502121593467,89.7999261164287,-3.49151251676028));
#6843=CARTESIAN_POINT('Ctrl Pts',(100.273453505567,90.4495908192767,-3.49206367860913));
#6844=CARTESIAN_POINT('Ctrl Pts',(99.7197364561721,90.8707617881761,-3.49188858033805));
#6845=CARTESIAN_POINT('Ctrl Pts',(99.2211840344053,91.0098051311592,-3.49144700641795));
#6846=CARTESIAN_POINT('Ctrl Pts',(98.9779265113573,91.0211960030866,-3.49118029869406));
#6847=CARTESIAN_POINT('Ctrl Pts',(98.8352397143351,91.0091316501993,-3.49101615137755));
#6848=CARTESIAN_POINT('Ctrl Pts',(102.076408209288,89.3368708896267,-3.00524919642558));
#6849=CARTESIAN_POINT('Ctrl Pts',(102.10685085102,89.5456296856983,-2.99241143671352));
#6850=CARTESIAN_POINT('Ctrl Pts',(102.142979956715,90.2018093095282,-2.95583047689272));
#6851=CARTESIAN_POINT('Ctrl Pts',(101.720667999903,91.5286477968319,-2.91163100324354));
#6852=CARTESIAN_POINT('Ctrl Pts',(100.567640587099,92.3950011261132,-2.92295217260345));
#6853=CARTESIAN_POINT('Ctrl Pts',(99.5671772599192,92.6418643303055,-2.95804441366023));
#6854=CARTESIAN_POINT('Ctrl Pts',(99.1004876731807,92.6430247817173,-2.98127366441053));
#6855=CARTESIAN_POINT('Ctrl Pts',(98.8352397143351,92.6064771969074,-2.99683350774919));
#6856=CARTESIAN_POINT('Ctrl Pts',(103.374018311625,89.3368708896266,-1.3949143846472));
#6857=CARTESIAN_POINT('Ctrl Pts',(103.404042741922,89.6235678395237,-1.34492656528758));
#6858=CARTESIAN_POINT('Ctrl Pts',(103.417432266735,90.5244326328238,-1.20365306288857));
#6859=CARTESIAN_POINT('Ctrl Pts',(102.789442117013,92.3324211249862,-1.037609764418));
#6860=CARTESIAN_POINT('Ctrl Pts',(101.20849408525,93.5362668757417,-1.07987388676794));
#6861=CARTESIAN_POINT('Ctrl Pts',(99.8399400776042,93.9143752397111,-1.21262763637743));
#6862=CARTESIAN_POINT('Ctrl Pts',(99.1998364242814,93.9392259666693,-1.30181177782727));
#6863=CARTESIAN_POINT('Ctrl Pts',(98.8352397143351,93.9036742702893,-1.36217931767052));
#6864=CARTESIAN_POINT('Ctrl Pts',(103.836704772604,89.3368708896266,0.556070445738657));
#6865=CARTESIAN_POINT('Ctrl Pts',(103.839258266492,89.6512398310796,0.639625984112268));
#6866=CARTESIAN_POINT('Ctrl Pts',(103.762208541674,90.6286119647346,0.873002924417127));
#6867=CARTESIAN_POINT('Ctrl Pts',(102.990030828928,92.4948954447268,1.13682767403898));
#6868=CARTESIAN_POINT('Ctrl Pts',(101.353588750955,93.7764627324073,1.07026331417332));
#6869=CARTESIAN_POINT('Ctrl Pts',(99.9202860632266,94.2668673170729,0.857172446373723));
#6870=CARTESIAN_POINT('Ctrl Pts',(99.2337315459916,94.3500550695969,0.711026182366764));
#6871=CARTESIAN_POINT('Ctrl Pts',(98.8352397143351,94.3482773289972,0.610629526265643));
#6872=CARTESIAN_POINT('Ctrl Pts',(103.57799229789,89.3368708896266,1.7687472588069));
#6873=CARTESIAN_POINT('Ctrl Pts',(103.549588007126,89.6359487517192,1.86325081304215));
#6874=CARTESIAN_POINT('Ctrl Pts',(103.385572863633,90.5517246855626,2.12395259495176));
#6875=CARTESIAN_POINT('Ctrl Pts',(102.576641977678,92.1971194751625,2.40656527559787));
#6876=CARTESIAN_POINT('Ctrl Pts',(101.133641281808,93.3630207088144,2.3359614464345));
#6877=CARTESIAN_POINT('Ctrl Pts',(99.8466902776037,93.8999269974988,2.10509444143803));
#6878=CARTESIAN_POINT('Ctrl Pts',(99.2126758769776,94.0332041578024,1.94321103611664));
#6879=CARTESIAN_POINT('Ctrl Pts',(98.835239714335,94.0690841734015,1.83025326204253));
#6880=CARTESIAN_POINT('Ctrl Pts',(103.191302751959,89.3368708896266,2.46057552685866));
#6881=CARTESIAN_POINT('Ctrl Pts',(103.13933332362,89.6124917940271,2.55355430008294));
#6882=CARTESIAN_POINT('Ctrl Pts',(102.91171182565,90.4456776409194,2.80672342472046));
#6883=CARTESIAN_POINT('Ctrl Pts',(102.108227971806,91.8539539157207,3.06896687125457));
#6884=CARTESIAN_POINT('Ctrl Pts',(100.872381357503,92.8836846588142,3.00421599734921));
#6885=CARTESIAN_POINT('Ctrl Pts',(99.7509002355041,93.4341515365069,2.78728332107023));
#6886=CARTESIAN_POINT('Ctrl Pts',(99.1815843725458,93.6027705576708,2.63150550886868));
#6887=CARTESIAN_POINT('Ctrl Pts',(98.835239714335,93.667095017562,2.52097878120075));
#6888=CARTESIAN_POINT('',(103.191302751959,89.3368708896268,2.46057552685873));
#6889=CARTESIAN_POINT('',(99.6996999793862,89.3368708896268,-3.49101615137755));
#6890=CARTESIAN_POINT('Origin',(99.6996999793862,89.3368708896268,0.508983848622448));
#6891=CARTESIAN_POINT('Ctrl Pts',(99.6996999793862,89.3368708896267,-3.49101615137755));
#6892=CARTESIAN_POINT('Ctrl Pts',(99.6996999793862,89.4028174471305,-3.49101615137755));
#6893=CARTESIAN_POINT('Ctrl Pts',(99.6824768806451,89.598922542588,-3.49101615137755));
#6894=CARTESIAN_POINT('Ctrl Pts',(99.5510957085436,89.9111019402859,-3.49101615137755));
#6895=CARTESIAN_POINT('Ctrl Pts',(99.2966880327027,90.1095113327203,-3.49101615137755));
#6896=CARTESIAN_POINT('Ctrl Pts',(99.0481413976269,90.1943545673584,-3.49101615137755));
#6897=CARTESIAN_POINT('Ctrl Pts',(98.9168641775763,90.2099464249674,-3.49101615137755));
#6898=CARTESIAN_POINT('Ctrl Pts',(98.8352397143351,90.2099464249674,-3.49101615137755));
#6899=CARTESIAN_POINT('Ctrl Pts',(98.835239714335,93.667095017562,2.52097878120075));
#6900=CARTESIAN_POINT('Ctrl Pts',(99.1815843725458,93.6027705576708,2.63150550886868));
#6901=CARTESIAN_POINT('Ctrl Pts',(99.7509002355041,93.4341515365069,2.78728332107023));
#6902=CARTESIAN_POINT('Ctrl Pts',(100.872381357503,92.8836846588142,3.00421599734921));
#6903=CARTESIAN_POINT('Ctrl Pts',(102.108227971806,91.8539539157207,3.06896687125457));
#6904=CARTESIAN_POINT('Ctrl Pts',(102.91171182565,90.4456776409194,2.80672342472046));
#6905=CARTESIAN_POINT('Ctrl Pts',(103.13933332362,89.6124917940271,2.55355430008294));
#6906=CARTESIAN_POINT('Ctrl Pts',(103.191302751959,89.3368708896266,2.46057552685866));
#6907=CARTESIAN_POINT('Ctrl Pts',(-13.4352397143351,-17.8670950175621,2.52097878120076));
#6908=CARTESIAN_POINT('Ctrl Pts',(-13.7133659220139,-17.8154403502635,2.60973539656834));
#6909=CARTESIAN_POINT('Ctrl Pts',(-14.5616523191611,-17.5868948907429,2.85119638625155));
#6910=CARTESIAN_POINT('Ctrl Pts',(-15.9842068347154,-16.7780194986616,3.08079395932417));
#6911=CARTESIAN_POINT('Ctrl Pts',(-17.0110015269982,-15.5489107304873,2.98070553796016));
#6912=CARTESIAN_POINT('Ctrl Pts',(-17.558155933141,-14.4426553112666,2.7414649745943));
#6913=CARTESIAN_POINT('Ctrl Pts',(-17.7270040168818,-13.8778805193322,2.57561272658278));
#6914=CARTESIAN_POINT('Ctrl Pts',(-17.7913027519591,-13.5368708896268,2.46057552685873));
#6915=CARTESIAN_POINT('Ctrl Pts',(-13.4352397143351,-18.2690841734016,1.83025326204253));
#6916=CARTESIAN_POINT('Ctrl Pts',(-13.7381587631103,-18.2401020518756,1.92104321959432));
#6917=CARTESIAN_POINT('Ctrl Pts',(-14.6749790827326,-18.0719292320114,2.17139092913802));
#6918=CARTESIAN_POINT('Ctrl Pts',(-16.3384294249951,-17.2405883009915,2.42007386756614));
#6919=CARTESIAN_POINT('Ctrl Pts',(-17.4859526065048,-15.7983622899403,2.31083809321498));
#6920=CARTESIAN_POINT('Ctrl Pts',(-18.0109028593409,-14.5333923166528,2.05726518743112));
#6921=CARTESIAN_POINT('Ctrl Pts',(-18.142638813158,-13.9066997800011,1.88577446351776));
#6922=CARTESIAN_POINT('Ctrl Pts',(-18.1779922978903,-13.5368708896268,1.76874725880697));
#6923=CARTESIAN_POINT('Ctrl Pts',(-13.4352397143351,-18.6459096192387,0.200638628773176));
#6924=CARTESIAN_POINT('Ctrl Pts',(-13.7612695456932,-18.6577863544573,0.277757788390243));
#6925=CARTESIAN_POINT('Ctrl Pts',(-14.789443808743,-18.605509641703,0.494289918879414));
#6926=CARTESIAN_POINT('Ctrl Pts',(-16.7599110820674,-17.7968443550665,0.721540199631669));
#6927=CARTESIAN_POINT('Ctrl Pts',(-18.0369794062651,-16.0809150874746,0.620672853640453));
#6928=CARTESIAN_POINT('Ctrl Pts',(-18.4846022701457,-14.6255382415829,0.395126849183837));
#6929=CARTESIAN_POINT('Ctrl Pts',(-18.5437171921599,-13.9325823147892,0.247157589827207));
#6930=CARTESIAN_POINT('Ctrl Pts',(-18.5273309155855,-13.5368708896268,0.148474537936055));
#6931=CARTESIAN_POINT('Ctrl Pts',(-13.4352397143351,-17.8852989169111,-1.74270765735388));
#6932=CARTESIAN_POINT('Ctrl Pts',(-13.7145584417168,-17.9155776495765,-1.70250414950301));
#6933=CARTESIAN_POINT('Ctrl Pts',(-14.6020228126791,-17.9321973824967,-1.58870387661566));
#6934=CARTESIAN_POINT('Ctrl Pts',(-16.3599474243466,-17.2901071080603,-1.46626449865081));
#6935=CARTESIAN_POINT('Ctrl Pts',(-17.4594876052317,-15.7588070176909,-1.52083990448351));
#6936=CARTESIAN_POINT('Ctrl Pts',(-17.7826206416669,-14.4757958689357,-1.640922805302));
#6937=CARTESIAN_POINT('Ctrl Pts',(-17.7937183210786,-13.8752309098845,-1.71858187405588));
#6938=CARTESIAN_POINT('Ctrl Pts',(-17.7544894095496,-13.5368708896268,-1.76985264490463));
#6939=CARTESIAN_POINT('Ctrl Pts',(-13.4352397143351,-16.4040777489991,-3.11946865932583));
#6940=CARTESIAN_POINT('Ctrl Pts',(-13.6233568985707,-16.4282560740016,-3.11008047185987));
#6941=CARTESIAN_POINT('Ctrl Pts',(-14.2193150901633,-16.4508213335435,-3.08332646094393));
#6942=CARTESIAN_POINT('Ctrl Pts',(-15.3884865903835,-16.0402901062805,-3.05394342171273));
#6943=CARTESIAN_POINT('Ctrl Pts',(-16.1078501183581,-15.0259827972344,-3.06707861306405));
#6944=CARTESIAN_POINT('Ctrl Pts',(-16.3086735171749,-14.1692607835256,-3.09561973233824));
#6945=CARTESIAN_POINT('Ctrl Pts',(-16.3084653631607,-13.7653466672035,-3.11384788296993));
#6946=CARTESIAN_POINT('Ctrl Pts',(-16.277426402485,-13.5368708896268,-3.1257854518992));
#6947=CARTESIAN_POINT('Ctrl Pts',(-13.4352397143351,-15.2091316501993,-3.49101615137755));
#6948=CARTESIAN_POINT('Ctrl Pts',(-13.5500447228665,-15.2190217406293,-3.49117113585635));
#6949=CARTESIAN_POINT('Ctrl Pts',(-13.9066738350685,-15.2185409938231,-3.4915720812318));
#6950=CARTESIAN_POINT('Ctrl Pts',(-14.5624477931129,-14.9735358068416,-3.49205862358669));
#6951=CARTESIAN_POINT('Ctrl Pts',(-14.9671391449566,-14.4119797945453,-3.49189466045214));
#6952=CARTESIAN_POINT('Ctrl Pts',(-15.0966271549332,-13.9184461039381,-3.49141210091577));
#6953=CARTESIAN_POINT('Ctrl Pts',(-15.1049502067504,-13.677483179514,-3.49121115055453));
#6954=CARTESIAN_POINT('Ctrl Pts',(-15.0922623790798,-13.5368708896268,-3.49101615137755));
#6955=CARTESIAN_POINT('Ctrl Pts',(-13.4352397143351,-14.4099464249674,-3.49101615137755));
#6956=CARTESIAN_POINT('Ctrl Pts',(-13.5007868561111,-14.4099464249674,-3.49101615137755));
#6957=CARTESIAN_POINT('Ctrl Pts',(-13.697436510606,-14.3923424766315,-3.49101615137756));
#6958=CARTESIAN_POINT('Ctrl Pts',(-14.0076136044113,-14.2572916850767,-3.49101615137755));
#6959=CARTESIAN_POINT('Ctrl Pts',(-14.2017838857987,-13.9998200187347,-3.49101615137755));
#6960=CARTESIAN_POINT('Ctrl Pts',(-14.2844706083715,-13.7507222405258,-3.49101615137755));
#6961=CARTESIAN_POINT('Ctrl Pts',(-14.2996999793862,-13.6184627093895,-3.49101615137755));
#6962=CARTESIAN_POINT('Ctrl Pts',(-14.2996999793862,-13.5368708896268,-3.49101615137755));
#6963=CARTESIAN_POINT('',(-13.4352397143351,-14.4099464249674,-3.49101615137755));
#6964=CARTESIAN_POINT('',(-13.4352397143351,-17.8670950175621,2.52097878120076));
#6965=CARTESIAN_POINT('Origin',(-13.4352397143351,-14.4099464249674,0.508983848622448));
#6966=CARTESIAN_POINT('Ctrl Pts',(-13.4352397143351,-17.8670950175621,2.52097878120076));
#6967=CARTESIAN_POINT('Ctrl Pts',(-13.7133659220139,-17.8154403502635,2.60973539656834));
#6968=CARTESIAN_POINT('Ctrl Pts',(-14.5616523191611,-17.5868948907429,2.85119638625155));
#6969=CARTESIAN_POINT('Ctrl Pts',(-15.9842068347154,-16.7780194986616,3.08079395932417));
#6970=CARTESIAN_POINT('Ctrl Pts',(-17.0110015269982,-15.5489107304873,2.98070553796016));
#6971=CARTESIAN_POINT('Ctrl Pts',(-17.558155933141,-14.4426553112666,2.7414649745943));
#6972=CARTESIAN_POINT('Ctrl Pts',(-17.7270040168818,-13.8778805193322,2.57561272658278));
#6973=CARTESIAN_POINT('Ctrl Pts',(-17.7913027519591,-13.5368708896268,2.46057552685873));
#6974=CARTESIAN_POINT('Ctrl Pts',(-14.2996999793862,-13.5368708896268,-3.49101615137755));
#6975=CARTESIAN_POINT('Ctrl Pts',(-14.2996999793862,-13.6184627093895,-3.49101615137755));
#6976=CARTESIAN_POINT('Ctrl Pts',(-14.2844706083715,-13.7507222405258,-3.49101615137755));
#6977=CARTESIAN_POINT('Ctrl Pts',(-14.2017838857987,-13.9998200187347,-3.49101615137755));
#6978=CARTESIAN_POINT('Ctrl Pts',(-14.0076136044113,-14.2572916850767,-3.49101615137755));
#6979=CARTESIAN_POINT('Ctrl Pts',(-13.697436510606,-14.3923424766315,-3.49101615137756));
#6980=CARTESIAN_POINT('Ctrl Pts',(-13.5007868561111,-14.4099464249674,-3.49101615137755));
#6981=CARTESIAN_POINT('Ctrl Pts',(-13.4352397143351,-14.4099464249674,-3.49101615137755));
#6982=CARTESIAN_POINT('Origin',(99.6996999793862,-2.9515,0.508983848622448));
#6983=CARTESIAN_POINT('',(103.191302751959,-13.5368708896268,2.46057552685873));
#6984=CARTESIAN_POINT('',(99.6996999793862,-13.5368708896268,-3.49101615137755));
#6985=CARTESIAN_POINT('Origin',(99.6996999793862,-13.5368708896268,0.508983848622448));
#6986=CARTESIAN_POINT('',(99.6996999793862,-2.9515,-3.49101615137755));
#6987=CARTESIAN_POINT('',(103.191302751959,-2.9515,2.46057552685874));
#6988=CARTESIAN_POINT('Origin',(42.7,-14.4099464249674,0.508983848622448));
#6989=CARTESIAN_POINT('',(98.8352397143351,-14.4099464249674,-3.49101615137755));
#6990=CARTESIAN_POINT('',(98.8352397143351,-17.8670950175621,2.52097878120077));
#6991=CARTESIAN_POINT('Origin',(98.8352397143351,-14.4099464249674,0.508983848622448));
#6992=CARTESIAN_POINT('',(42.7,-17.8670950175621,2.52097878120077));
#6993=CARTESIAN_POINT('',(42.7,-14.4099464249674,-3.49101615137755));
#6994=CARTESIAN_POINT('Ctrl Pts',(98.8352397143351,-14.4099464249674,-3.49101615137755));
#6995=CARTESIAN_POINT('Ctrl Pts',(98.9011909880979,-14.4099464249674,-3.49101615137755));
#6996=CARTESIAN_POINT('Ctrl Pts',(99.0975625777855,-14.3922210571081,-3.49101615137755));
#6997=CARTESIAN_POINT('Ctrl Pts',(99.4081931814578,-14.2567228786829,-3.49101615137755));
#6998=CARTESIAN_POINT('Ctrl Pts',(99.6021518603215,-13.9989747253992,-3.49101615137755));
#6999=CARTESIAN_POINT('Ctrl Pts',(99.6845869450395,-13.7498250923994,-3.49101615137755));
#7000=CARTESIAN_POINT('Ctrl Pts',(99.6996999793862,-13.6184977737374,-3.49101615137755));
#7001=CARTESIAN_POINT('Ctrl Pts',(99.6996999793862,-13.5368708896268,-3.49101615137755));
#7002=CARTESIAN_POINT('Ctrl Pts',(98.835239714335,-15.2091316501993,-3.49101615137755));
#7003=CARTESIAN_POINT('Ctrl Pts',(98.9505323641888,-15.2188830854395,-3.49114997419876));
#7004=CARTESIAN_POINT('Ctrl Pts',(99.3070112075225,-15.2166967589287,-3.49154945841297));
#7005=CARTESIAN_POINT('Ctrl Pts',(99.9619444674838,-14.9704710283228,-3.49206663970688));
#7006=CARTESIAN_POINT('Ctrl Pts',(100.366153487042,-14.4089786294296,-3.49186774377803));
#7007=CARTESIAN_POINT('Ctrl Pts',(100.49547394782,-13.9168014467102,-3.49140611675698));
#7008=CARTESIAN_POINT('Ctrl Pts',(100.504707939121,-13.6772889182968,-3.49118098303192));
#7009=CARTESIAN_POINT('Ctrl Pts',(100.49226237908,-13.5368708896268,-3.49101615137755));
#7010=CARTESIAN_POINT('Ctrl Pts',(98.835239714335,-16.8068481862196,-2.99685741285528));
#7011=CARTESIAN_POINT('Ctrl Pts',(99.0495495833552,-16.8363723244125,-2.98428341950468));
#7012=CARTESIAN_POINT('Ctrl Pts',(99.726130740088,-16.8672042180906,-2.9487107966883));
#7013=CARTESIAN_POINT('Ctrl Pts',(101.071745555903,-16.4002810809243,-2.90947407995022));
#7014=CARTESIAN_POINT('Ctrl Pts',(101.896135324563,-15.2305132743423,-2.92715124860364));
#7015=CARTESIAN_POINT('Ctrl Pts',(102.118579046281,-14.2505909868297,-2.9652697833944));
#7016=CARTESIAN_POINT('Ctrl Pts',(102.114441567561,-13.7952596769914,-2.98938444912865));
#7017=CARTESIAN_POINT('Ctrl Pts',(102.07676758941,-13.5368708896268,-3.00527710330362));
#7018=CARTESIAN_POINT('Ctrl Pts',(98.835239714335,-18.1043425767611,-1.36212933193451));
#7019=CARTESIAN_POINT('Ctrl Pts',(99.1298341134794,-18.1330732874673,-1.31335512676187));
#7020=CARTESIAN_POINT('Ctrl Pts',(100.059212975436,-18.1393069092244,-1.17655630696037));
#7021=CARTESIAN_POINT('Ctrl Pts',(101.894874665914,-17.4549110870874,-1.02953296039918));
#7022=CARTESIAN_POINT('Ctrl Pts',(103.046977085647,-15.855297032129,-1.09549290767485));
#7023=CARTESIAN_POINT('Ctrl Pts',(103.393991747285,-14.5157699421145,-1.24011226425571));
#7024=CARTESIAN_POINT('Ctrl Pts',(103.411836001419,-13.8917436762296,-1.33300354758474));
#7025=CARTESIAN_POINT('Ctrl Pts',(103.374665739486,-13.5368708896268,-1.39487481040564));
#7026=CARTESIAN_POINT('Ctrl Pts',(98.835239714335,-18.5487471563705,0.610674085386903));
#7027=CARTESIAN_POINT('Ctrl Pts',(99.1572028576795,-18.5501726419755,0.69179658123194));
#7028=CARTESIAN_POINT('Ctrl Pts',(100.161368808557,-18.466821914349,0.916558219628896));
#7029=CARTESIAN_POINT('Ctrl Pts',(102.054867503587,-17.6500097587595,1.14939132934081));
#7030=CARTESIAN_POINT('Ctrl Pts',(103.297318195882,-16.0026752975657,1.04561411970241));
#7031=CARTESIAN_POINT('Ctrl Pts',(103.762902793189,-14.5971161951233,0.812468138093477));
#7032=CARTESIAN_POINT('Ctrl Pts',(103.840307132777,-13.9259745377864,0.659534720134518));
#7033=CARTESIAN_POINT('Ctrl Pts',(103.837160006874,-13.5368708896268,0.55610731062664));
#7034=CARTESIAN_POINT('Ctrl Pts',(98.835239714335,-18.2690841734016,1.83025326204252));
#7035=CARTESIAN_POINT('Ctrl Pts',(99.1402067778712,-18.240097905328,1.92151996714285));
#7036=CARTESIAN_POINT('Ctrl Pts',(100.07621905465,-18.0723156110133,2.17114182257267));
#7037=CARTESIAN_POINT('Ctrl Pts',(101.743339857898,-17.2391322628642,2.41960875221877));
#7038=CARTESIAN_POINT('Ctrl Pts',(102.889831464823,-15.7948223091338,2.30968081656086));
#7039=CARTESIAN_POINT('Ctrl Pts',(103.412926984724,-14.5290817887273,2.05593067731207));
#7040=CARTESIAN_POINT('Ctrl Pts',(103.542839456619,-13.9070668074178,1.88571944995289));
#7041=CARTESIAN_POINT('Ctrl Pts',(103.57799229789,-13.5368708896268,1.76874725880695));
#7042=CARTESIAN_POINT('Ctrl Pts',(98.835239714335,-17.8670950175621,2.52097878120075));
#7043=CARTESIAN_POINT('Ctrl Pts',(99.1150807137476,-17.8151218725578,2.6102826269485));
#7044=CARTESIAN_POINT('Ctrl Pts',(99.9622829259357,-17.5862880751692,2.85119590162472));
#7045=CARTESIAN_POINT('Ctrl Pts',(101.387114315741,-16.7751854580759,3.08077679144023));
#7046=CARTESIAN_POINT('Ctrl Pts',(102.413229033807,-15.5450878783358,2.98001201961694));
#7047=CARTESIAN_POINT('Ctrl Pts',(102.959356567709,-14.4388140383071,2.74035760574812));
#7048=CARTESIAN_POINT('Ctrl Pts',(103.126976384293,-13.8780270693208,2.57566216419055));
#7049=CARTESIAN_POINT('Ctrl Pts',(103.191302751959,-13.5368708896268,2.46057552685871));
#7050=CARTESIAN_POINT('Ctrl Pts',(98.8352397143351,-14.4099464249674,-3.49101615137755));
#7051=CARTESIAN_POINT('Ctrl Pts',(98.9011909880979,-14.4099464249674,-3.49101615137755));
#7052=CARTESIAN_POINT('Ctrl Pts',(99.0975625777855,-14.3922210571081,-3.49101615137755));
#7053=CARTESIAN_POINT('Ctrl Pts',(99.4081931814578,-14.2567228786829,-3.49101615137755));
#7054=CARTESIAN_POINT('Ctrl Pts',(99.6021518603215,-13.9989747253992,-3.49101615137755));
#7055=CARTESIAN_POINT('Ctrl Pts',(99.6845869450395,-13.7498250923994,-3.49101615137755));
#7056=CARTESIAN_POINT('Ctrl Pts',(99.6996999793862,-13.6184977737374,-3.49101615137755));
#7057=CARTESIAN_POINT('Ctrl Pts',(99.6996999793862,-13.5368708896268,-3.49101615137755));
#7058=CARTESIAN_POINT('Ctrl Pts',(103.191302751959,-13.5368708896268,2.46057552685871));
#7059=CARTESIAN_POINT('Ctrl Pts',(103.126976384293,-13.8780270693208,2.57566216419055));
#7060=CARTESIAN_POINT('Ctrl Pts',(102.959356567709,-14.4388140383071,2.74035760574812));
#7061=CARTESIAN_POINT('Ctrl Pts',(102.413229033807,-15.5450878783358,2.98001201961694));
#7062=CARTESIAN_POINT('Ctrl Pts',(101.387114315741,-16.7751854580759,3.08077679144023));
#7063=CARTESIAN_POINT('Ctrl Pts',(99.9622829259357,-17.5862880751692,2.85119590162472));
#7064=CARTESIAN_POINT('Ctrl Pts',(99.1150807137476,-17.8151218725578,2.6102826269485));
#7065=CARTESIAN_POINT('Ctrl Pts',(98.835239714335,-17.8670950175621,2.52097878120075));
#7066=CARTESIAN_POINT('Origin',(88.8325,-2.9515,28.1499838486224));
#7067=CARTESIAN_POINT('',(81.6442441181964,66.9015285047333,41.0105296517033));
#7068=CARTESIAN_POINT('',(88.8325,37.9,28.1499838486224));
#7069=CARTESIAN_POINT('',(80.9636664904913,9.60710613336706,42.2281546079614));
#7070=CARTESIAN_POINT('Origin',(77.2797406524802,66.9015285047333,38.5710400539079));
#7071=CARTESIAN_POINT('',(77.2797406524802,71.2229642454766,41.0860337196308));
#7072=CARTESIAN_POINT('Origin',(88.8325,78.7515,28.1499838486224));
#7073=CARTESIAN_POINT('',(8.80083697522485,70.5143296073763,42.3036586758889));
#7074=CARTESIAN_POINT('',(65.76625,78.7515,28.1499838486224));
#7075=CARTESIAN_POINT('',(75.9500022863518,80.611421044688,24.9541391087252));
#7076=CARTESIAN_POINT('',(13.4500022863538,80.6114130137344,24.9541529080642));
#7077=CARTESIAN_POINT('',(66.7662506708761,80.6114198646195,24.9541411364004));
#7078=CARTESIAN_POINT('',(13.4499977136482,89.6149846538203,9.48335140460502));
#7079=CARTESIAN_POINT('',(13.4500016154632,81.9323995237351,22.6843426913788));
#7080=CARTESIAN_POINT('',(75.9499977136462,89.614992684774,9.48333760526602));
#7081=CARTESIAN_POINT('',(82.39124609817,89.6150992156343,9.48339770035915));
#7082=CARTESIAN_POINT('',(75.9500016154612,81.9324075546888,22.6843288920397));
#7083=CARTESIAN_POINT('Origin',(8.80083697522485,66.192893866633,39.7886650101661));
#7084=CARTESIAN_POINT('Origin',(42.7,37.9,-3.49101615137755));
#7085=CARTESIAN_POINT('Origin',(42.7,78.7515,29.1499838486224));
#7086=CARTESIAN_POINT('Origin',(88.8325,37.9,29.1499838486224));
#7087=CARTESIAN_POINT('Origin',(8.12025934751977,8.89847149526677,38.5710400539079));
#7088=CARTESIAN_POINT('',(8.12025934751977,4.57703575452346,41.0860337196308));
#7089=CARTESIAN_POINT('Origin',(76.5991630247752,9.60710613336706,39.788665010166));
#7090=CARTESIAN_POINT('',(76.5991630247752,5.28567039262375,42.3036586758889));
#7091=CARTESIAN_POINT('Origin',(63.5,-5.,17.));
#7092=CARTESIAN_POINT('',(71.5,-9.44057919370673,17.));
#7093=CARTESIAN_POINT('',(71.5,-5.,17.));
#7094=CARTESIAN_POINT('',(55.5,-9.44057919370673,17.));
#7095=CARTESIAN_POINT('',(30.03375,-9.44057919370674,17.));
#7096=CARTESIAN_POINT('',(55.5,-5.,17.));
#7097=CARTESIAN_POINT('Origin',(55.5,-5.,16.));
#7098=CARTESIAN_POINT('',(55.5,-10.6045412732587,15.));
#7099=CARTESIAN_POINT('',(55.5,-5.85165684619811,23.1667341411845));
#7100=CARTESIAN_POINT('',(55.5,-5.,15.));
#7101=CARTESIAN_POINT('Origin',(63.5,-5.,15.));
#7102=CARTESIAN_POINT('',(71.5,-10.6045412732587,15.));
#7103=CARTESIAN_POINT('',(30.03375,-10.6045412732587,15.));
#7104=CARTESIAN_POINT('',(71.5,-5.,15.));
#7105=CARTESIAN_POINT('Origin',(71.5,-5.,16.));
#7106=CARTESIAN_POINT('',(71.5,-5.85165684619811,23.1667341411845));
#7107=CARTESIAN_POINT('Origin',(63.5,-5.,21.));
#7108=CARTESIAN_POINT('',(71.5,-7.11265503460279,21.));
#7109=CARTESIAN_POINT('',(71.5,-5.,21.));
#7110=CARTESIAN_POINT('',(55.5,-7.11265503460279,21.));
#7111=CARTESIAN_POINT('',(30.03375,-7.11265503460279,21.));
#7112=CARTESIAN_POINT('',(55.5,-5.,21.));
#7113=CARTESIAN_POINT('Origin',(55.5,-5.,20.));
#7114=CARTESIAN_POINT('',(55.5,-8.27661711415476,19.));
#7115=CARTESIAN_POINT('',(55.5,-4.98218616501428,24.6607186900944));
#7116=CARTESIAN_POINT('',(55.5,-5.,19.));
#7117=CARTESIAN_POINT('Origin',(63.5,-5.,19.));
#7118=CARTESIAN_POINT('',(71.5,-8.27661711415476,19.));
#7119=CARTESIAN_POINT('',(30.03375,-8.27661711415476,19.));
#7120=CARTESIAN_POINT('',(71.5,-5.,19.));
#7121=CARTESIAN_POINT('Origin',(71.5,-5.,20.));
#7122=CARTESIAN_POINT('',(71.5,-4.98218616501428,24.6607186900944));
#7123=CARTESIAN_POINT('Origin',(63.5,-5.,25.));
#7124=CARTESIAN_POINT('',(71.5,-4.78473087549885,25.));
#7125=CARTESIAN_POINT('',(71.5,-5.,25.));
#7126=CARTESIAN_POINT('',(55.5,-4.78473087549885,25.));
#7127=CARTESIAN_POINT('',(30.03375,-4.78473087549885,25.));
#7128=CARTESIAN_POINT('',(55.5,-5.,25.));
#7129=CARTESIAN_POINT('Origin',(55.5,-5.,24.));
#7130=CARTESIAN_POINT('',(55.5,-5.94869295505082,23.));
#7131=CARTESIAN_POINT('',(55.5,-4.11271548383044,26.1547032390043));
#7132=CARTESIAN_POINT('',(55.5,-5.,23.));
#7133=CARTESIAN_POINT('Origin',(63.5,-5.,23.));
#7134=CARTESIAN_POINT('',(71.5,-5.94869295505082,23.));
#7135=CARTESIAN_POINT('',(30.03375,-5.94869295505082,23.));
#7136=CARTESIAN_POINT('',(71.5,-5.,23.));
#7137=CARTESIAN_POINT('Origin',(71.5,-5.,24.));
#7138=CARTESIAN_POINT('',(71.5,-4.11271548383044,26.1547032390043));
#7139=CARTESIAN_POINT('Origin',(11.022216,59.586006,12.3));
#7140=CARTESIAN_POINT('',(16.022216,59.586006,-0.49101615137755));
#7141=CARTESIAN_POINT('',(6.022216,59.586006,-0.49101615137755));
#7142=CARTESIAN_POINT('',(26.861108,59.586006,-0.49101615137755));
#7143=CARTESIAN_POINT('',(16.022216,59.586006,25.));
#7144=CARTESIAN_POINT('',(16.022216,59.586006,12.3));
#7145=CARTESIAN_POINT('',(6.022216,59.586006,25.));
#7146=CARTESIAN_POINT('',(11.022216,59.586006,25.));
#7147=CARTESIAN_POINT('',(6.022216,59.586006,12.3));
#7148=CARTESIAN_POINT('Origin',(16.022216,64.586006,12.3));
#7149=CARTESIAN_POINT('',(16.022216,69.586006,-0.49101615137755));
#7150=CARTESIAN_POINT('',(16.022216,51.243003,-0.49101615137755));
#7151=CARTESIAN_POINT('',(16.022216,69.586006,25.));
#7152=CARTESIAN_POINT('',(16.022216,69.586006,12.3));
#7153=CARTESIAN_POINT('',(16.022216,64.586006,25.));
#7154=CARTESIAN_POINT('Origin',(11.022216,64.586006,23.));
#7155=CARTESIAN_POINT('',(8.522216,64.586006,21.));
#7156=CARTESIAN_POINT('Origin',(11.022216,64.586006,21.));
#7157=CARTESIAN_POINT('',(8.522216,64.586006,25.));
#7158=CARTESIAN_POINT('',(8.522216,64.586006,23.));
#7159=CARTESIAN_POINT('Origin',(11.022216,64.586006,25.));
#7160=CARTESIAN_POINT('Origin',(11.022216,64.586006,21.));
#7161=CARTESIAN_POINT('',(9.522216,64.586006,21.));
#7162=CARTESIAN_POINT('Origin',(11.022216,64.586006,21.));
#7163=CARTESIAN_POINT('Origin',(11.022216,64.586006,18.51));
#7164=CARTESIAN_POINT('',(9.52221600000001,64.586006,18.51));
#7165=CARTESIAN_POINT('Origin',(11.022216,64.586006,18.51));
#7166=CARTESIAN_POINT('Origin',(11.022216,64.586006,12.51));
#7167=CARTESIAN_POINT('',(9.522216,64.586006,12.51));
#7168=CARTESIAN_POINT('Origin',(11.022216,64.586006,25.));
#7169=CARTESIAN_POINT('',(6.022216,69.586006,25.));
#7170=CARTESIAN_POINT('',(11.022216,69.586006,25.));
#7171=CARTESIAN_POINT('',(6.022216,64.586006,25.));
#7172=CARTESIAN_POINT('Origin',(6.022216,64.586006,12.3));
#7173=CARTESIAN_POINT('',(6.022216,69.586006,-0.49101615137755));
#7174=CARTESIAN_POINT('',(6.022216,51.243003,-0.49101615137755));
#7175=CARTESIAN_POINT('',(6.022216,69.586006,12.3));
#7176=CARTESIAN_POINT('Origin',(11.022216,69.586006,12.3));
#7177=CARTESIAN_POINT('',(26.861108,69.586006,-0.49101615137755));
#7178=CARTESIAN_POINT('Origin',(79.1,11.,12.3));
#7179=CARTESIAN_POINT('',(79.1,7.00000000000003,-0.49101615137755));
#7180=CARTESIAN_POINT('',(79.1,7.00000000000003,25.));
#7181=CARTESIAN_POINT('',(79.1,7.00000000000003,14.5647419243112));
#7182=CARTESIAN_POINT('',(79.1,16.,-0.49101615137755));
#7183=CARTESIAN_POINT('',(79.1,24.45,-0.49101615137755));
#7184=CARTESIAN_POINT('',(79.1,16.,25.));
#7185=CARTESIAN_POINT('',(79.1,16.,12.3));
#7186=CARTESIAN_POINT('',(79.1,11.,25.));
#7187=CARTESIAN_POINT('Origin',(74.1,16.,12.3));
#7188=CARTESIAN_POINT('',(69.1,16.,-0.49101615137755));
#7189=CARTESIAN_POINT('',(58.4,16.,-0.49101615137755));
#7190=CARTESIAN_POINT('',(69.1,16.,25.));
#7191=CARTESIAN_POINT('',(69.1,16.,12.3));
#7192=CARTESIAN_POINT('',(74.1,16.,25.));
#7193=CARTESIAN_POINT('Origin',(69.1,11.,12.3));
#7194=CARTESIAN_POINT('',(69.1,6.00000000000001,-0.49101615137755));
#7195=CARTESIAN_POINT('',(69.1,24.45,-0.49101615137755));
#7196=CARTESIAN_POINT('',(69.1,6.00000000000001,25.));
#7197=CARTESIAN_POINT('',(69.1,6.00000000000001,12.3));
#7198=CARTESIAN_POINT('',(69.1,11.,25.));
#7199=CARTESIAN_POINT('Origin',(74.1,11.,18.503));
#7200=CARTESIAN_POINT('',(72.6,11.,18.503));
#7201=CARTESIAN_POINT('Origin',(74.1,11.,18.503));
#7202=CARTESIAN_POINT('Origin',(74.1,11.,12.503));
#7203=CARTESIAN_POINT('',(72.6,11.,21.));
#7204=CARTESIAN_POINT('',(72.6,11.,12.503));
#7205=CARTESIAN_POINT('Origin',(74.1,11.,21.));
#7206=CARTESIAN_POINT('Origin',(74.1,11.,23.));
#7207=CARTESIAN_POINT('',(71.6,11.,21.));
#7208=CARTESIAN_POINT('Origin',(74.1,11.,21.));
#7209=CARTESIAN_POINT('',(71.6,11.,25.));
#7210=CARTESIAN_POINT('',(71.6,11.,23.));
#7211=CARTESIAN_POINT('Origin',(74.1,11.,25.));
#7212=CARTESIAN_POINT('Origin',(74.1,11.,21.));
#7213=CARTESIAN_POINT('Origin',(74.1,11.,25.));
#7214=CARTESIAN_POINT('',(78.4,7.00000000000003,25.));
#7215=CARTESIAN_POINT('',(58.4,7.00000000000003,25.));
#7216=CARTESIAN_POINT('',(78.4,6.00000000000001,25.));
#7217=CARTESIAN_POINT('',(74.1,6.00000000000001,25.));
#7218=CARTESIAN_POINT('',(78.4,24.45,25.));
#7219=CARTESIAN_POINT('Origin',(74.1,6.00000000000001,12.3));
#7220=CARTESIAN_POINT('',(78.4,6.00000000000001,-0.49101615137755));
#7221=CARTESIAN_POINT('',(78.4,6.00000000000001,14.5647419243112));
#7222=CARTESIAN_POINT('',(58.4,6.00000000000001,-0.49101615137755));
#7223=CARTESIAN_POINT('Origin',(42.7,7.00000000000003,16.8294838486225));
#7224=CARTESIAN_POINT('',(101.666487855779,7.00000000000003,-0.491016151377549));
#7225=CARTESIAN_POINT('',(84.8748431012149,7.00000000000003,28.359918174286));
#7226=CARTESIAN_POINT('',(42.7,7.00000000000003,-0.49101615137755));
#7227=CARTESIAN_POINT('',(78.4,7.00000000000003,16.8294838486225));
#7228=CARTESIAN_POINT('Origin',(78.4,37.9,16.8294838486225));
#7229=CARTESIAN_POINT('',(78.4,37.9,-0.49101615137755));
#7230=CARTESIAN_POINT('Origin',(11.,5.90000000000002,12.3));
#7231=CARTESIAN_POINT('',(16.,5.90000000000002,-0.49101615137755));
#7232=CARTESIAN_POINT('',(26.85,5.90000000000002,-0.49101615137755));
#7233=CARTESIAN_POINT('',(16.,5.90000000000002,25.));
#7234=CARTESIAN_POINT('',(16.,5.90000000000002,12.3));
#7235=CARTESIAN_POINT('',(11.,5.90000000000002,25.));
#7236=CARTESIAN_POINT('Origin',(16.,10.9,12.3));
#7237=CARTESIAN_POINT('',(16.,15.9,-0.49101615137755));
#7238=CARTESIAN_POINT('',(16.,24.4,-0.49101615137755));
#7239=CARTESIAN_POINT('',(16.,15.9,25.));
#7240=CARTESIAN_POINT('',(16.,15.9,12.3));
#7241=CARTESIAN_POINT('',(16.,10.9,25.));
#7242=CARTESIAN_POINT('Origin',(11.,15.9,12.3));
#7243=CARTESIAN_POINT('',(6.00000000000001,15.9,-0.49101615137755));
#7244=CARTESIAN_POINT('',(26.85,15.9,-0.49101615137755));
#7245=CARTESIAN_POINT('',(6.00000000000001,15.9,25.));
#7246=CARTESIAN_POINT('',(6.00000000000001,15.9,12.3));
#7247=CARTESIAN_POINT('',(11.,15.9,25.));
#7248=CARTESIAN_POINT('Origin',(11.,10.9,18.503));
#7249=CARTESIAN_POINT('',(9.50000000000001,10.9,18.503));
#7250=CARTESIAN_POINT('Origin',(11.,10.9,18.503));
#7251=CARTESIAN_POINT('Origin',(11.,10.9,12.503));
#7252=CARTESIAN_POINT('',(9.50000000000001,10.9,21.));
#7253=CARTESIAN_POINT('',(9.50000000000001,10.9,12.503));
#7254=CARTESIAN_POINT('Origin',(11.,10.9,21.));
#7255=CARTESIAN_POINT('Origin',(11.,10.9,23.));
#7256=CARTESIAN_POINT('',(8.50000000000001,10.9,21.));
#7257=CARTESIAN_POINT('Origin',(11.,10.9,21.));
#7258=CARTESIAN_POINT('',(8.50000000000001,10.9,25.));
#7259=CARTESIAN_POINT('',(8.50000000000001,10.9,23.));
#7260=CARTESIAN_POINT('Origin',(11.,10.9,25.));
#7261=CARTESIAN_POINT('Origin',(11.,10.9,21.));
#7262=CARTESIAN_POINT('Origin',(11.,10.9,25.));
#7263=CARTESIAN_POINT('',(6.00000000000001,7.00000000000003,25.));
#7264=CARTESIAN_POINT('',(6.00000000000001,10.9,25.));
#7265=CARTESIAN_POINT('',(26.85,7.00000000000003,25.));
#7266=CARTESIAN_POINT('Origin',(6.00000000000001,10.9,12.3));
#7267=CARTESIAN_POINT('',(6.00000000000001,7.00000000000003,-0.49101615137755));
#7268=CARTESIAN_POINT('',(6.00000000000001,7.00000000000003,14.5647419243112));
#7269=CARTESIAN_POINT('',(6.00000000000001,24.4,-0.49101615137755));
#7270=CARTESIAN_POINT('Origin',(42.7,7.00000000000003,16.8294838486225));
#7271=CARTESIAN_POINT('',(-16.2664878557788,7.00000000000003,-0.49101615137755));
#7272=CARTESIAN_POINT('',(42.7,7.00000000000003,-0.49101615137755));
#7273=CARTESIAN_POINT('',(0.525156898785148,7.00000000000003,28.359918174286));
#7274=CARTESIAN_POINT('Origin',(1.025,1.364,16.15));
#7275=CARTESIAN_POINT('',(-0.474999999999997,1.364,16.15));
#7276=CARTESIAN_POINT('Origin',(84.175,74.05,16.15));
#7277=CARTESIAN_POINT('',(82.675,74.05,16.15));
#7278=CARTESIAN_POINT('Origin',(84.175,1.364,16.15));
#7279=CARTESIAN_POINT('',(82.675,1.364,16.15));
#7280=CARTESIAN_POINT('Origin',(1.025,74.05,16.15));
#7281=CARTESIAN_POINT('',(-0.474999999999997,74.05,16.15));
#7282=CARTESIAN_POINT('Origin',(1.025,1.364,28.15));
#7283=CARTESIAN_POINT('',(-1.475,1.364,28.15));
#7284=CARTESIAN_POINT('Origin',(1.025,74.05,28.15));
#7285=CARTESIAN_POINT('',(-1.475,74.05,28.15));
#7286=CARTESIAN_POINT('Origin',(84.175,74.05,28.15));
#7287=CARTESIAN_POINT('',(81.675,74.05,28.15));
#7288=CARTESIAN_POINT('Origin',(84.175,1.364,28.15));
#7289=CARTESIAN_POINT('',(81.675,1.364,28.15));
#7290=CARTESIAN_POINT('Origin',(42.7,37.9,-0.49101615137755));
#7291=CARTESIAN_POINT('',(79.89,68.8,-0.491016151377548));
#7292=CARTESIAN_POINT('',(79.89,85.860068801021,-0.491016151377548));
#7293=CARTESIAN_POINT('',(79.89,37.9,-0.49101615137755));
#7294=CARTESIAN_POINT('',(42.7,85.860068801021,-0.49101615137755));
#7295=CARTESIAN_POINT('',(-16.2664878557788,37.9,-0.491016151377549));
#7296=CARTESIAN_POINT('',(101.666487855779,68.8,-0.491016151377549));
#7297=CARTESIAN_POINT('',(101.666487855779,37.9,-0.491016151377549));
#7298=CARTESIAN_POINT('',(42.7,68.8,-0.49101615137755));
#7299=CARTESIAN_POINT('Origin',(42.7,76.168923799466,16.1600381120442));
#7300=CARTESIAN_POINT('',(79.89000464071,83.5285188119989,3.51498782223537));
#7301=CARTESIAN_POINT('',(79.89,71.1818288446356,24.7287251656787));
#7302=CARTESIAN_POINT('',(75.91000464071,83.5285188119988,3.51498782223542));
#7303=CARTESIAN_POINT('',(42.757502320355,83.5285188119989,3.51498782223538));
#7304=CARTESIAN_POINT('',(75.91000464071,68.8,28.8211168626193));
#7305=CARTESIAN_POINT('',(75.9100046407101,74.2953620712529,19.3791394666665));
#7306=CARTESIAN_POINT('',(42.7,68.8,28.8211168626193));
#7307=CARTESIAN_POINT('Origin',(42.81500464071,87.6921314989923,5.93843444409214));
#7308=CARTESIAN_POINT('',(79.89000464071,89.6626438563775,7.08537866653383));
#7309=CARTESIAN_POINT('',(79.89000464071,85.7216191416071,4.79149022165042));
#7310=CARTESIAN_POINT('',(5.74000464071001,89.6626438563775,7.08537866653383));
#7311=CARTESIAN_POINT('',(79.89000464071,89.6626438563775,7.08537866653383));
#7312=CARTESIAN_POINT('',(5.74000464071001,85.7216191416071,4.79149022165042));
#7313=CARTESIAN_POINT('',(5.74000464071001,89.6626438563775,7.08537866653383));
#7314=CARTESIAN_POINT('',(75.91000464071,85.7216191416072,4.79149022165051));
#7315=CARTESIAN_POINT('',(5.74000464071001,85.7216191416071,4.79149022165042));
#7316=CARTESIAN_POINT('',(75.91000464071,86.7241605164171,5.37502324710328));
#7317=CARTESIAN_POINT('Origin',(75.91000464071,74.6143698295402,23.8743467352752));
#7318=CARTESIAN_POINT('',(75.91000464071,74.6143698295402,23.8743467352752));
#7319=CARTESIAN_POINT('',(75.9100046407101,68.8,20.3519152919488));
#7320=CARTESIAN_POINT('Origin',(5.74000464071001,74.6143698295402,23.8743467352752));
#7321=CARTESIAN_POINT('',(5.74000464071001,74.6143698295402,23.8743467352752));
#7322=CARTESIAN_POINT('Origin',(75.94999999997,83.3098319228816,16.1690771076662));
#7323=CARTESIAN_POINT('',(75.94999771363,88.608043608924,8.89723906832778));
#7324=CARTESIAN_POINT('',(75.9499977136172,87.8120910416767,8.43395184512388));
#7325=CARTESIAN_POINT('',(75.9500022863356,79.6035253713339,24.3674895934125));
#7326=CARTESIAN_POINT('',(75.950001409292,81.3305892640603,21.400300190456));
#7327=CARTESIAN_POINT('',(75.9500022863228,78.8075728040865,23.9042023702086));
#7328=CARTESIAN_POINT('Origin',(79.89000464071,67.5360820194593,19.7544023572938));
#7329=CARTESIAN_POINT('',(79.89000464071,78.5553945443105,26.1682351801585));
#7330=CARTESIAN_POINT('',(79.89,68.8,16.8294838486225));
#7331=CARTESIAN_POINT('Origin',(5.74000464071001,78.5553945443105,26.1682351801586));
#7332=CARTESIAN_POINT('',(5.74000464071001,78.5553945443105,26.1682351801586));
#7333=CARTESIAN_POINT('Origin',(44.7000022863238,78.8075687886096,23.9042092698781));
#7334=CARTESIAN_POINT('',(13.4500022863376,79.6035173396301,24.3675033923149));
#7335=CARTESIAN_POINT('',(62.2950031973841,79.6035236165673,24.3674926081965));
#7336=CARTESIAN_POINT('',(13.4500022863248,78.8075647731328,23.9042161695476));
#7337=CARTESIAN_POINT('Origin',(44.6999977136182,87.8120870261998,8.43395874479335));
#7338=CARTESIAN_POINT('',(13.449997713632,88.6080355772203,8.89725286723022));
#7339=CARTESIAN_POINT('',(62.2949986246785,88.6080418541575,8.89724208311177));
#7340=CARTESIAN_POINT('',(13.4499977136192,87.8120830107229,8.43396564446283));
#7341=CARTESIAN_POINT('Origin',(13.449999999972,83.3098238919278,16.1690909070052));
#7342=CARTESIAN_POINT('',(13.4500014092941,81.3305812323566,21.4003139893584));
#7343=CARTESIAN_POINT('Origin',(79.89000464071,78.5553945443105,26.1682351801585));
#7344=CARTESIAN_POINT('Origin',(42.7,68.8,16.8294838486225));
#7345=CARTESIAN_POINT('Origin',(42.7,68.8,16.8294838486225));
#7346=CARTESIAN_POINT('',(84.8748431012149,68.8,28.359918174286));
#7347=CARTESIAN_POINT('Origin',(90.533477199088,37.9,18.6374113491981));
#7348=CARTESIAN_POINT('Origin',(-5.13347719908802,37.9,18.6374113491981));
#7349=CARTESIAN_POINT('Origin',(-3.43250000000001,-2.9515,28.1499838486224));
#7350=UNCERTAINTY_MEASURE_WITH_UNIT(LENGTH_MEASURE(0.01),#7354,
'DISTANCE_ACCURACY_VALUE',
'Maximum model space distance between geometric entities at asserted c
onnectivities');
#7351=UNCERTAINTY_MEASURE_WITH_UNIT(LENGTH_MEASURE(0.01),#7354,
'DISTANCE_ACCURACY_VALUE',
'Maximum model space distance between geometric entities at asserted c
onnectivities');
#7352=(
GEOMETRIC_REPRESENTATION_CONTEXT(3)
GLOBAL_UNCERTAINTY_ASSIGNED_CONTEXT((#7350))
GLOBAL_UNIT_ASSIGNED_CONTEXT((#7354,#7356,#7357))
REPRESENTATION_CONTEXT('','3D')
);
#7353=(
GEOMETRIC_REPRESENTATION_CONTEXT(3)
GLOBAL_UNCERTAINTY_ASSIGNED_CONTEXT((#7351))
GLOBAL_UNIT_ASSIGNED_CONTEXT((#7354,#7356,#7357))
REPRESENTATION_CONTEXT('','3D')
);
#7354=(
LENGTH_UNIT()
NAMED_UNIT(*)
SI_UNIT(.MILLI.,.METRE.)
);
#7355=(
LENGTH_UNIT()
NAMED_UNIT(*)
SI_UNIT($,.METRE.)
);
#7356=(
NAMED_UNIT(*)
PLANE_ANGLE_UNIT()
SI_UNIT($,.RADIAN.)
);
#7357=(
NAMED_UNIT(*)
SI_UNIT($,.STERADIAN.)
SOLID_ANGLE_UNIT()
);
#7358=SHAPE_DEFINITION_REPRESENTATION(#7359,#7360);
#7359=PRODUCT_DEFINITION_SHAPE('',$,#7362);
#7360=SHAPE_REPRESENTATION('',(#4256),#7352);
#7361=PRODUCT_DEFINITION_CONTEXT('part definition',#7366,'design');
#7362=PRODUCT_DEFINITION('2026-09-06-00-19-12-033','Blare V2',#7363,#7361);
#7363=PRODUCT_DEFINITION_FORMATION('',$,#7368);
#7364=PRODUCT_RELATED_PRODUCT_CATEGORY('Blare V2','Blare V2',(#7368));
#7365=APPLICATION_PROTOCOL_DEFINITION('international standard',
'automotive_design',2009,#7366);
#7366=APPLICATION_CONTEXT(
'Core Data for Automotive Mechanical Design Process');
#7367=PRODUCT_CONTEXT('part definition',#7366,'mechanical');
#7368=PRODUCT('2026-09-06-00-19-12-033','Blare V2',$,(#7367));
#7369=PRESENTATION_STYLE_ASSIGNMENT((#7387));
#7370=PRESENTATION_STYLE_ASSIGNMENT((#7388));
#7371=PRESENTATION_STYLE_ASSIGNMENT((#7389));
#7372=PRESENTATION_STYLE_ASSIGNMENT((#7390));
#7373=PRESENTATION_STYLE_ASSIGNMENT((#7391));
#7374=PRESENTATION_STYLE_ASSIGNMENT((#7392));
#7375=PRESENTATION_STYLE_ASSIGNMENT((#7393));
#7376=PRESENTATION_STYLE_ASSIGNMENT((#7394));
#7377=PRESENTATION_STYLE_ASSIGNMENT((#7395));
#7378=PRESENTATION_STYLE_ASSIGNMENT((#7396));
#7379=PRESENTATION_STYLE_ASSIGNMENT((#7397));
#7380=PRESENTATION_STYLE_ASSIGNMENT((#7398));
#7381=PRESENTATION_STYLE_ASSIGNMENT((#7399));
#7382=PRESENTATION_STYLE_ASSIGNMENT((#7400));
#7383=PRESENTATION_STYLE_ASSIGNMENT((#7401));
#7384=PRESENTATION_STYLE_ASSIGNMENT((#7402));
#7385=PRESENTATION_STYLE_ASSIGNMENT((#7403));
#7386=PRESENTATION_STYLE_ASSIGNMENT((#7404));
#7387=SURFACE_STYLE_USAGE(.BOTH.,#7405);
#7388=SURFACE_STYLE_USAGE(.BOTH.,#7406);
#7389=SURFACE_STYLE_USAGE(.BOTH.,#7407);
#7390=SURFACE_STYLE_USAGE(.BOTH.,#7408);
#7391=SURFACE_STYLE_USAGE(.BOTH.,#7409);
#7392=SURFACE_STYLE_USAGE(.BOTH.,#7410);
#7393=SURFACE_STYLE_USAGE(.BOTH.,#7411);
#7394=SURFACE_STYLE_USAGE(.BOTH.,#7412);
#7395=SURFACE_STYLE_USAGE(.BOTH.,#7413);
#7396=SURFACE_STYLE_USAGE(.BOTH.,#7414);
#7397=SURFACE_STYLE_USAGE(.BOTH.,#7415);
#7398=SURFACE_STYLE_USAGE(.BOTH.,#7416);
#7399=SURFACE_STYLE_USAGE(.BOTH.,#7417);
#7400=SURFACE_STYLE_USAGE(.BOTH.,#7418);
#7401=SURFACE_STYLE_USAGE(.BOTH.,#7419);
#7402=SURFACE_STYLE_USAGE(.BOTH.,#7420);
#7403=SURFACE_STYLE_USAGE(.BOTH.,#7421);
#7404=SURFACE_STYLE_USAGE(.BOTH.,#7422);
#7405=SURFACE_SIDE_STYLE('',(#7423));
#7406=SURFACE_SIDE_STYLE('',(#7424));
#7407=SURFACE_SIDE_STYLE('',(#7425));
#7408=SURFACE_SIDE_STYLE('',(#7426));
#7409=SURFACE_SIDE_STYLE('',(#7427));
#7410=SURFACE_SIDE_STYLE('',(#7428));
#7411=SURFACE_SIDE_STYLE('',(#7429));
#7412=SURFACE_SIDE_STYLE('',(#7430));
#7413=SURFACE_SIDE_STYLE('',(#7431));
#7414=SURFACE_SIDE_STYLE('',(#7432));
#7415=SURFACE_SIDE_STYLE('',(#7433));
#7416=SURFACE_SIDE_STYLE('',(#7434));
#7417=SURFACE_SIDE_STYLE('',(#7435));
#7418=SURFACE_SIDE_STYLE('',(#7436));
#7419=SURFACE_SIDE_STYLE('',(#7437));
#7420=SURFACE_SIDE_STYLE('',(#7438));
#7421=SURFACE_SIDE_STYLE('',(#7439));
#7422=SURFACE_SIDE_STYLE('',(#7440));
#7423=SURFACE_STYLE_FILL_AREA(#7441);
#7424=SURFACE_STYLE_FILL_AREA(#7442);
#7425=SURFACE_STYLE_FILL_AREA(#7443);
#7426=SURFACE_STYLE_FILL_AREA(#7444);
#7427=SURFACE_STYLE_FILL_AREA(#7445);
#7428=SURFACE_STYLE_FILL_AREA(#7446);
#7429=SURFACE_STYLE_FILL_AREA(#7447);
#7430=SURFACE_STYLE_FILL_AREA(#7448);
#7431=SURFACE_STYLE_FILL_AREA(#7449);
#7432=SURFACE_STYLE_FILL_AREA(#7450);
#7433=SURFACE_STYLE_FILL_AREA(#7451);
#7434=SURFACE_STYLE_FILL_AREA(#7452);
#7435=SURFACE_STYLE_FILL_AREA(#7453);
#7436=SURFACE_STYLE_FILL_AREA(#7454);
#7437=SURFACE_STYLE_FILL_AREA(#7455);
#7438=SURFACE_STYLE_FILL_AREA(#7456);
#7439=SURFACE_STYLE_FILL_AREA(#7457);
#7440=SURFACE_STYLE_FILL_AREA(#7458);
#7441=FILL_AREA_STYLE('Steel - Satin',(#7459));
#7442=FILL_AREA_STYLE('Opaque(25,25,25)',(#7460));
#7443=FILL_AREA_STYLE('Opaque(196,197,196)',(#7461));
#7444=FILL_AREA_STYLE('Opaque(214,48,48)',(#7462));
#7445=FILL_AREA_STYLE('ABS (White)',(#7463));
#7446=FILL_AREA_STYLE('Opaque(210,209,199)',(#7464));
#7447=FILL_AREA_STYLE('Opaque(178,25,13)',(#7465));
#7448=FILL_AREA_STYLE('Opaque(0,161,191)',(#7466));
#7449=FILL_AREA_STYLE('Opaque(247,224,153)',(#7467));
#7450=FILL_AREA_STYLE('Opaque(244,229,167)',(#7468));
#7451=FILL_AREA_STYLE('Opaque(160,160,160)',(#7469));
#7452=FILL_AREA_STYLE('Opaque(246,246,243)',(#7470));
#7453=FILL_AREA_STYLE('Opaque(80,124,105)',(#7471));
#7454=FILL_AREA_STYLE('Opaque(38,37,37)',(#7472));
#7455=FILL_AREA_STYLE('Opaque(219,188,126)',(#7473));
#7456=FILL_AREA_STYLE('Opaque(206,109,38)',(#7474));
#7457=FILL_AREA_STYLE('Opaque(157,207,237)',(#7475));
#7458=FILL_AREA_STYLE('Opaque(40,40,40)',(#7476));
#7459=FILL_AREA_STYLE_COLOUR('Steel - Satin',#7477);
#7460=FILL_AREA_STYLE_COLOUR('Opaque(25,25,25)',#7478);
#7461=FILL_AREA_STYLE_COLOUR('Opaque(196,197,196)',#7479);
#7462=FILL_AREA_STYLE_COLOUR('Opaque(214,48,48)',#7480);
#7463=FILL_AREA_STYLE_COLOUR('ABS (White)',#7481);
#7464=FILL_AREA_STYLE_COLOUR('Opaque(210,209,199)',#7482);
#7465=FILL_AREA_STYLE_COLOUR('Opaque(178,25,13)',#7483);
#7466=FILL_AREA_STYLE_COLOUR('Opaque(0,161,191)',#7484);
#7467=FILL_AREA_STYLE_COLOUR('Opaque(247,224,153)',#7485);
#7468=FILL_AREA_STYLE_COLOUR('Opaque(244,229,167)',#7486);
#7469=FILL_AREA_STYLE_COLOUR('Opaque(160,160,160)',#7487);
#7470=FILL_AREA_STYLE_COLOUR('Opaque(246,246,243)',#7488);
#7471=FILL_AREA_STYLE_COLOUR('Opaque(80,124,105)',#7489);
#7472=FILL_AREA_STYLE_COLOUR('Opaque(38,37,37)',#7490);
#7473=FILL_AREA_STYLE_COLOUR('Opaque(219,188,126)',#7491);
#7474=FILL_AREA_STYLE_COLOUR('Opaque(206,109,38)',#7492);
#7475=FILL_AREA_STYLE_COLOUR('Opaque(157,207,237)',#7493);
#7476=FILL_AREA_STYLE_COLOUR('Opaque(40,40,40)',#7494);
#7477=COLOUR_RGB('Steel - Satin',0.627450980392157,0.627450980392157,0.627450980392157);
#7478=COLOUR_RGB('Opaque(25,25,25)',0.0980392156862745,0.0980392156862745,
0.0980392156862745);
#7479=COLOUR_RGB('Opaque(196,197,196)',0.768627450980392,0.772549019607843,
0.768627450980392);
#7480=COLOUR_RGB('Opaque(214,48,48)',0.83921568627451,0.188235294117647,
0.188235294117647);
#7481=COLOUR_RGB('ABS (White)',0.964705882352941,0.964705882352941,0.952941176470588);
#7482=COLOUR_RGB('Opaque(210,209,199)',0.823529411764706,0.819607843137255,
0.780392156862745);
#7483=COLOUR_RGB('Opaque(178,25,13)',0.698039215686274,0.0980392156862745,
0.0509803921568627);
#7484=COLOUR_RGB('Opaque(0,161,191)',0.,0.631372549019608,0.749019607843137);
#7485=COLOUR_RGB('Opaque(247,224,153)',0.968627450980392,0.87843137254902,
0.6);
#7486=COLOUR_RGB('Opaque(244,229,167)',0.956862745098039,0.898039215686275,
0.654901960784314);
#7487=COLOUR_RGB('Opaque(160,160,160)',0.627450980392157,0.627450980392157,
0.627450980392157);
#7488=COLOUR_RGB('Opaque(246,246,243)',0.964705882352941,0.964705882352941,
0.952941176470588);
#7489=COLOUR_RGB('Opaque(80,124,105)',0.313725490196078,0.486274509803922,
0.411764705882353);
#7490=COLOUR_RGB('Opaque(38,37,37)',0.149019607843137,0.145098039215686,
0.145098039215686);
#7491=COLOUR_RGB('Opaque(219,188,126)',0.858823529411765,0.737254901960784,
0.494117647058824);
#7492=COLOUR_RGB('Opaque(206,109,38)',0.807843137254902,0.427450980392157,
0.149019607843137);
#7493=COLOUR_RGB('Opaque(157,207,237)',0.615686274509804,0.811764705882353,
0.929411764705882);
#7494=COLOUR_RGB('Opaque(40,40,40)',0.156862745098039,0.156862745098039,
0.156862745098039);
ENDSEC;
END-ISO-10303-21;
