ISO-10303-21;
HEADER;
/* Generated by software containing ST-Developer
 * from STEP Tools, Inc. (www.steptools.com) 
 */

FILE_DESCRIPTION(
/* description */ (''),
/* implementation_level */ '2;1');

FILE_NAME(
/* name */ 'BlareCase_Top.step',
/* time_stamp */ '2026-09-19T16:49:39-04:00',
/* author */ (''),
/* organization */ (''),
/* preprocessor_version */ 'ST-DEVELOPER v20.2',
/* originating_system */ 'Autodesk Translation Framework v15.15.0.0',
/* authorisation */ '');

FILE_SCHEMA (('AUTOMOTIVE_DESIGN { 1 0 10303 214 3 1 1 }'));
ENDSEC;

DATA;
#10=MECHANICAL_DESIGN_GEOMETRIC_PRESENTATION_REPRESENTATION('',(#13),#3330);
#11=SHAPE_REPRESENTATION_RELATIONSHIP('SRR','None',#3337,#12);
#12=ADVANCED_BREP_SHAPE_REPRESENTATION('',(#14),#3329);
#13=STYLED_ITEM('',(#3359),#14);
#14=MANIFOLD_SOLID_BREP('Case (Top)',#1976);
#15=CYLINDRICAL_SURFACE('',#1996,1.5);
#16=CYLINDRICAL_SURFACE('',#2002,5.);
#17=CYLINDRICAL_SURFACE('',#2037,1.5);
#18=CYLINDRICAL_SURFACE('',#2042,5.);
#19=CYLINDRICAL_SURFACE('',#2055,1.5);
#20=CYLINDRICAL_SURFACE('',#2061,5.00000000000001);
#21=CYLINDRICAL_SURFACE('',#2068,1.5);
#22=CYLINDRICAL_SURFACE('',#2076,5.);
#23=CYLINDRICAL_SURFACE('',#2079,5.);
#24=CYLINDRICAL_SURFACE('',#2088,5.);
#25=CYLINDRICAL_SURFACE('',#2123,5.);
#26=CYLINDRICAL_SURFACE('',#2124,5.);
#27=CYLINDRICAL_SURFACE('',#2126,5.);
#28=CYLINDRICAL_SURFACE('',#2128,3.);
#29=CYLINDRICAL_SURFACE('',#2129,3.);
#30=CYLINDRICAL_SURFACE('',#2130,3.);
#31=CYLINDRICAL_SURFACE('',#2131,3.);
#32=CYLINDRICAL_SURFACE('',#2134,0.999999999999996);
#33=CYLINDRICAL_SURFACE('',#2136,0.999999999999992);
#34=CYLINDRICAL_SURFACE('',#2138,0.999999999999996);
#35=CYLINDRICAL_SURFACE('',#2140,0.999999999999996);
#36=CYLINDRICAL_SURFACE('',#2142,0.999999999999996);
#37=CYLINDRICAL_SURFACE('',#2144,0.999999999999992);
#38=CYLINDRICAL_SURFACE('',#2146,0.999999999999996);
#39=CYLINDRICAL_SURFACE('',#2148,0.999999999999996);
#40=CYLINDRICAL_SURFACE('',#2150,0.999999999999996);
#41=CYLINDRICAL_SURFACE('',#2152,0.999999999999992);
#42=CYLINDRICAL_SURFACE('',#2154,0.999999999999996);
#43=CYLINDRICAL_SURFACE('',#2156,0.999999999999996);
#44=CYLINDRICAL_SURFACE('',#2158,0.999999999999996);
#45=CYLINDRICAL_SURFACE('',#2160,0.999999999999992);
#46=CYLINDRICAL_SURFACE('',#2162,0.999999999999996);
#47=CYLINDRICAL_SURFACE('',#2164,0.999999999999996);
#48=CYLINDRICAL_SURFACE('',#2166,0.999999999999996);
#49=CYLINDRICAL_SURFACE('',#2168,0.999999999999992);
#50=CYLINDRICAL_SURFACE('',#2170,0.999999999999996);
#51=CYLINDRICAL_SURFACE('',#2172,0.999999999999996);
#52=CYLINDRICAL_SURFACE('',#2174,0.999999999999996);
#53=CYLINDRICAL_SURFACE('',#2176,0.999999999999992);
#54=CYLINDRICAL_SURFACE('',#2178,0.999999999999996);
#55=CYLINDRICAL_SURFACE('',#2180,0.999999999999996);
#56=LINE('',#2767,#249);
#57=LINE('',#2773,#250);
#58=LINE('',#2774,#251);
#59=LINE('',#2777,#252);
#60=LINE('',#2782,#253);
#61=LINE('',#2784,#254);
#62=LINE('',#2786,#255);
#63=LINE('',#2787,#256);
#64=LINE('',#2790,#257);
#65=LINE('',#2792,#258);
#66=LINE('',#2793,#259);
#67=LINE('',#2796,#260);
#68=LINE('',#2797,#261);
#69=LINE('',#2798,#262);
#70=LINE('',#2801,#263);
#71=LINE('',#2802,#264);
#72=LINE('',#2811,#265);
#73=LINE('',#2817,#266);
#74=LINE('',#2819,#267);
#75=LINE('',#2821,#268);
#76=LINE('',#2823,#269);
#77=LINE('',#2825,#270);
#78=LINE('',#2827,#271);
#79=LINE('',#2829,#272);
#80=LINE('',#2831,#273);
#81=LINE('',#2833,#274);
#82=LINE('',#2835,#275);
#83=LINE('',#2837,#276);
#84=LINE('',#2838,#277);
#85=LINE('',#2841,#278);
#86=LINE('',#2845,#279);
#87=LINE('',#2849,#280);
#88=LINE('',#2853,#281);
#89=LINE('',#2857,#282);
#90=LINE('',#2861,#283);
#91=LINE('',#2865,#284);
#92=LINE('',#2869,#285);
#93=LINE('',#2873,#286);
#94=LINE('',#2877,#287);
#95=LINE('',#2881,#288);
#96=LINE('',#2885,#289);
#97=LINE('',#2889,#290);
#98=LINE('',#2893,#291);
#99=LINE('',#2897,#292);
#100=LINE('',#2901,#293);
#101=LINE('',#2905,#294);
#102=LINE('',#2909,#295);
#103=LINE('',#2913,#296);
#104=LINE('',#2917,#297);
#105=LINE('',#2921,#298);
#106=LINE('',#2925,#299);
#107=LINE('',#2929,#300);
#108=LINE('',#2933,#301);
#109=LINE('',#2942,#302);
#110=LINE('',#2947,#303);
#111=LINE('',#2949,#304);
#112=LINE('',#2950,#305);
#113=LINE('',#2951,#306);
#114=LINE('',#2954,#307);
#115=LINE('',#2956,#308);
#116=LINE('',#2957,#309);
#117=LINE('',#2960,#310);
#118=LINE('',#2962,#311);
#119=LINE('',#2963,#312);
#120=LINE('',#2969,#313);
#121=LINE('',#2971,#314);
#122=LINE('',#2972,#315);
#123=LINE('',#2975,#316);
#124=LINE('',#2977,#317);
#125=LINE('',#2988,#318);
#126=LINE('',#2990,#319);
#127=LINE('',#2992,#320);
#128=LINE('',#2996,#321);
#129=LINE('',#3001,#322);
#130=LINE('',#3002,#323);
#131=LINE('',#3003,#324);
#132=LINE('',#3006,#325);
#133=LINE('',#3007,#326);
#134=LINE('',#3010,#327);
#135=LINE('',#3011,#328);
#136=LINE('',#3014,#329);
#137=LINE('',#3015,#330);
#138=LINE('',#3026,#331);
#139=LINE('',#3028,#332);
#140=LINE('',#3029,#333);
#141=LINE('',#3032,#334);
#142=LINE('',#3037,#335);
#143=LINE('',#3039,#336);
#144=LINE('',#3040,#337);
#145=LINE('',#3041,#338);
#146=LINE('',#3044,#339);
#147=LINE('',#3045,#340);
#148=LINE('',#3048,#341);
#149=LINE('',#3049,#342);
#150=LINE('',#3052,#343);
#151=LINE('',#3053,#344);
#152=LINE('',#3056,#345);
#153=LINE('',#3058,#346);
#154=LINE('',#3059,#347);
#155=LINE('',#3062,#348);
#156=LINE('',#3064,#349);
#157=LINE('',#3065,#350);
#158=LINE('',#3071,#351);
#159=LINE('',#3080,#352);
#160=LINE('',#3085,#353);
#161=LINE('',#3088,#354);
#162=LINE('',#3091,#355);
#163=LINE('',#3094,#356);
#164=LINE('',#3098,#357);
#165=LINE('',#3102,#358);
#166=LINE('',#3105,#359);
#167=LINE('',#3110,#360);
#168=LINE('',#3114,#361);
#169=LINE('',#3118,#362);
#170=LINE('',#3122,#363);
#171=LINE('',#3126,#364);
#172=LINE('',#3130,#365);
#173=LINE('',#3134,#366);
#174=LINE('',#3138,#367);
#175=LINE('',#3142,#368);
#176=LINE('',#3146,#369);
#177=LINE('',#3150,#370);
#178=LINE('',#3154,#371);
#179=LINE('',#3158,#372);
#180=LINE('',#3162,#373);
#181=LINE('',#3166,#374);
#182=LINE('',#3170,#375);
#183=LINE('',#3174,#376);
#184=LINE('',#3178,#377);
#185=LINE('',#3182,#378);
#186=LINE('',#3186,#379);
#187=LINE('',#3190,#380);
#188=LINE('',#3194,#381);
#189=LINE('',#3198,#382);
#190=LINE('',#3202,#383);
#191=LINE('',#3211,#384);
#192=LINE('',#3213,#385);
#193=LINE('',#3215,#386);
#194=LINE('',#3216,#387);
#195=LINE('',#3218,#388);
#196=LINE('',#3220,#389);
#197=LINE('',#3223,#390);
#198=LINE('',#3225,#391);
#199=LINE('',#3227,#392);
#200=LINE('',#3229,#393);
#201=LINE('',#3232,#394);
#202=LINE('',#3233,#395);
#203=LINE('',#3235,#396);
#204=LINE('',#3237,#397);
#205=LINE('',#3239,#398);
#206=LINE('',#3241,#399);
#207=LINE('',#3243,#400);
#208=LINE('',#3245,#401);
#209=LINE('',#3248,#402);
#210=LINE('',#3249,#403);
#211=LINE('',#3251,#404);
#212=LINE('',#3253,#405);
#213=LINE('',#3255,#406);
#214=LINE('',#3257,#407);
#215=LINE('',#3259,#408);
#216=LINE('',#3261,#409);
#217=LINE('',#3264,#410);
#218=LINE('',#3265,#411);
#219=LINE('',#3267,#412);
#220=LINE('',#3269,#413);
#221=LINE('',#3271,#414);
#222=LINE('',#3273,#415);
#223=LINE('',#3275,#416);
#224=LINE('',#3277,#417);
#225=LINE('',#3280,#418);
#226=LINE('',#3281,#419);
#227=LINE('',#3283,#420);
#228=LINE('',#3285,#421);
#229=LINE('',#3287,#422);
#230=LINE('',#3289,#423);
#231=LINE('',#3291,#424);
#232=LINE('',#3293,#425);
#233=LINE('',#3296,#426);
#234=LINE('',#3297,#427);
#235=LINE('',#3299,#428);
#236=LINE('',#3301,#429);
#237=LINE('',#3303,#430);
#238=LINE('',#3305,#431);
#239=LINE('',#3307,#432);
#240=LINE('',#3309,#433);
#241=LINE('',#3312,#434);
#242=LINE('',#3313,#435);
#243=LINE('',#3315,#436);
#244=LINE('',#3317,#437);
#245=LINE('',#3319,#438);
#246=LINE('',#3321,#439);
#247=LINE('',#3323,#440);
#248=LINE('',#3325,#441);
#249=VECTOR('',#2191,10.);
#250=VECTOR('',#2196,10.);
#251=VECTOR('',#2197,10.);
#252=VECTOR('',#2200,2.5);
#253=VECTOR('',#2205,10.);
#254=VECTOR('',#2206,10.);
#255=VECTOR('',#2207,10.);
#256=VECTOR('',#2208,10.);
#257=VECTOR('',#2211,10.);
#258=VECTOR('',#2212,10.);
#259=VECTOR('',#2213,10.);
#260=VECTOR('',#2216,10.);
#261=VECTOR('',#2217,10.);
#262=VECTOR('',#2218,10.);
#263=VECTOR('',#2221,10.);
#264=VECTOR('',#2222,10.);
#265=VECTOR('',#2235,10.);
#266=VECTOR('',#2240,10.);
#267=VECTOR('',#2241,10.);
#268=VECTOR('',#2242,10.);
#269=VECTOR('',#2243,10.);
#270=VECTOR('',#2244,10.);
#271=VECTOR('',#2245,10.);
#272=VECTOR('',#2246,10.);
#273=VECTOR('',#2247,10.);
#274=VECTOR('',#2248,10.);
#275=VECTOR('',#2249,10.);
#276=VECTOR('',#2250,10.);
#277=VECTOR('',#2251,10.);
#278=VECTOR('',#2252,10.);
#279=VECTOR('',#2255,10.);
#280=VECTOR('',#2258,10.);
#281=VECTOR('',#2261,10.);
#282=VECTOR('',#2264,10.);
#283=VECTOR('',#2267,10.);
#284=VECTOR('',#2270,10.);
#285=VECTOR('',#2273,10.);
#286=VECTOR('',#2276,10.);
#287=VECTOR('',#2279,10.);
#288=VECTOR('',#2282,10.);
#289=VECTOR('',#2285,10.);
#290=VECTOR('',#2288,10.);
#291=VECTOR('',#2291,10.);
#292=VECTOR('',#2294,10.);
#293=VECTOR('',#2297,10.);
#294=VECTOR('',#2300,10.);
#295=VECTOR('',#2303,10.);
#296=VECTOR('',#2306,10.);
#297=VECTOR('',#2309,10.);
#298=VECTOR('',#2312,10.);
#299=VECTOR('',#2315,10.);
#300=VECTOR('',#2318,10.);
#301=VECTOR('',#2321,10.);
#302=VECTOR('',#2332,2.5);
#303=VECTOR('',#2337,10.);
#304=VECTOR('',#2338,10.);
#305=VECTOR('',#2339,10.);
#306=VECTOR('',#2340,10.);
#307=VECTOR('',#2343,10.);
#308=VECTOR('',#2344,10.);
#309=VECTOR('',#2345,10.);
#310=VECTOR('',#2348,10.);
#311=VECTOR('',#2349,10.);
#312=VECTOR('',#2350,10.);
#313=VECTOR('',#2357,10.);
#314=VECTOR('',#2360,10.);
#315=VECTOR('',#2361,10.);
#316=VECTOR('',#2364,10.);
#317=VECTOR('',#2365,10.);
#318=VECTOR('',#2380,10.);
#319=VECTOR('',#2381,10.);
#320=VECTOR('',#2382,10.);
#321=VECTOR('',#2387,2.5);
#322=VECTOR('',#2392,10.);
#323=VECTOR('',#2393,10.);
#324=VECTOR('',#2394,10.);
#325=VECTOR('',#2397,10.);
#326=VECTOR('',#2398,10.);
#327=VECTOR('',#2401,10.);
#328=VECTOR('',#2402,10.);
#329=VECTOR('',#2405,10.);
#330=VECTOR('',#2406,10.);
#331=VECTOR('',#2421,10.);
#332=VECTOR('',#2422,10.);
#333=VECTOR('',#2423,10.);
#334=VECTOR('',#2426,2.5);
#335=VECTOR('',#2431,10.);
#336=VECTOR('',#2432,10.);
#337=VECTOR('',#2433,10.);
#338=VECTOR('',#2434,10.);
#339=VECTOR('',#2437,10.);
#340=VECTOR('',#2438,10.);
#341=VECTOR('',#2441,10.);
#342=VECTOR('',#2442,10.);
#343=VECTOR('',#2445,10.);
#344=VECTOR('',#2446,10.);
#345=VECTOR('',#2449,10.);
#346=VECTOR('',#2450,10.);
#347=VECTOR('',#2451,10.);
#348=VECTOR('',#2454,10.);
#349=VECTOR('',#2455,10.);
#350=VECTOR('',#2456,10.);
#351=VECTOR('',#2463,10.);
#352=VECTOR('',#2476,10.);
#353=VECTOR('',#2483,10.);
#354=VECTOR('',#2486,10.);
#355=VECTOR('',#2489,10.);
#356=VECTOR('',#2492,10.);
#357=VECTOR('',#2495,10.);
#358=VECTOR('',#2498,10.);
#359=VECTOR('',#2501,10.);
#360=VECTOR('',#2504,10.);
#361=VECTOR('',#2507,10.);
#362=VECTOR('',#2510,10.);
#363=VECTOR('',#2513,10.);
#364=VECTOR('',#2516,10.);
#365=VECTOR('',#2519,10.);
#366=VECTOR('',#2522,10.);
#367=VECTOR('',#2525,10.);
#368=VECTOR('',#2528,10.);
#369=VECTOR('',#2531,10.);
#370=VECTOR('',#2534,10.);
#371=VECTOR('',#2537,10.);
#372=VECTOR('',#2540,10.);
#373=VECTOR('',#2543,10.);
#374=VECTOR('',#2546,10.);
#375=VECTOR('',#2549,10.);
#376=VECTOR('',#2552,10.);
#377=VECTOR('',#2555,10.);
#378=VECTOR('',#2558,10.);
#379=VECTOR('',#2561,10.);
#380=VECTOR('',#2564,10.);
#381=VECTOR('',#2567,10.);
#382=VECTOR('',#2570,10.);
#383=VECTOR('',#2573,10.);
#384=VECTOR('',#2584,10.);
#385=VECTOR('',#2587,10.);
#386=VECTOR('',#2590,10.);
#387=VECTOR('',#2591,10.);
#388=VECTOR('',#2594,10.);
#389=VECTOR('',#2597,10.);
#390=VECTOR('',#2602,2.5);
#391=VECTOR('',#2605,2.5);
#392=VECTOR('',#2608,3.);
#393=VECTOR('',#2611,2.5);
#394=VECTOR('',#2616,10.);
#395=VECTOR('',#2617,10.);
#396=VECTOR('',#2620,10.);
#397=VECTOR('',#2623,10.);
#398=VECTOR('',#2626,10.);
#399=VECTOR('',#2629,10.);
#400=VECTOR('',#2632,10.);
#401=VECTOR('',#2635,10.);
#402=VECTOR('',#2640,10.);
#403=VECTOR('',#2641,10.);
#404=VECTOR('',#2644,10.);
#405=VECTOR('',#2647,10.);
#406=VECTOR('',#2650,10.);
#407=VECTOR('',#2653,10.);
#408=VECTOR('',#2656,10.);
#409=VECTOR('',#2659,10.);
#410=VECTOR('',#2664,10.);
#411=VECTOR('',#2665,10.);
#412=VECTOR('',#2668,10.);
#413=VECTOR('',#2671,10.);
#414=VECTOR('',#2674,10.);
#415=VECTOR('',#2677,10.);
#416=VECTOR('',#2680,10.);
#417=VECTOR('',#2683,10.);
#418=VECTOR('',#2688,10.);
#419=VECTOR('',#2689,10.);
#420=VECTOR('',#2692,10.);
#421=VECTOR('',#2695,10.);
#422=VECTOR('',#2698,10.);
#423=VECTOR('',#2701,10.);
#424=VECTOR('',#2704,10.);
#425=VECTOR('',#2707,10.);
#426=VECTOR('',#2712,10.);
#427=VECTOR('',#2713,10.);
#428=VECTOR('',#2716,10.);
#429=VECTOR('',#2719,10.);
#430=VECTOR('',#2722,10.);
#431=VECTOR('',#2725,10.);
#432=VECTOR('',#2728,10.);
#433=VECTOR('',#2731,10.);
#434=VECTOR('',#2736,10.);
#435=VECTOR('',#2737,10.);
#436=VECTOR('',#2740,10.);
#437=VECTOR('',#2743,10.);
#438=VECTOR('',#2746,10.);
#439=VECTOR('',#2749,10.);
#440=VECTOR('',#2752,10.);
#441=VECTOR('',#2755,10.);
#442=FACE_BOUND('',#570,.T.);
#443=FACE_BOUND('',#579,.T.);
#444=FACE_BOUND('',#581,.T.);
#445=FACE_BOUND('',#582,.T.);
#446=FACE_BOUND('',#583,.T.);
#447=FACE_BOUND('',#584,.T.);
#448=FACE_BOUND('',#585,.T.);
#449=FACE_BOUND('',#586,.T.);
#450=FACE_BOUND('',#588,.T.);
#451=FACE_BOUND('',#597,.T.);
#452=FACE_BOUND('',#599,.T.);
#453=FACE_BOUND('',#608,.T.);
#454=FACE_BOUND('',#610,.T.);
#455=FACE_BOUND('',#623,.T.);
#456=FACE_BOUND('',#627,.T.);
#457=FACE_BOUND('',#628,.T.);
#458=FACE_BOUND('',#629,.T.);
#459=FACE_BOUND('',#630,.T.);
#460=FACE_BOUND('',#631,.T.);
#461=FACE_BOUND('',#632,.T.);
#462=FACE_BOUND('',#633,.T.);
#463=FACE_BOUND('',#634,.T.);
#464=FACE_BOUND('',#635,.T.);
#465=FACE_BOUND('',#636,.T.);
#466=FACE_OUTER_BOUND('',#569,.T.);
#467=FACE_OUTER_BOUND('',#571,.T.);
#468=FACE_OUTER_BOUND('',#572,.T.);
#469=FACE_OUTER_BOUND('',#573,.T.);
#470=FACE_OUTER_BOUND('',#574,.T.);
#471=FACE_OUTER_BOUND('',#575,.T.);
#472=FACE_OUTER_BOUND('',#576,.T.);
#473=FACE_OUTER_BOUND('',#577,.T.);
#474=FACE_OUTER_BOUND('',#578,.T.);
#475=FACE_OUTER_BOUND('',#580,.T.);
#476=FACE_OUTER_BOUND('',#587,.T.);
#477=FACE_OUTER_BOUND('',#589,.T.);
#478=FACE_OUTER_BOUND('',#590,.T.);
#479=FACE_OUTER_BOUND('',#591,.T.);
#480=FACE_OUTER_BOUND('',#592,.T.);
#481=FACE_OUTER_BOUND('',#593,.T.);
#482=FACE_OUTER_BOUND('',#594,.T.);
#483=FACE_OUTER_BOUND('',#595,.T.);
#484=FACE_OUTER_BOUND('',#596,.T.);
#485=FACE_OUTER_BOUND('',#598,.T.);
#486=FACE_OUTER_BOUND('',#600,.T.);
#487=FACE_OUTER_BOUND('',#601,.T.);
#488=FACE_OUTER_BOUND('',#602,.T.);
#489=FACE_OUTER_BOUND('',#603,.T.);
#490=FACE_OUTER_BOUND('',#604,.T.);
#491=FACE_OUTER_BOUND('',#605,.T.);
#492=FACE_OUTER_BOUND('',#606,.T.);
#493=FACE_OUTER_BOUND('',#607,.T.);
#494=FACE_OUTER_BOUND('',#609,.T.);
#495=FACE_OUTER_BOUND('',#611,.T.);
#496=FACE_OUTER_BOUND('',#612,.T.);
#497=FACE_OUTER_BOUND('',#613,.T.);
#498=FACE_OUTER_BOUND('',#614,.T.);
#499=FACE_OUTER_BOUND('',#615,.T.);
#500=FACE_OUTER_BOUND('',#616,.T.);
#501=FACE_OUTER_BOUND('',#617,.T.);
#502=FACE_OUTER_BOUND('',#618,.T.);
#503=FACE_OUTER_BOUND('',#619,.T.);
#504=FACE_OUTER_BOUND('',#620,.T.);
#505=FACE_OUTER_BOUND('',#621,.T.);
#506=FACE_OUTER_BOUND('',#622,.T.);
#507=FACE_OUTER_BOUND('',#624,.T.);
#508=FACE_OUTER_BOUND('',#625,.T.);
#509=FACE_OUTER_BOUND('',#626,.T.);
#510=FACE_OUTER_BOUND('',#637,.T.);
#511=FACE_OUTER_BOUND('',#638,.T.);
#512=FACE_OUTER_BOUND('',#639,.T.);
#513=FACE_OUTER_BOUND('',#640,.T.);
#514=FACE_OUTER_BOUND('',#641,.T.);
#515=FACE_OUTER_BOUND('',#642,.T.);
#516=FACE_OUTER_BOUND('',#643,.T.);
#517=FACE_OUTER_BOUND('',#644,.T.);
#518=FACE_OUTER_BOUND('',#645,.T.);
#519=FACE_OUTER_BOUND('',#646,.T.);
#520=FACE_OUTER_BOUND('',#647,.T.);
#521=FACE_OUTER_BOUND('',#648,.T.);
#522=FACE_OUTER_BOUND('',#649,.T.);
#523=FACE_OUTER_BOUND('',#650,.T.);
#524=FACE_OUTER_BOUND('',#651,.T.);
#525=FACE_OUTER_BOUND('',#652,.T.);
#526=FACE_OUTER_BOUND('',#653,.T.);
#527=FACE_OUTER_BOUND('',#654,.T.);
#528=FACE_OUTER_BOUND('',#655,.T.);
#529=FACE_OUTER_BOUND('',#656,.T.);
#530=FACE_OUTER_BOUND('',#657,.T.);
#531=FACE_OUTER_BOUND('',#658,.T.);
#532=FACE_OUTER_BOUND('',#659,.T.);
#533=FACE_OUTER_BOUND('',#660,.T.);
#534=FACE_OUTER_BOUND('',#661,.T.);
#535=FACE_OUTER_BOUND('',#662,.T.);
#536=FACE_OUTER_BOUND('',#663,.T.);
#537=FACE_OUTER_BOUND('',#664,.T.);
#538=FACE_OUTER_BOUND('',#665,.T.);
#539=FACE_OUTER_BOUND('',#666,.T.);
#540=FACE_OUTER_BOUND('',#667,.T.);
#541=FACE_OUTER_BOUND('',#668,.T.);
#542=FACE_OUTER_BOUND('',#669,.T.);
#543=FACE_OUTER_BOUND('',#670,.T.);
#544=FACE_OUTER_BOUND('',#671,.T.);
#545=FACE_OUTER_BOUND('',#672,.T.);
#546=FACE_OUTER_BOUND('',#673,.T.);
#547=FACE_OUTER_BOUND('',#674,.T.);
#548=FACE_OUTER_BOUND('',#675,.T.);
#549=FACE_OUTER_BOUND('',#676,.T.);
#550=FACE_OUTER_BOUND('',#677,.T.);
#551=FACE_OUTER_BOUND('',#678,.T.);
#552=FACE_OUTER_BOUND('',#679,.T.);
#553=FACE_OUTER_BOUND('',#680,.T.);
#554=FACE_OUTER_BOUND('',#681,.T.);
#555=FACE_OUTER_BOUND('',#682,.T.);
#556=FACE_OUTER_BOUND('',#683,.T.);
#557=FACE_OUTER_BOUND('',#684,.T.);
#558=FACE_OUTER_BOUND('',#685,.T.);
#559=FACE_OUTER_BOUND('',#686,.T.);
#560=FACE_OUTER_BOUND('',#687,.T.);
#561=FACE_OUTER_BOUND('',#688,.T.);
#562=FACE_OUTER_BOUND('',#689,.T.);
#563=FACE_OUTER_BOUND('',#690,.T.);
#564=FACE_OUTER_BOUND('',#691,.T.);
#565=FACE_OUTER_BOUND('',#692,.T.);
#566=FACE_OUTER_BOUND('',#693,.T.);
#567=FACE_OUTER_BOUND('',#694,.T.);
#568=FACE_OUTER_BOUND('',#695,.T.);
#569=EDGE_LOOP('',(#1249));
#570=EDGE_LOOP('',(#1250));
#571=EDGE_LOOP('',(#1251,#1252,#1253,#1254,#1255));
#572=EDGE_LOOP('',(#1256,#1257,#1258,#1259));
#573=EDGE_LOOP('',(#1260,#1261,#1262,#1263));
#574=EDGE_LOOP('',(#1264,#1265,#1266,#1267));
#575=EDGE_LOOP('',(#1268,#1269,#1270,#1271,#1272));
#576=EDGE_LOOP('',(#1273,#1274,#1275,#1276));
#577=EDGE_LOOP('',(#1277,#1278,#1279,#1280,#1281));
#578=EDGE_LOOP('',(#1282,#1283,#1284,#1285,#1286));
#579=EDGE_LOOP('',(#1287));
#580=EDGE_LOOP('',(#1288,#1289,#1290,#1291,#1292,#1293,#1294,#1295,#1296,
#1297,#1298,#1299,#1300,#1301,#1302,#1303,#1304,#1305,#1306,#1307));
#581=EDGE_LOOP('',(#1308,#1309,#1310,#1311,#1312,#1313,#1314,#1315));
#582=EDGE_LOOP('',(#1316,#1317,#1318,#1319,#1320,#1321,#1322,#1323));
#583=EDGE_LOOP('',(#1324,#1325,#1326,#1327,#1328,#1329,#1330,#1331));
#584=EDGE_LOOP('',(#1332,#1333,#1334,#1335,#1336,#1337,#1338,#1339));
#585=EDGE_LOOP('',(#1340,#1341,#1342,#1343,#1344,#1345,#1346,#1347));
#586=EDGE_LOOP('',(#1348,#1349,#1350,#1351,#1352,#1353,#1354,#1355));
#587=EDGE_LOOP('',(#1356));
#588=EDGE_LOOP('',(#1357));
#589=EDGE_LOOP('',(#1358,#1359,#1360,#1361));
#590=EDGE_LOOP('',(#1362,#1363,#1364,#1365,#1366));
#591=EDGE_LOOP('',(#1367,#1368,#1369,#1370,#1371));
#592=EDGE_LOOP('',(#1372,#1373,#1374,#1375));
#593=EDGE_LOOP('',(#1376,#1377,#1378,#1379));
#594=EDGE_LOOP('',(#1380,#1381,#1382,#1383));
#595=EDGE_LOOP('',(#1384,#1385,#1386,#1387,#1388,#1389,#1390,#1391));
#596=EDGE_LOOP('',(#1392,#1393,#1394,#1395,#1396));
#597=EDGE_LOOP('',(#1397));
#598=EDGE_LOOP('',(#1398));
#599=EDGE_LOOP('',(#1399));
#600=EDGE_LOOP('',(#1400,#1401,#1402,#1403,#1404));
#601=EDGE_LOOP('',(#1405,#1406,#1407,#1408));
#602=EDGE_LOOP('',(#1409,#1410,#1411,#1412));
#603=EDGE_LOOP('',(#1413,#1414,#1415,#1416,#1417));
#604=EDGE_LOOP('',(#1418,#1419,#1420,#1421));
#605=EDGE_LOOP('',(#1422,#1423,#1424,#1425));
#606=EDGE_LOOP('',(#1426,#1427,#1428,#1429,#1430));
#607=EDGE_LOOP('',(#1431,#1432,#1433,#1434,#1435));
#608=EDGE_LOOP('',(#1436));
#609=EDGE_LOOP('',(#1437));
#610=EDGE_LOOP('',(#1438));
#611=EDGE_LOOP('',(#1439,#1440,#1441));
#612=EDGE_LOOP('',(#1442,#1443,#1444,#1445));
#613=EDGE_LOOP('',(#1446,#1447,#1448,#1449,#1450));
#614=EDGE_LOOP('',(#1451,#1452,#1453,#1454,#1455));
#615=EDGE_LOOP('',(#1456,#1457,#1458,#1459));
#616=EDGE_LOOP('',(#1460,#1461,#1462,#1463));
#617=EDGE_LOOP('',(#1464,#1465,#1466,#1467,#1468));
#618=EDGE_LOOP('',(#1469,#1470,#1471,#1472));
#619=EDGE_LOOP('',(#1473,#1474,#1475,#1476));
#620=EDGE_LOOP('',(#1477,#1478,#1479,#1480,#1481));
#621=EDGE_LOOP('',(#1482,#1483,#1484,#1485,#1486,#1487));
#622=EDGE_LOOP('',(#1488,#1489,#1490,#1491,#1492,#1493,#1494,#1495));
#623=EDGE_LOOP('',(#1496));
#624=EDGE_LOOP('',(#1497,#1498,#1499,#1500));
#625=EDGE_LOOP('',(#1501,#1502,#1503,#1504));
#626=EDGE_LOOP('',(#1505,#1506,#1507,#1508,#1509,#1510,#1511,#1512));
#627=EDGE_LOOP('',(#1513));
#628=EDGE_LOOP('',(#1514,#1515,#1516,#1517,#1518,#1519,#1520,#1521));
#629=EDGE_LOOP('',(#1522,#1523,#1524,#1525,#1526,#1527,#1528,#1529));
#630=EDGE_LOOP('',(#1530,#1531,#1532,#1533,#1534,#1535,#1536,#1537));
#631=EDGE_LOOP('',(#1538,#1539,#1540,#1541,#1542,#1543,#1544,#1545));
#632=EDGE_LOOP('',(#1546,#1547,#1548,#1549,#1550,#1551,#1552,#1553));
#633=EDGE_LOOP('',(#1554,#1555,#1556,#1557,#1558,#1559,#1560,#1561));
#634=EDGE_LOOP('',(#1562));
#635=EDGE_LOOP('',(#1563));
#636=EDGE_LOOP('',(#1564));
#637=EDGE_LOOP('',(#1565,#1566,#1567,#1568,#1569,#1570,#1571));
#638=EDGE_LOOP('',(#1572,#1573,#1574,#1575,#1576));
#639=EDGE_LOOP('',(#1577,#1578,#1579,#1580,#1581));
#640=EDGE_LOOP('',(#1582,#1583,#1584,#1585));
#641=EDGE_LOOP('',(#1586,#1587,#1588,#1589,#1590));
#642=EDGE_LOOP('',(#1591,#1592,#1593,#1594,#1595,#1596));
#643=EDGE_LOOP('',(#1597,#1598,#1599,#1600));
#644=EDGE_LOOP('',(#1601,#1602,#1603,#1604));
#645=EDGE_LOOP('',(#1605,#1606,#1607,#1608));
#646=EDGE_LOOP('',(#1609,#1610,#1611,#1612));
#647=EDGE_LOOP('',(#1613,#1614,#1615,#1616,#1617,#1618));
#648=EDGE_LOOP('',(#1619,#1620,#1621,#1622));
#649=EDGE_LOOP('',(#1623,#1624,#1625,#1626));
#650=EDGE_LOOP('',(#1627,#1628,#1629,#1630));
#651=EDGE_LOOP('',(#1631,#1632,#1633,#1634));
#652=EDGE_LOOP('',(#1635,#1636,#1637,#1638));
#653=EDGE_LOOP('',(#1639,#1640,#1641,#1642));
#654=EDGE_LOOP('',(#1643,#1644,#1645,#1646));
#655=EDGE_LOOP('',(#1647,#1648,#1649,#1650));
#656=EDGE_LOOP('',(#1651,#1652,#1653,#1654));
#657=EDGE_LOOP('',(#1655,#1656,#1657,#1658));
#658=EDGE_LOOP('',(#1659,#1660,#1661,#1662));
#659=EDGE_LOOP('',(#1663,#1664,#1665,#1666));
#660=EDGE_LOOP('',(#1667,#1668,#1669,#1670));
#661=EDGE_LOOP('',(#1671,#1672,#1673,#1674));
#662=EDGE_LOOP('',(#1675,#1676,#1677,#1678));
#663=EDGE_LOOP('',(#1679,#1680,#1681,#1682));
#664=EDGE_LOOP('',(#1683,#1684,#1685,#1686));
#665=EDGE_LOOP('',(#1687,#1688,#1689,#1690));
#666=EDGE_LOOP('',(#1691,#1692,#1693,#1694));
#667=EDGE_LOOP('',(#1695,#1696,#1697,#1698));
#668=EDGE_LOOP('',(#1699,#1700,#1701,#1702));
#669=EDGE_LOOP('',(#1703,#1704,#1705,#1706));
#670=EDGE_LOOP('',(#1707,#1708,#1709,#1710));
#671=EDGE_LOOP('',(#1711,#1712,#1713,#1714));
#672=EDGE_LOOP('',(#1715,#1716,#1717,#1718));
#673=EDGE_LOOP('',(#1719,#1720,#1721,#1722));
#674=EDGE_LOOP('',(#1723,#1724,#1725,#1726));
#675=EDGE_LOOP('',(#1727,#1728,#1729,#1730));
#676=EDGE_LOOP('',(#1731,#1732,#1733,#1734));
#677=EDGE_LOOP('',(#1735,#1736,#1737,#1738));
#678=EDGE_LOOP('',(#1739,#1740,#1741,#1742));
#679=EDGE_LOOP('',(#1743,#1744,#1745,#1746));
#680=EDGE_LOOP('',(#1747,#1748,#1749,#1750));
#681=EDGE_LOOP('',(#1751,#1752,#1753,#1754));
#682=EDGE_LOOP('',(#1755,#1756,#1757,#1758));
#683=EDGE_LOOP('',(#1759,#1760,#1761,#1762));
#684=EDGE_LOOP('',(#1763,#1764,#1765,#1766));
#685=EDGE_LOOP('',(#1767,#1768,#1769,#1770));
#686=EDGE_LOOP('',(#1771,#1772,#1773,#1774));
#687=EDGE_LOOP('',(#1775,#1776,#1777,#1778));
#688=EDGE_LOOP('',(#1779,#1780,#1781,#1782));
#689=EDGE_LOOP('',(#1783,#1784,#1785,#1786));
#690=EDGE_LOOP('',(#1787,#1788,#1789,#1790));
#691=EDGE_LOOP('',(#1791,#1792,#1793,#1794));
#692=EDGE_LOOP('',(#1795,#1796,#1797,#1798));
#693=EDGE_LOOP('',(#1799,#1800,#1801,#1802));
#694=EDGE_LOOP('',(#1803,#1804,#1805,#1806));
#695=EDGE_LOOP('',(#1807,#1808,#1809,#1810));
#696=CIRCLE('',#1991,3.);
#697=CIRCLE('',#1992,1.5);
#698=CIRCLE('',#1994,5.);
#699=CIRCLE('',#1995,5.);
#700=CIRCLE('',#1997,1.5);
#701=CIRCLE('',#2003,5.);
#702=CIRCLE('',#2004,5.);
#703=CIRCLE('',#2007,5.);
#704=CIRCLE('',#2008,5.);
#705=CIRCLE('',#2009,5.00000000000001);
#706=CIRCLE('',#2010,0.999999999999992);
#707=CIRCLE('',#2011,0.999999999999996);
#708=CIRCLE('',#2012,0.999999999999996);
#709=CIRCLE('',#2013,0.999999999999996);
#710=CIRCLE('',#2014,0.999999999999992);
#711=CIRCLE('',#2015,0.999999999999996);
#712=CIRCLE('',#2016,0.999999999999996);
#713=CIRCLE('',#2017,0.999999999999996);
#714=CIRCLE('',#2018,0.999999999999992);
#715=CIRCLE('',#2019,0.999999999999996);
#716=CIRCLE('',#2020,0.999999999999996);
#717=CIRCLE('',#2021,0.999999999999996);
#718=CIRCLE('',#2022,0.999999999999992);
#719=CIRCLE('',#2023,0.999999999999996);
#720=CIRCLE('',#2024,0.999999999999996);
#721=CIRCLE('',#2025,0.999999999999996);
#722=CIRCLE('',#2026,0.999999999999992);
#723=CIRCLE('',#2027,0.999999999999996);
#724=CIRCLE('',#2028,0.999999999999996);
#725=CIRCLE('',#2029,0.999999999999996);
#726=CIRCLE('',#2030,0.999999999999992);
#727=CIRCLE('',#2031,0.999999999999996);
#728=CIRCLE('',#2032,0.999999999999996);
#729=CIRCLE('',#2033,0.999999999999996);
#730=CIRCLE('',#2035,3.);
#731=CIRCLE('',#2036,1.5);
#732=CIRCLE('',#2038,1.5);
#733=CIRCLE('',#2043,5.);
#734=CIRCLE('',#2044,5.);
#735=CIRCLE('',#2047,5.);
#736=CIRCLE('',#2050,3.);
#737=CIRCLE('',#2051,1.5);
#738=CIRCLE('',#2053,5.);
#739=CIRCLE('',#2054,5.00000000000001);
#740=CIRCLE('',#2056,1.5);
#741=CIRCLE('',#2062,5.00000000000001);
#742=CIRCLE('',#2065,3.);
#743=CIRCLE('',#2066,1.5);
#744=CIRCLE('',#2069,1.5);
#745=CIRCLE('',#2077,5.);
#746=CIRCLE('',#2078,5.);
#747=CIRCLE('',#2080,5.);
#748=CIRCLE('',#2081,5.);
#749=CIRCLE('',#2082,5.);
#750=CIRCLE('',#2084,5.);
#751=CIRCLE('',#2087,5.);
#752=CIRCLE('',#2089,5.);
#753=CIRCLE('',#2091,5.);
#754=CIRCLE('',#2092,5.);
#755=CIRCLE('',#2093,5.);
#756=CIRCLE('',#2094,3.);
#757=CIRCLE('',#2095,0.999999999999996);
#758=CIRCLE('',#2096,0.999999999999996);
#759=CIRCLE('',#2097,0.999999999999996);
#760=CIRCLE('',#2098,0.999999999999992);
#761=CIRCLE('',#2099,0.999999999999996);
#762=CIRCLE('',#2100,0.999999999999996);
#763=CIRCLE('',#2101,0.999999999999996);
#764=CIRCLE('',#2102,0.999999999999992);
#765=CIRCLE('',#2103,0.999999999999996);
#766=CIRCLE('',#2104,0.999999999999996);
#767=CIRCLE('',#2105,0.999999999999996);
#768=CIRCLE('',#2106,0.999999999999992);
#769=CIRCLE('',#2107,0.999999999999996);
#770=CIRCLE('',#2108,0.999999999999996);
#771=CIRCLE('',#2109,0.999999999999996);
#772=CIRCLE('',#2110,0.999999999999992);
#773=CIRCLE('',#2111,0.999999999999996);
#774=CIRCLE('',#2112,0.999999999999996);
#775=CIRCLE('',#2113,0.999999999999996);
#776=CIRCLE('',#2114,0.999999999999992);
#777=CIRCLE('',#2115,0.999999999999996);
#778=CIRCLE('',#2116,0.999999999999996);
#779=CIRCLE('',#2117,0.999999999999996);
#780=CIRCLE('',#2118,0.999999999999992);
#781=CIRCLE('',#2119,3.);
#782=CIRCLE('',#2120,3.);
#783=CIRCLE('',#2121,3.);
#784=VERTEX_POINT('',#2760);
#785=VERTEX_POINT('',#2762);
#786=VERTEX_POINT('',#2765);
#787=VERTEX_POINT('',#2766);
#788=VERTEX_POINT('',#2768);
#789=VERTEX_POINT('',#2770);
#790=VERTEX_POINT('',#2772);
#791=VERTEX_POINT('',#2776);
#792=VERTEX_POINT('',#2780);
#793=VERTEX_POINT('',#2781);
#794=VERTEX_POINT('',#2783);
#795=VERTEX_POINT('',#2785);
#796=VERTEX_POINT('',#2789);
#797=VERTEX_POINT('',#2791);
#798=VERTEX_POINT('',#2795);
#799=VERTEX_POINT('',#2800);
#800=VERTEX_POINT('',#2808);
#801=VERTEX_POINT('',#2810);
#802=VERTEX_POINT('',#2812);
#803=VERTEX_POINT('',#2814);
#804=VERTEX_POINT('',#2816);
#805=VERTEX_POINT('',#2818);
#806=VERTEX_POINT('',#2820);
#807=VERTEX_POINT('',#2822);
#808=VERTEX_POINT('',#2824);
#809=VERTEX_POINT('',#2826);
#810=VERTEX_POINT('',#2828);
#811=VERTEX_POINT('',#2830);
#812=VERTEX_POINT('',#2832);
#813=VERTEX_POINT('',#2834);
#814=VERTEX_POINT('',#2836);
#815=VERTEX_POINT('',#2839);
#816=VERTEX_POINT('',#2840);
#817=VERTEX_POINT('',#2842);
#818=VERTEX_POINT('',#2844);
#819=VERTEX_POINT('',#2846);
#820=VERTEX_POINT('',#2848);
#821=VERTEX_POINT('',#2850);
#822=VERTEX_POINT('',#2852);
#823=VERTEX_POINT('',#2855);
#824=VERTEX_POINT('',#2856);
#825=VERTEX_POINT('',#2858);
#826=VERTEX_POINT('',#2860);
#827=VERTEX_POINT('',#2862);
#828=VERTEX_POINT('',#2864);
#829=VERTEX_POINT('',#2866);
#830=VERTEX_POINT('',#2868);
#831=VERTEX_POINT('',#2871);
#832=VERTEX_POINT('',#2872);
#833=VERTEX_POINT('',#2874);
#834=VERTEX_POINT('',#2876);
#835=VERTEX_POINT('',#2878);
#836=VERTEX_POINT('',#2880);
#837=VERTEX_POINT('',#2882);
#838=VERTEX_POINT('',#2884);
#839=VERTEX_POINT('',#2887);
#840=VERTEX_POINT('',#2888);
#841=VERTEX_POINT('',#2890);
#842=VERTEX_POINT('',#2892);
#843=VERTEX_POINT('',#2894);
#844=VERTEX_POINT('',#2896);
#845=VERTEX_POINT('',#2898);
#846=VERTEX_POINT('',#2900);
#847=VERTEX_POINT('',#2903);
#848=VERTEX_POINT('',#2904);
#849=VERTEX_POINT('',#2906);
#850=VERTEX_POINT('',#2908);
#851=VERTEX_POINT('',#2910);
#852=VERTEX_POINT('',#2912);
#853=VERTEX_POINT('',#2914);
#854=VERTEX_POINT('',#2916);
#855=VERTEX_POINT('',#2919);
#856=VERTEX_POINT('',#2920);
#857=VERTEX_POINT('',#2922);
#858=VERTEX_POINT('',#2924);
#859=VERTEX_POINT('',#2926);
#860=VERTEX_POINT('',#2928);
#861=VERTEX_POINT('',#2930);
#862=VERTEX_POINT('',#2932);
#863=VERTEX_POINT('',#2936);
#864=VERTEX_POINT('',#2938);
#865=VERTEX_POINT('',#2941);
#866=VERTEX_POINT('',#2945);
#867=VERTEX_POINT('',#2946);
#868=VERTEX_POINT('',#2948);
#869=VERTEX_POINT('',#2953);
#870=VERTEX_POINT('',#2955);
#871=VERTEX_POINT('',#2959);
#872=VERTEX_POINT('',#2961);
#873=VERTEX_POINT('',#2965);
#874=VERTEX_POINT('',#2967);
#875=VERTEX_POINT('',#2974);
#876=VERTEX_POINT('',#2976);
#877=VERTEX_POINT('',#2981);
#878=VERTEX_POINT('',#2983);
#879=VERTEX_POINT('',#2986);
#880=VERTEX_POINT('',#2989);
#881=VERTEX_POINT('',#2991);
#882=VERTEX_POINT('',#2995);
#883=VERTEX_POINT('',#2999);
#884=VERTEX_POINT('',#3000);
#885=VERTEX_POINT('',#3005);
#886=VERTEX_POINT('',#3009);
#887=VERTEX_POINT('',#3013);
#888=VERTEX_POINT('',#3020);
#889=VERTEX_POINT('',#3022);
#890=VERTEX_POINT('',#3025);
#891=VERTEX_POINT('',#3027);
#892=VERTEX_POINT('',#3031);
#893=VERTEX_POINT('',#3035);
#894=VERTEX_POINT('',#3036);
#895=VERTEX_POINT('',#3038);
#896=VERTEX_POINT('',#3043);
#897=VERTEX_POINT('',#3047);
#898=VERTEX_POINT('',#3051);
#899=VERTEX_POINT('',#3055);
#900=VERTEX_POINT('',#3057);
#901=VERTEX_POINT('',#3061);
#902=VERTEX_POINT('',#3063);
#903=VERTEX_POINT('',#3067);
#904=VERTEX_POINT('',#3069);
#905=VERTEX_POINT('',#3074);
#906=VERTEX_POINT('',#3078);
#907=VERTEX_POINT('',#3083);
#908=VERTEX_POINT('',#3087);
#909=VERTEX_POINT('',#3089);
#910=VERTEX_POINT('',#3093);
#911=VERTEX_POINT('',#3095);
#912=VERTEX_POINT('',#3097);
#913=VERTEX_POINT('',#3099);
#914=VERTEX_POINT('',#3101);
#915=VERTEX_POINT('',#3103);
#916=VERTEX_POINT('',#3106);
#917=VERTEX_POINT('',#3108);
#918=VERTEX_POINT('',#3109);
#919=VERTEX_POINT('',#3111);
#920=VERTEX_POINT('',#3113);
#921=VERTEX_POINT('',#3115);
#922=VERTEX_POINT('',#3117);
#923=VERTEX_POINT('',#3119);
#924=VERTEX_POINT('',#3121);
#925=VERTEX_POINT('',#3124);
#926=VERTEX_POINT('',#3125);
#927=VERTEX_POINT('',#3127);
#928=VERTEX_POINT('',#3129);
#929=VERTEX_POINT('',#3131);
#930=VERTEX_POINT('',#3133);
#931=VERTEX_POINT('',#3135);
#932=VERTEX_POINT('',#3137);
#933=VERTEX_POINT('',#3140);
#934=VERTEX_POINT('',#3141);
#935=VERTEX_POINT('',#3143);
#936=VERTEX_POINT('',#3145);
#937=VERTEX_POINT('',#3147);
#938=VERTEX_POINT('',#3149);
#939=VERTEX_POINT('',#3151);
#940=VERTEX_POINT('',#3153);
#941=VERTEX_POINT('',#3156);
#942=VERTEX_POINT('',#3157);
#943=VERTEX_POINT('',#3159);
#944=VERTEX_POINT('',#3161);
#945=VERTEX_POINT('',#3163);
#946=VERTEX_POINT('',#3165);
#947=VERTEX_POINT('',#3167);
#948=VERTEX_POINT('',#3169);
#949=VERTEX_POINT('',#3172);
#950=VERTEX_POINT('',#3173);
#951=VERTEX_POINT('',#3175);
#952=VERTEX_POINT('',#3177);
#953=VERTEX_POINT('',#3179);
#954=VERTEX_POINT('',#3181);
#955=VERTEX_POINT('',#3183);
#956=VERTEX_POINT('',#3185);
#957=VERTEX_POINT('',#3188);
#958=VERTEX_POINT('',#3189);
#959=VERTEX_POINT('',#3191);
#960=VERTEX_POINT('',#3193);
#961=VERTEX_POINT('',#3195);
#962=VERTEX_POINT('',#3197);
#963=VERTEX_POINT('',#3199);
#964=VERTEX_POINT('',#3201);
#965=VERTEX_POINT('',#3204);
#966=VERTEX_POINT('',#3206);
#967=VERTEX_POINT('',#3208);
#968=EDGE_CURVE('',#784,#784,#696,.T.);
#969=EDGE_CURVE('',#785,#785,#697,.F.);
#970=EDGE_CURVE('',#786,#787,#56,.T.);
#971=EDGE_CURVE('',#788,#787,#698,.T.);
#972=EDGE_CURVE('',#788,#789,#699,.T.);
#973=EDGE_CURVE('',#789,#790,#57,.T.);
#974=EDGE_CURVE('',#790,#786,#58,.T.);
#975=EDGE_CURVE('',#785,#791,#59,.T.);
#976=EDGE_CURVE('',#791,#791,#700,.F.);
#977=EDGE_CURVE('',#792,#793,#60,.T.);
#978=EDGE_CURVE('',#793,#794,#61,.T.);
#979=EDGE_CURVE('',#795,#794,#62,.T.);
#980=EDGE_CURVE('',#792,#795,#63,.T.);
#981=EDGE_CURVE('',#796,#792,#64,.T.);
#982=EDGE_CURVE('',#797,#795,#65,.T.);
#983=EDGE_CURVE('',#796,#797,#66,.T.);
#984=EDGE_CURVE('',#798,#796,#67,.T.);
#985=EDGE_CURVE('',#786,#797,#68,.T.);
#986=EDGE_CURVE('',#798,#790,#69,.T.);
#987=EDGE_CURVE('',#799,#798,#70,.T.);
#988=EDGE_CURVE('',#799,#789,#71,.T.);
#989=EDGE_CURVE('',#793,#799,#701,.T.);
#990=EDGE_CURVE('',#794,#788,#702,.T.);
#991=EDGE_CURVE('',#800,#788,#703,.T.);
#992=EDGE_CURVE('',#801,#800,#72,.T.);
#993=EDGE_CURVE('',#802,#801,#704,.T.);
#994=EDGE_CURVE('',#802,#803,#705,.T.);
#995=EDGE_CURVE('',#803,#804,#73,.T.);
#996=EDGE_CURVE('',#804,#805,#74,.T.);
#997=EDGE_CURVE('',#805,#806,#75,.T.);
#998=EDGE_CURVE('',#806,#807,#76,.T.);
#999=EDGE_CURVE('',#807,#808,#77,.T.);
#1000=EDGE_CURVE('',#808,#809,#78,.T.);
#1001=EDGE_CURVE('',#809,#810,#79,.T.);
#1002=EDGE_CURVE('',#810,#811,#80,.T.);
#1003=EDGE_CURVE('',#811,#812,#81,.T.);
#1004=EDGE_CURVE('',#812,#813,#82,.T.);
#1005=EDGE_CURVE('',#813,#814,#83,.T.);
#1006=EDGE_CURVE('',#814,#786,#84,.T.);
#1007=EDGE_CURVE('',#815,#816,#85,.T.);
#1008=EDGE_CURVE('',#816,#817,#706,.T.);
#1009=EDGE_CURVE('',#817,#818,#86,.T.);
#1010=EDGE_CURVE('',#818,#819,#707,.T.);
#1011=EDGE_CURVE('',#819,#820,#87,.T.);
#1012=EDGE_CURVE('',#820,#821,#708,.T.);
#1013=EDGE_CURVE('',#821,#822,#88,.T.);
#1014=EDGE_CURVE('',#822,#815,#709,.T.);
#1015=EDGE_CURVE('',#823,#824,#89,.T.);
#1016=EDGE_CURVE('',#824,#825,#710,.T.);
#1017=EDGE_CURVE('',#825,#826,#90,.T.);
#1018=EDGE_CURVE('',#826,#827,#711,.T.);
#1019=EDGE_CURVE('',#827,#828,#91,.T.);
#1020=EDGE_CURVE('',#828,#829,#712,.T.);
#1021=EDGE_CURVE('',#829,#830,#92,.T.);
#1022=EDGE_CURVE('',#830,#823,#713,.T.);
#1023=EDGE_CURVE('',#831,#832,#93,.T.);
#1024=EDGE_CURVE('',#832,#833,#714,.T.);
#1025=EDGE_CURVE('',#833,#834,#94,.T.);
#1026=EDGE_CURVE('',#834,#835,#715,.T.);
#1027=EDGE_CURVE('',#835,#836,#95,.T.);
#1028=EDGE_CURVE('',#836,#837,#716,.T.);
#1029=EDGE_CURVE('',#837,#838,#96,.T.);
#1030=EDGE_CURVE('',#838,#831,#717,.T.);
#1031=EDGE_CURVE('',#839,#840,#97,.T.);
#1032=EDGE_CURVE('',#840,#841,#718,.T.);
#1033=EDGE_CURVE('',#841,#842,#98,.T.);
#1034=EDGE_CURVE('',#842,#843,#719,.T.);
#1035=EDGE_CURVE('',#843,#844,#99,.T.);
#1036=EDGE_CURVE('',#844,#845,#720,.T.);
#1037=EDGE_CURVE('',#845,#846,#100,.T.);
#1038=EDGE_CURVE('',#846,#839,#721,.T.);
#1039=EDGE_CURVE('',#847,#848,#101,.T.);
#1040=EDGE_CURVE('',#848,#849,#722,.T.);
#1041=EDGE_CURVE('',#849,#850,#102,.T.);
#1042=EDGE_CURVE('',#850,#851,#723,.T.);
#1043=EDGE_CURVE('',#851,#852,#103,.T.);
#1044=EDGE_CURVE('',#852,#853,#724,.T.);
#1045=EDGE_CURVE('',#853,#854,#104,.T.);
#1046=EDGE_CURVE('',#854,#847,#725,.T.);
#1047=EDGE_CURVE('',#855,#856,#105,.T.);
#1048=EDGE_CURVE('',#856,#857,#726,.T.);
#1049=EDGE_CURVE('',#857,#858,#106,.T.);
#1050=EDGE_CURVE('',#858,#859,#727,.T.);
#1051=EDGE_CURVE('',#859,#860,#107,.T.);
#1052=EDGE_CURVE('',#860,#861,#728,.T.);
#1053=EDGE_CURVE('',#861,#862,#108,.T.);
#1054=EDGE_CURVE('',#862,#855,#729,.T.);
#1055=EDGE_CURVE('',#863,#863,#730,.T.);
#1056=EDGE_CURVE('',#864,#864,#731,.F.);
#1057=EDGE_CURVE('',#864,#865,#109,.T.);
#1058=EDGE_CURVE('',#865,#865,#732,.F.);
#1059=EDGE_CURVE('',#866,#867,#110,.T.);
#1060=EDGE_CURVE('',#866,#868,#111,.T.);
#1061=EDGE_CURVE('',#814,#868,#112,.T.);
#1062=EDGE_CURVE('',#867,#813,#113,.T.);
#1063=EDGE_CURVE('',#867,#869,#114,.T.);
#1064=EDGE_CURVE('',#870,#812,#115,.T.);
#1065=EDGE_CURVE('',#869,#870,#116,.T.);
#1066=EDGE_CURVE('',#869,#871,#117,.T.);
#1067=EDGE_CURVE('',#872,#870,#118,.T.);
#1068=EDGE_CURVE('',#871,#872,#119,.T.);
#1069=EDGE_CURVE('',#873,#871,#733,.T.);
#1070=EDGE_CURVE('',#874,#872,#734,.T.);
#1071=EDGE_CURVE('',#873,#874,#120,.T.);
#1072=EDGE_CURVE('',#873,#866,#121,.T.);
#1073=EDGE_CURVE('',#868,#874,#122,.T.);
#1074=EDGE_CURVE('',#875,#814,#123,.T.);
#1075=EDGE_CURVE('',#812,#876,#124,.T.);
#1076=EDGE_CURVE('',#875,#876,#735,.T.);
#1077=EDGE_CURVE('',#877,#877,#736,.T.);
#1078=EDGE_CURVE('',#878,#878,#737,.F.);
#1079=EDGE_CURVE('',#879,#802,#738,.T.);
#1080=EDGE_CURVE('',#879,#806,#125,.T.);
#1081=EDGE_CURVE('',#806,#880,#126,.T.);
#1082=EDGE_CURVE('',#880,#881,#127,.T.);
#1083=EDGE_CURVE('',#881,#802,#739,.T.);
#1084=EDGE_CURVE('',#878,#882,#128,.T.);
#1085=EDGE_CURVE('',#882,#882,#740,.F.);
#1086=EDGE_CURVE('',#883,#884,#129,.T.);
#1087=EDGE_CURVE('',#884,#881,#130,.T.);
#1088=EDGE_CURVE('',#883,#880,#131,.T.);
#1089=EDGE_CURVE('',#885,#883,#132,.T.);
#1090=EDGE_CURVE('',#885,#805,#133,.T.);
#1091=EDGE_CURVE('',#886,#885,#134,.T.);
#1092=EDGE_CURVE('',#886,#804,#135,.T.);
#1093=EDGE_CURVE('',#887,#886,#136,.T.);
#1094=EDGE_CURVE('',#887,#803,#137,.T.);
#1095=EDGE_CURVE('',#884,#887,#741,.T.);
#1096=EDGE_CURVE('',#888,#888,#742,.T.);
#1097=EDGE_CURVE('',#889,#889,#743,.F.);
#1098=EDGE_CURVE('',#890,#811,#138,.T.);
#1099=EDGE_CURVE('',#811,#891,#139,.T.);
#1100=EDGE_CURVE('',#891,#890,#140,.T.);
#1101=EDGE_CURVE('',#889,#892,#141,.T.);
#1102=EDGE_CURVE('',#892,#892,#744,.F.);
#1103=EDGE_CURVE('',#893,#894,#142,.T.);
#1104=EDGE_CURVE('',#894,#895,#143,.T.);
#1105=EDGE_CURVE('',#890,#895,#144,.T.);
#1106=EDGE_CURVE('',#893,#891,#145,.T.);
#1107=EDGE_CURVE('',#896,#893,#146,.T.);
#1108=EDGE_CURVE('',#896,#810,#147,.T.);
#1109=EDGE_CURVE('',#897,#896,#148,.T.);
#1110=EDGE_CURVE('',#897,#809,#149,.T.);
#1111=EDGE_CURVE('',#898,#897,#150,.T.);
#1112=EDGE_CURVE('',#898,#808,#151,.T.);
#1113=EDGE_CURVE('',#899,#898,#152,.T.);
#1114=EDGE_CURVE('',#900,#807,#153,.T.);
#1115=EDGE_CURVE('',#899,#900,#154,.T.);
#1116=EDGE_CURVE('',#901,#899,#155,.T.);
#1117=EDGE_CURVE('',#902,#900,#156,.T.);
#1118=EDGE_CURVE('',#901,#902,#157,.T.);
#1119=EDGE_CURVE('',#903,#901,#745,.T.);
#1120=EDGE_CURVE('',#904,#902,#746,.T.);
#1121=EDGE_CURVE('',#903,#904,#158,.T.);
#1122=EDGE_CURVE('',#894,#903,#747,.T.);
#1123=EDGE_CURVE('',#905,#904,#748,.T.);
#1124=EDGE_CURVE('',#895,#905,#749,.T.);
#1125=EDGE_CURVE('',#905,#906,#750,.T.);
#1126=EDGE_CURVE('',#807,#906,#159,.T.);
#1127=EDGE_CURVE('',#907,#905,#751,.T.);
#1128=EDGE_CURVE('',#907,#890,#160,.T.);
#1129=EDGE_CURVE('',#876,#908,#161,.T.);
#1130=EDGE_CURVE('',#908,#909,#752,.T.);
#1131=EDGE_CURVE('',#909,#875,#162,.T.);
#1132=EDGE_CURVE('',#910,#908,#163,.T.);
#1133=EDGE_CURVE('',#911,#910,#753,.T.);
#1134=EDGE_CURVE('',#912,#911,#164,.T.);
#1135=EDGE_CURVE('',#913,#912,#754,.T.);
#1136=EDGE_CURVE('',#914,#913,#165,.T.);
#1137=EDGE_CURVE('',#915,#914,#755,.T.);
#1138=EDGE_CURVE('',#909,#915,#166,.T.);
#1139=EDGE_CURVE('',#916,#916,#756,.T.);
#1140=EDGE_CURVE('',#917,#918,#167,.T.);
#1141=EDGE_CURVE('',#918,#919,#757,.T.);
#1142=EDGE_CURVE('',#919,#920,#168,.T.);
#1143=EDGE_CURVE('',#920,#921,#758,.T.);
#1144=EDGE_CURVE('',#921,#922,#169,.T.);
#1145=EDGE_CURVE('',#922,#923,#759,.T.);
#1146=EDGE_CURVE('',#923,#924,#170,.T.);
#1147=EDGE_CURVE('',#924,#917,#760,.T.);
#1148=EDGE_CURVE('',#925,#926,#171,.T.);
#1149=EDGE_CURVE('',#926,#927,#761,.T.);
#1150=EDGE_CURVE('',#927,#928,#172,.T.);
#1151=EDGE_CURVE('',#928,#929,#762,.T.);
#1152=EDGE_CURVE('',#929,#930,#173,.T.);
#1153=EDGE_CURVE('',#930,#931,#763,.T.);
#1154=EDGE_CURVE('',#931,#932,#174,.T.);
#1155=EDGE_CURVE('',#932,#925,#764,.T.);
#1156=EDGE_CURVE('',#933,#934,#175,.T.);
#1157=EDGE_CURVE('',#934,#935,#765,.T.);
#1158=EDGE_CURVE('',#935,#936,#176,.T.);
#1159=EDGE_CURVE('',#936,#937,#766,.T.);
#1160=EDGE_CURVE('',#937,#938,#177,.T.);
#1161=EDGE_CURVE('',#938,#939,#767,.T.);
#1162=EDGE_CURVE('',#939,#940,#178,.T.);
#1163=EDGE_CURVE('',#940,#933,#768,.T.);
#1164=EDGE_CURVE('',#941,#942,#179,.T.);
#1165=EDGE_CURVE('',#942,#943,#769,.T.);
#1166=EDGE_CURVE('',#943,#944,#180,.T.);
#1167=EDGE_CURVE('',#944,#945,#770,.T.);
#1168=EDGE_CURVE('',#945,#946,#181,.T.);
#1169=EDGE_CURVE('',#946,#947,#771,.T.);
#1170=EDGE_CURVE('',#947,#948,#182,.T.);
#1171=EDGE_CURVE('',#948,#941,#772,.T.);
#1172=EDGE_CURVE('',#949,#950,#183,.T.);
#1173=EDGE_CURVE('',#950,#951,#773,.T.);
#1174=EDGE_CURVE('',#951,#952,#184,.T.);
#1175=EDGE_CURVE('',#952,#953,#774,.T.);
#1176=EDGE_CURVE('',#953,#954,#185,.T.);
#1177=EDGE_CURVE('',#954,#955,#775,.T.);
#1178=EDGE_CURVE('',#955,#956,#186,.T.);
#1179=EDGE_CURVE('',#956,#949,#776,.T.);
#1180=EDGE_CURVE('',#957,#958,#187,.T.);
#1181=EDGE_CURVE('',#958,#959,#777,.T.);
#1182=EDGE_CURVE('',#959,#960,#188,.T.);
#1183=EDGE_CURVE('',#960,#961,#778,.T.);
#1184=EDGE_CURVE('',#961,#962,#189,.T.);
#1185=EDGE_CURVE('',#962,#963,#779,.T.);
#1186=EDGE_CURVE('',#963,#964,#190,.T.);
#1187=EDGE_CURVE('',#964,#957,#780,.T.);
#1188=EDGE_CURVE('',#965,#965,#781,.T.);
#1189=EDGE_CURVE('',#966,#966,#782,.T.);
#1190=EDGE_CURVE('',#967,#967,#783,.T.);
#1191=EDGE_CURVE('',#910,#907,#191,.T.);
#1192=EDGE_CURVE('',#906,#911,#192,.T.);
#1193=EDGE_CURVE('',#801,#913,#193,.T.);
#1194=EDGE_CURVE('',#912,#879,#194,.T.);
#1195=EDGE_CURVE('',#914,#800,#195,.T.);
#1196=EDGE_CURVE('',#787,#915,#196,.T.);
#1197=EDGE_CURVE('',#784,#967,#197,.T.);
#1198=EDGE_CURVE('',#877,#916,#198,.T.);
#1199=EDGE_CURVE('',#888,#966,#199,.T.);
#1200=EDGE_CURVE('',#863,#965,#200,.T.);
#1201=EDGE_CURVE('',#860,#961,#201,.T.);
#1202=EDGE_CURVE('',#859,#962,#202,.T.);
#1203=EDGE_CURVE('',#858,#963,#203,.T.);
#1204=EDGE_CURVE('',#857,#964,#204,.T.);
#1205=EDGE_CURVE('',#856,#957,#205,.T.);
#1206=EDGE_CURVE('',#855,#958,#206,.T.);
#1207=EDGE_CURVE('',#862,#959,#207,.T.);
#1208=EDGE_CURVE('',#861,#960,#208,.T.);
#1209=EDGE_CURVE('',#852,#953,#209,.T.);
#1210=EDGE_CURVE('',#851,#954,#210,.T.);
#1211=EDGE_CURVE('',#850,#955,#211,.T.);
#1212=EDGE_CURVE('',#849,#956,#212,.T.);
#1213=EDGE_CURVE('',#848,#949,#213,.T.);
#1214=EDGE_CURVE('',#847,#950,#214,.T.);
#1215=EDGE_CURVE('',#854,#951,#215,.T.);
#1216=EDGE_CURVE('',#853,#952,#216,.T.);
#1217=EDGE_CURVE('',#844,#945,#217,.T.);
#1218=EDGE_CURVE('',#843,#946,#218,.T.);
#1219=EDGE_CURVE('',#842,#947,#219,.T.);
#1220=EDGE_CURVE('',#841,#948,#220,.T.);
#1221=EDGE_CURVE('',#840,#941,#221,.T.);
#1222=EDGE_CURVE('',#839,#942,#222,.T.);
#1223=EDGE_CURVE('',#846,#943,#223,.T.);
#1224=EDGE_CURVE('',#845,#944,#224,.T.);
#1225=EDGE_CURVE('',#836,#937,#225,.T.);
#1226=EDGE_CURVE('',#835,#938,#226,.T.);
#1227=EDGE_CURVE('',#834,#939,#227,.T.);
#1228=EDGE_CURVE('',#833,#940,#228,.T.);
#1229=EDGE_CURVE('',#832,#933,#229,.T.);
#1230=EDGE_CURVE('',#831,#934,#230,.T.);
#1231=EDGE_CURVE('',#838,#935,#231,.T.);
#1232=EDGE_CURVE('',#837,#936,#232,.T.);
#1233=EDGE_CURVE('',#828,#929,#233,.T.);
#1234=EDGE_CURVE('',#827,#930,#234,.T.);
#1235=EDGE_CURVE('',#826,#931,#235,.T.);
#1236=EDGE_CURVE('',#825,#932,#236,.T.);
#1237=EDGE_CURVE('',#824,#925,#237,.T.);
#1238=EDGE_CURVE('',#823,#926,#238,.T.);
#1239=EDGE_CURVE('',#830,#927,#239,.T.);
#1240=EDGE_CURVE('',#829,#928,#240,.T.);
#1241=EDGE_CURVE('',#820,#921,#241,.T.);
#1242=EDGE_CURVE('',#819,#922,#242,.T.);
#1243=EDGE_CURVE('',#818,#923,#243,.T.);
#1244=EDGE_CURVE('',#817,#924,#244,.T.);
#1245=EDGE_CURVE('',#816,#917,#245,.T.);
#1246=EDGE_CURVE('',#815,#918,#246,.T.);
#1247=EDGE_CURVE('',#822,#919,#247,.T.);
#1248=EDGE_CURVE('',#821,#920,#248,.T.);
#1249=ORIENTED_EDGE('',*,*,#968,.T.);
#1250=ORIENTED_EDGE('',*,*,#969,.T.);
#1251=ORIENTED_EDGE('',*,*,#970,.T.);
#1252=ORIENTED_EDGE('',*,*,#971,.F.);
#1253=ORIENTED_EDGE('',*,*,#972,.T.);
#1254=ORIENTED_EDGE('',*,*,#973,.T.);
#1255=ORIENTED_EDGE('',*,*,#974,.T.);
#1256=ORIENTED_EDGE('',*,*,#969,.F.);
#1257=ORIENTED_EDGE('',*,*,#975,.T.);
#1258=ORIENTED_EDGE('',*,*,#976,.T.);
#1259=ORIENTED_EDGE('',*,*,#975,.F.);
#1260=ORIENTED_EDGE('',*,*,#977,.T.);
#1261=ORIENTED_EDGE('',*,*,#978,.T.);
#1262=ORIENTED_EDGE('',*,*,#979,.F.);
#1263=ORIENTED_EDGE('',*,*,#980,.F.);
#1264=ORIENTED_EDGE('',*,*,#981,.T.);
#1265=ORIENTED_EDGE('',*,*,#980,.T.);
#1266=ORIENTED_EDGE('',*,*,#982,.F.);
#1267=ORIENTED_EDGE('',*,*,#983,.F.);
#1268=ORIENTED_EDGE('',*,*,#984,.T.);
#1269=ORIENTED_EDGE('',*,*,#983,.T.);
#1270=ORIENTED_EDGE('',*,*,#985,.F.);
#1271=ORIENTED_EDGE('',*,*,#974,.F.);
#1272=ORIENTED_EDGE('',*,*,#986,.F.);
#1273=ORIENTED_EDGE('',*,*,#987,.T.);
#1274=ORIENTED_EDGE('',*,*,#986,.T.);
#1275=ORIENTED_EDGE('',*,*,#973,.F.);
#1276=ORIENTED_EDGE('',*,*,#988,.F.);
#1277=ORIENTED_EDGE('',*,*,#989,.T.);
#1278=ORIENTED_EDGE('',*,*,#988,.T.);
#1279=ORIENTED_EDGE('',*,*,#972,.F.);
#1280=ORIENTED_EDGE('',*,*,#990,.F.);
#1281=ORIENTED_EDGE('',*,*,#978,.F.);
#1282=ORIENTED_EDGE('',*,*,#989,.F.);
#1283=ORIENTED_EDGE('',*,*,#977,.F.);
#1284=ORIENTED_EDGE('',*,*,#981,.F.);
#1285=ORIENTED_EDGE('',*,*,#984,.F.);
#1286=ORIENTED_EDGE('',*,*,#987,.F.);
#1287=ORIENTED_EDGE('',*,*,#976,.F.);
#1288=ORIENTED_EDGE('',*,*,#985,.T.);
#1289=ORIENTED_EDGE('',*,*,#982,.T.);
#1290=ORIENTED_EDGE('',*,*,#979,.T.);
#1291=ORIENTED_EDGE('',*,*,#990,.T.);
#1292=ORIENTED_EDGE('',*,*,#991,.F.);
#1293=ORIENTED_EDGE('',*,*,#992,.F.);
#1294=ORIENTED_EDGE('',*,*,#993,.F.);
#1295=ORIENTED_EDGE('',*,*,#994,.T.);
#1296=ORIENTED_EDGE('',*,*,#995,.T.);
#1297=ORIENTED_EDGE('',*,*,#996,.T.);
#1298=ORIENTED_EDGE('',*,*,#997,.T.);
#1299=ORIENTED_EDGE('',*,*,#998,.T.);
#1300=ORIENTED_EDGE('',*,*,#999,.T.);
#1301=ORIENTED_EDGE('',*,*,#1000,.T.);
#1302=ORIENTED_EDGE('',*,*,#1001,.T.);
#1303=ORIENTED_EDGE('',*,*,#1002,.T.);
#1304=ORIENTED_EDGE('',*,*,#1003,.T.);
#1305=ORIENTED_EDGE('',*,*,#1004,.T.);
#1306=ORIENTED_EDGE('',*,*,#1005,.T.);
#1307=ORIENTED_EDGE('',*,*,#1006,.T.);
#1308=ORIENTED_EDGE('',*,*,#1007,.T.);
#1309=ORIENTED_EDGE('',*,*,#1008,.T.);
#1310=ORIENTED_EDGE('',*,*,#1009,.T.);
#1311=ORIENTED_EDGE('',*,*,#1010,.T.);
#1312=ORIENTED_EDGE('',*,*,#1011,.T.);
#1313=ORIENTED_EDGE('',*,*,#1012,.T.);
#1314=ORIENTED_EDGE('',*,*,#1013,.T.);
#1315=ORIENTED_EDGE('',*,*,#1014,.T.);
#1316=ORIENTED_EDGE('',*,*,#1015,.T.);
#1317=ORIENTED_EDGE('',*,*,#1016,.T.);
#1318=ORIENTED_EDGE('',*,*,#1017,.T.);
#1319=ORIENTED_EDGE('',*,*,#1018,.T.);
#1320=ORIENTED_EDGE('',*,*,#1019,.T.);
#1321=ORIENTED_EDGE('',*,*,#1020,.T.);
#1322=ORIENTED_EDGE('',*,*,#1021,.T.);
#1323=ORIENTED_EDGE('',*,*,#1022,.T.);
#1324=ORIENTED_EDGE('',*,*,#1023,.T.);
#1325=ORIENTED_EDGE('',*,*,#1024,.T.);
#1326=ORIENTED_EDGE('',*,*,#1025,.T.);
#1327=ORIENTED_EDGE('',*,*,#1026,.T.);
#1328=ORIENTED_EDGE('',*,*,#1027,.T.);
#1329=ORIENTED_EDGE('',*,*,#1028,.T.);
#1330=ORIENTED_EDGE('',*,*,#1029,.T.);
#1331=ORIENTED_EDGE('',*,*,#1030,.T.);
#1332=ORIENTED_EDGE('',*,*,#1031,.T.);
#1333=ORIENTED_EDGE('',*,*,#1032,.T.);
#1334=ORIENTED_EDGE('',*,*,#1033,.T.);
#1335=ORIENTED_EDGE('',*,*,#1034,.T.);
#1336=ORIENTED_EDGE('',*,*,#1035,.T.);
#1337=ORIENTED_EDGE('',*,*,#1036,.T.);
#1338=ORIENTED_EDGE('',*,*,#1037,.T.);
#1339=ORIENTED_EDGE('',*,*,#1038,.T.);
#1340=ORIENTED_EDGE('',*,*,#1039,.T.);
#1341=ORIENTED_EDGE('',*,*,#1040,.T.);
#1342=ORIENTED_EDGE('',*,*,#1041,.T.);
#1343=ORIENTED_EDGE('',*,*,#1042,.T.);
#1344=ORIENTED_EDGE('',*,*,#1043,.T.);
#1345=ORIENTED_EDGE('',*,*,#1044,.T.);
#1346=ORIENTED_EDGE('',*,*,#1045,.T.);
#1347=ORIENTED_EDGE('',*,*,#1046,.T.);
#1348=ORIENTED_EDGE('',*,*,#1047,.T.);
#1349=ORIENTED_EDGE('',*,*,#1048,.T.);
#1350=ORIENTED_EDGE('',*,*,#1049,.T.);
#1351=ORIENTED_EDGE('',*,*,#1050,.T.);
#1352=ORIENTED_EDGE('',*,*,#1051,.T.);
#1353=ORIENTED_EDGE('',*,*,#1052,.T.);
#1354=ORIENTED_EDGE('',*,*,#1053,.T.);
#1355=ORIENTED_EDGE('',*,*,#1054,.T.);
#1356=ORIENTED_EDGE('',*,*,#1055,.T.);
#1357=ORIENTED_EDGE('',*,*,#1056,.T.);
#1358=ORIENTED_EDGE('',*,*,#1056,.F.);
#1359=ORIENTED_EDGE('',*,*,#1057,.T.);
#1360=ORIENTED_EDGE('',*,*,#1058,.T.);
#1361=ORIENTED_EDGE('',*,*,#1057,.F.);
#1362=ORIENTED_EDGE('',*,*,#1059,.F.);
#1363=ORIENTED_EDGE('',*,*,#1060,.T.);
#1364=ORIENTED_EDGE('',*,*,#1061,.F.);
#1365=ORIENTED_EDGE('',*,*,#1005,.F.);
#1366=ORIENTED_EDGE('',*,*,#1062,.F.);
#1367=ORIENTED_EDGE('',*,*,#1063,.F.);
#1368=ORIENTED_EDGE('',*,*,#1062,.T.);
#1369=ORIENTED_EDGE('',*,*,#1004,.F.);
#1370=ORIENTED_EDGE('',*,*,#1064,.F.);
#1371=ORIENTED_EDGE('',*,*,#1065,.F.);
#1372=ORIENTED_EDGE('',*,*,#1066,.F.);
#1373=ORIENTED_EDGE('',*,*,#1065,.T.);
#1374=ORIENTED_EDGE('',*,*,#1067,.F.);
#1375=ORIENTED_EDGE('',*,*,#1068,.F.);
#1376=ORIENTED_EDGE('',*,*,#1069,.T.);
#1377=ORIENTED_EDGE('',*,*,#1068,.T.);
#1378=ORIENTED_EDGE('',*,*,#1070,.F.);
#1379=ORIENTED_EDGE('',*,*,#1071,.F.);
#1380=ORIENTED_EDGE('',*,*,#1072,.F.);
#1381=ORIENTED_EDGE('',*,*,#1071,.T.);
#1382=ORIENTED_EDGE('',*,*,#1073,.F.);
#1383=ORIENTED_EDGE('',*,*,#1060,.F.);
#1384=ORIENTED_EDGE('',*,*,#1074,.T.);
#1385=ORIENTED_EDGE('',*,*,#1061,.T.);
#1386=ORIENTED_EDGE('',*,*,#1073,.T.);
#1387=ORIENTED_EDGE('',*,*,#1070,.T.);
#1388=ORIENTED_EDGE('',*,*,#1067,.T.);
#1389=ORIENTED_EDGE('',*,*,#1064,.T.);
#1390=ORIENTED_EDGE('',*,*,#1075,.T.);
#1391=ORIENTED_EDGE('',*,*,#1076,.F.);
#1392=ORIENTED_EDGE('',*,*,#1072,.T.);
#1393=ORIENTED_EDGE('',*,*,#1059,.T.);
#1394=ORIENTED_EDGE('',*,*,#1063,.T.);
#1395=ORIENTED_EDGE('',*,*,#1066,.T.);
#1396=ORIENTED_EDGE('',*,*,#1069,.F.);
#1397=ORIENTED_EDGE('',*,*,#1058,.F.);
#1398=ORIENTED_EDGE('',*,*,#1077,.T.);
#1399=ORIENTED_EDGE('',*,*,#1078,.T.);
#1400=ORIENTED_EDGE('',*,*,#1079,.F.);
#1401=ORIENTED_EDGE('',*,*,#1080,.T.);
#1402=ORIENTED_EDGE('',*,*,#1081,.T.);
#1403=ORIENTED_EDGE('',*,*,#1082,.T.);
#1404=ORIENTED_EDGE('',*,*,#1083,.T.);
#1405=ORIENTED_EDGE('',*,*,#1078,.F.);
#1406=ORIENTED_EDGE('',*,*,#1084,.T.);
#1407=ORIENTED_EDGE('',*,*,#1085,.T.);
#1408=ORIENTED_EDGE('',*,*,#1084,.F.);
#1409=ORIENTED_EDGE('',*,*,#1086,.T.);
#1410=ORIENTED_EDGE('',*,*,#1087,.T.);
#1411=ORIENTED_EDGE('',*,*,#1082,.F.);
#1412=ORIENTED_EDGE('',*,*,#1088,.F.);
#1413=ORIENTED_EDGE('',*,*,#1089,.T.);
#1414=ORIENTED_EDGE('',*,*,#1088,.T.);
#1415=ORIENTED_EDGE('',*,*,#1081,.F.);
#1416=ORIENTED_EDGE('',*,*,#997,.F.);
#1417=ORIENTED_EDGE('',*,*,#1090,.F.);
#1418=ORIENTED_EDGE('',*,*,#1091,.T.);
#1419=ORIENTED_EDGE('',*,*,#1090,.T.);
#1420=ORIENTED_EDGE('',*,*,#996,.F.);
#1421=ORIENTED_EDGE('',*,*,#1092,.F.);
#1422=ORIENTED_EDGE('',*,*,#1093,.T.);
#1423=ORIENTED_EDGE('',*,*,#1092,.T.);
#1424=ORIENTED_EDGE('',*,*,#995,.F.);
#1425=ORIENTED_EDGE('',*,*,#1094,.F.);
#1426=ORIENTED_EDGE('',*,*,#1095,.T.);
#1427=ORIENTED_EDGE('',*,*,#1094,.T.);
#1428=ORIENTED_EDGE('',*,*,#994,.F.);
#1429=ORIENTED_EDGE('',*,*,#1083,.F.);
#1430=ORIENTED_EDGE('',*,*,#1087,.F.);
#1431=ORIENTED_EDGE('',*,*,#1095,.F.);
#1432=ORIENTED_EDGE('',*,*,#1086,.F.);
#1433=ORIENTED_EDGE('',*,*,#1089,.F.);
#1434=ORIENTED_EDGE('',*,*,#1091,.F.);
#1435=ORIENTED_EDGE('',*,*,#1093,.F.);
#1436=ORIENTED_EDGE('',*,*,#1085,.F.);
#1437=ORIENTED_EDGE('',*,*,#1096,.T.);
#1438=ORIENTED_EDGE('',*,*,#1097,.T.);
#1439=ORIENTED_EDGE('',*,*,#1098,.T.);
#1440=ORIENTED_EDGE('',*,*,#1099,.T.);
#1441=ORIENTED_EDGE('',*,*,#1100,.T.);
#1442=ORIENTED_EDGE('',*,*,#1097,.F.);
#1443=ORIENTED_EDGE('',*,*,#1101,.T.);
#1444=ORIENTED_EDGE('',*,*,#1102,.T.);
#1445=ORIENTED_EDGE('',*,*,#1101,.F.);
#1446=ORIENTED_EDGE('',*,*,#1103,.T.);
#1447=ORIENTED_EDGE('',*,*,#1104,.T.);
#1448=ORIENTED_EDGE('',*,*,#1105,.F.);
#1449=ORIENTED_EDGE('',*,*,#1100,.F.);
#1450=ORIENTED_EDGE('',*,*,#1106,.F.);
#1451=ORIENTED_EDGE('',*,*,#1107,.T.);
#1452=ORIENTED_EDGE('',*,*,#1106,.T.);
#1453=ORIENTED_EDGE('',*,*,#1099,.F.);
#1454=ORIENTED_EDGE('',*,*,#1002,.F.);
#1455=ORIENTED_EDGE('',*,*,#1108,.F.);
#1456=ORIENTED_EDGE('',*,*,#1109,.T.);
#1457=ORIENTED_EDGE('',*,*,#1108,.T.);
#1458=ORIENTED_EDGE('',*,*,#1001,.F.);
#1459=ORIENTED_EDGE('',*,*,#1110,.F.);
#1460=ORIENTED_EDGE('',*,*,#1111,.T.);
#1461=ORIENTED_EDGE('',*,*,#1110,.T.);
#1462=ORIENTED_EDGE('',*,*,#1000,.F.);
#1463=ORIENTED_EDGE('',*,*,#1112,.F.);
#1464=ORIENTED_EDGE('',*,*,#1113,.T.);
#1465=ORIENTED_EDGE('',*,*,#1112,.T.);
#1466=ORIENTED_EDGE('',*,*,#999,.F.);
#1467=ORIENTED_EDGE('',*,*,#1114,.F.);
#1468=ORIENTED_EDGE('',*,*,#1115,.F.);
#1469=ORIENTED_EDGE('',*,*,#1116,.T.);
#1470=ORIENTED_EDGE('',*,*,#1115,.T.);
#1471=ORIENTED_EDGE('',*,*,#1117,.F.);
#1472=ORIENTED_EDGE('',*,*,#1118,.F.);
#1473=ORIENTED_EDGE('',*,*,#1119,.T.);
#1474=ORIENTED_EDGE('',*,*,#1118,.T.);
#1475=ORIENTED_EDGE('',*,*,#1120,.F.);
#1476=ORIENTED_EDGE('',*,*,#1121,.F.);
#1477=ORIENTED_EDGE('',*,*,#1122,.T.);
#1478=ORIENTED_EDGE('',*,*,#1121,.T.);
#1479=ORIENTED_EDGE('',*,*,#1123,.F.);
#1480=ORIENTED_EDGE('',*,*,#1124,.F.);
#1481=ORIENTED_EDGE('',*,*,#1104,.F.);
#1482=ORIENTED_EDGE('',*,*,#1125,.F.);
#1483=ORIENTED_EDGE('',*,*,#1123,.T.);
#1484=ORIENTED_EDGE('',*,*,#1120,.T.);
#1485=ORIENTED_EDGE('',*,*,#1117,.T.);
#1486=ORIENTED_EDGE('',*,*,#1114,.T.);
#1487=ORIENTED_EDGE('',*,*,#1126,.T.);
#1488=ORIENTED_EDGE('',*,*,#1122,.F.);
#1489=ORIENTED_EDGE('',*,*,#1103,.F.);
#1490=ORIENTED_EDGE('',*,*,#1107,.F.);
#1491=ORIENTED_EDGE('',*,*,#1109,.F.);
#1492=ORIENTED_EDGE('',*,*,#1111,.F.);
#1493=ORIENTED_EDGE('',*,*,#1113,.F.);
#1494=ORIENTED_EDGE('',*,*,#1116,.F.);
#1495=ORIENTED_EDGE('',*,*,#1119,.F.);
#1496=ORIENTED_EDGE('',*,*,#1102,.F.);
#1497=ORIENTED_EDGE('',*,*,#1124,.T.);
#1498=ORIENTED_EDGE('',*,*,#1127,.F.);
#1499=ORIENTED_EDGE('',*,*,#1128,.T.);
#1500=ORIENTED_EDGE('',*,*,#1105,.T.);
#1501=ORIENTED_EDGE('',*,*,#1076,.T.);
#1502=ORIENTED_EDGE('',*,*,#1129,.T.);
#1503=ORIENTED_EDGE('',*,*,#1130,.T.);
#1504=ORIENTED_EDGE('',*,*,#1131,.T.);
#1505=ORIENTED_EDGE('',*,*,#1130,.F.);
#1506=ORIENTED_EDGE('',*,*,#1132,.F.);
#1507=ORIENTED_EDGE('',*,*,#1133,.F.);
#1508=ORIENTED_EDGE('',*,*,#1134,.F.);
#1509=ORIENTED_EDGE('',*,*,#1135,.F.);
#1510=ORIENTED_EDGE('',*,*,#1136,.F.);
#1511=ORIENTED_EDGE('',*,*,#1137,.F.);
#1512=ORIENTED_EDGE('',*,*,#1138,.F.);
#1513=ORIENTED_EDGE('',*,*,#1139,.T.);
#1514=ORIENTED_EDGE('',*,*,#1140,.T.);
#1515=ORIENTED_EDGE('',*,*,#1141,.T.);
#1516=ORIENTED_EDGE('',*,*,#1142,.T.);
#1517=ORIENTED_EDGE('',*,*,#1143,.T.);
#1518=ORIENTED_EDGE('',*,*,#1144,.T.);
#1519=ORIENTED_EDGE('',*,*,#1145,.T.);
#1520=ORIENTED_EDGE('',*,*,#1146,.T.);
#1521=ORIENTED_EDGE('',*,*,#1147,.T.);
#1522=ORIENTED_EDGE('',*,*,#1148,.T.);
#1523=ORIENTED_EDGE('',*,*,#1149,.T.);
#1524=ORIENTED_EDGE('',*,*,#1150,.T.);
#1525=ORIENTED_EDGE('',*,*,#1151,.T.);
#1526=ORIENTED_EDGE('',*,*,#1152,.T.);
#1527=ORIENTED_EDGE('',*,*,#1153,.T.);
#1528=ORIENTED_EDGE('',*,*,#1154,.T.);
#1529=ORIENTED_EDGE('',*,*,#1155,.T.);
#1530=ORIENTED_EDGE('',*,*,#1156,.T.);
#1531=ORIENTED_EDGE('',*,*,#1157,.T.);
#1532=ORIENTED_EDGE('',*,*,#1158,.T.);
#1533=ORIENTED_EDGE('',*,*,#1159,.T.);
#1534=ORIENTED_EDGE('',*,*,#1160,.T.);
#1535=ORIENTED_EDGE('',*,*,#1161,.T.);
#1536=ORIENTED_EDGE('',*,*,#1162,.T.);
#1537=ORIENTED_EDGE('',*,*,#1163,.T.);
#1538=ORIENTED_EDGE('',*,*,#1164,.T.);
#1539=ORIENTED_EDGE('',*,*,#1165,.T.);
#1540=ORIENTED_EDGE('',*,*,#1166,.T.);
#1541=ORIENTED_EDGE('',*,*,#1167,.T.);
#1542=ORIENTED_EDGE('',*,*,#1168,.T.);
#1543=ORIENTED_EDGE('',*,*,#1169,.T.);
#1544=ORIENTED_EDGE('',*,*,#1170,.T.);
#1545=ORIENTED_EDGE('',*,*,#1171,.T.);
#1546=ORIENTED_EDGE('',*,*,#1172,.T.);
#1547=ORIENTED_EDGE('',*,*,#1173,.T.);
#1548=ORIENTED_EDGE('',*,*,#1174,.T.);
#1549=ORIENTED_EDGE('',*,*,#1175,.T.);
#1550=ORIENTED_EDGE('',*,*,#1176,.T.);
#1551=ORIENTED_EDGE('',*,*,#1177,.T.);
#1552=ORIENTED_EDGE('',*,*,#1178,.T.);
#1553=ORIENTED_EDGE('',*,*,#1179,.T.);
#1554=ORIENTED_EDGE('',*,*,#1180,.T.);
#1555=ORIENTED_EDGE('',*,*,#1181,.T.);
#1556=ORIENTED_EDGE('',*,*,#1182,.T.);
#1557=ORIENTED_EDGE('',*,*,#1183,.T.);
#1558=ORIENTED_EDGE('',*,*,#1184,.T.);
#1559=ORIENTED_EDGE('',*,*,#1185,.T.);
#1560=ORIENTED_EDGE('',*,*,#1186,.T.);
#1561=ORIENTED_EDGE('',*,*,#1187,.T.);
#1562=ORIENTED_EDGE('',*,*,#1188,.T.);
#1563=ORIENTED_EDGE('',*,*,#1189,.T.);
#1564=ORIENTED_EDGE('',*,*,#1190,.T.);
#1565=ORIENTED_EDGE('',*,*,#1129,.F.);
#1566=ORIENTED_EDGE('',*,*,#1075,.F.);
#1567=ORIENTED_EDGE('',*,*,#1003,.F.);
#1568=ORIENTED_EDGE('',*,*,#1098,.F.);
#1569=ORIENTED_EDGE('',*,*,#1128,.F.);
#1570=ORIENTED_EDGE('',*,*,#1191,.F.);
#1571=ORIENTED_EDGE('',*,*,#1132,.T.);
#1572=ORIENTED_EDGE('',*,*,#1133,.T.);
#1573=ORIENTED_EDGE('',*,*,#1191,.T.);
#1574=ORIENTED_EDGE('',*,*,#1127,.T.);
#1575=ORIENTED_EDGE('',*,*,#1125,.T.);
#1576=ORIENTED_EDGE('',*,*,#1192,.T.);
#1577=ORIENTED_EDGE('',*,*,#1079,.T.);
#1578=ORIENTED_EDGE('',*,*,#993,.T.);
#1579=ORIENTED_EDGE('',*,*,#1193,.T.);
#1580=ORIENTED_EDGE('',*,*,#1135,.T.);
#1581=ORIENTED_EDGE('',*,*,#1194,.T.);
#1582=ORIENTED_EDGE('',*,*,#1193,.F.);
#1583=ORIENTED_EDGE('',*,*,#992,.T.);
#1584=ORIENTED_EDGE('',*,*,#1195,.F.);
#1585=ORIENTED_EDGE('',*,*,#1136,.T.);
#1586=ORIENTED_EDGE('',*,*,#1137,.T.);
#1587=ORIENTED_EDGE('',*,*,#1195,.T.);
#1588=ORIENTED_EDGE('',*,*,#991,.T.);
#1589=ORIENTED_EDGE('',*,*,#971,.T.);
#1590=ORIENTED_EDGE('',*,*,#1196,.T.);
#1591=ORIENTED_EDGE('',*,*,#1131,.F.);
#1592=ORIENTED_EDGE('',*,*,#1138,.T.);
#1593=ORIENTED_EDGE('',*,*,#1196,.F.);
#1594=ORIENTED_EDGE('',*,*,#970,.F.);
#1595=ORIENTED_EDGE('',*,*,#1006,.F.);
#1596=ORIENTED_EDGE('',*,*,#1074,.F.);
#1597=ORIENTED_EDGE('',*,*,#968,.F.);
#1598=ORIENTED_EDGE('',*,*,#1197,.T.);
#1599=ORIENTED_EDGE('',*,*,#1190,.F.);
#1600=ORIENTED_EDGE('',*,*,#1197,.F.);
#1601=ORIENTED_EDGE('',*,*,#1077,.F.);
#1602=ORIENTED_EDGE('',*,*,#1198,.T.);
#1603=ORIENTED_EDGE('',*,*,#1139,.F.);
#1604=ORIENTED_EDGE('',*,*,#1198,.F.);
#1605=ORIENTED_EDGE('',*,*,#1096,.F.);
#1606=ORIENTED_EDGE('',*,*,#1199,.T.);
#1607=ORIENTED_EDGE('',*,*,#1189,.F.);
#1608=ORIENTED_EDGE('',*,*,#1199,.F.);
#1609=ORIENTED_EDGE('',*,*,#1055,.F.);
#1610=ORIENTED_EDGE('',*,*,#1200,.T.);
#1611=ORIENTED_EDGE('',*,*,#1188,.F.);
#1612=ORIENTED_EDGE('',*,*,#1200,.F.);
#1613=ORIENTED_EDGE('',*,*,#1192,.F.);
#1614=ORIENTED_EDGE('',*,*,#1126,.F.);
#1615=ORIENTED_EDGE('',*,*,#998,.F.);
#1616=ORIENTED_EDGE('',*,*,#1080,.F.);
#1617=ORIENTED_EDGE('',*,*,#1194,.F.);
#1618=ORIENTED_EDGE('',*,*,#1134,.T.);
#1619=ORIENTED_EDGE('',*,*,#1184,.F.);
#1620=ORIENTED_EDGE('',*,*,#1201,.F.);
#1621=ORIENTED_EDGE('',*,*,#1051,.F.);
#1622=ORIENTED_EDGE('',*,*,#1202,.T.);
#1623=ORIENTED_EDGE('',*,*,#1185,.F.);
#1624=ORIENTED_EDGE('',*,*,#1202,.F.);
#1625=ORIENTED_EDGE('',*,*,#1050,.F.);
#1626=ORIENTED_EDGE('',*,*,#1203,.T.);
#1627=ORIENTED_EDGE('',*,*,#1186,.F.);
#1628=ORIENTED_EDGE('',*,*,#1203,.F.);
#1629=ORIENTED_EDGE('',*,*,#1049,.F.);
#1630=ORIENTED_EDGE('',*,*,#1204,.T.);
#1631=ORIENTED_EDGE('',*,*,#1187,.F.);
#1632=ORIENTED_EDGE('',*,*,#1204,.F.);
#1633=ORIENTED_EDGE('',*,*,#1048,.F.);
#1634=ORIENTED_EDGE('',*,*,#1205,.T.);
#1635=ORIENTED_EDGE('',*,*,#1180,.F.);
#1636=ORIENTED_EDGE('',*,*,#1205,.F.);
#1637=ORIENTED_EDGE('',*,*,#1047,.F.);
#1638=ORIENTED_EDGE('',*,*,#1206,.T.);
#1639=ORIENTED_EDGE('',*,*,#1181,.F.);
#1640=ORIENTED_EDGE('',*,*,#1206,.F.);
#1641=ORIENTED_EDGE('',*,*,#1054,.F.);
#1642=ORIENTED_EDGE('',*,*,#1207,.T.);
#1643=ORIENTED_EDGE('',*,*,#1182,.F.);
#1644=ORIENTED_EDGE('',*,*,#1207,.F.);
#1645=ORIENTED_EDGE('',*,*,#1053,.F.);
#1646=ORIENTED_EDGE('',*,*,#1208,.T.);
#1647=ORIENTED_EDGE('',*,*,#1183,.F.);
#1648=ORIENTED_EDGE('',*,*,#1208,.F.);
#1649=ORIENTED_EDGE('',*,*,#1052,.F.);
#1650=ORIENTED_EDGE('',*,*,#1201,.T.);
#1651=ORIENTED_EDGE('',*,*,#1176,.F.);
#1652=ORIENTED_EDGE('',*,*,#1209,.F.);
#1653=ORIENTED_EDGE('',*,*,#1043,.F.);
#1654=ORIENTED_EDGE('',*,*,#1210,.T.);
#1655=ORIENTED_EDGE('',*,*,#1177,.F.);
#1656=ORIENTED_EDGE('',*,*,#1210,.F.);
#1657=ORIENTED_EDGE('',*,*,#1042,.F.);
#1658=ORIENTED_EDGE('',*,*,#1211,.T.);
#1659=ORIENTED_EDGE('',*,*,#1178,.F.);
#1660=ORIENTED_EDGE('',*,*,#1211,.F.);
#1661=ORIENTED_EDGE('',*,*,#1041,.F.);
#1662=ORIENTED_EDGE('',*,*,#1212,.T.);
#1663=ORIENTED_EDGE('',*,*,#1179,.F.);
#1664=ORIENTED_EDGE('',*,*,#1212,.F.);
#1665=ORIENTED_EDGE('',*,*,#1040,.F.);
#1666=ORIENTED_EDGE('',*,*,#1213,.T.);
#1667=ORIENTED_EDGE('',*,*,#1172,.F.);
#1668=ORIENTED_EDGE('',*,*,#1213,.F.);
#1669=ORIENTED_EDGE('',*,*,#1039,.F.);
#1670=ORIENTED_EDGE('',*,*,#1214,.T.);
#1671=ORIENTED_EDGE('',*,*,#1173,.F.);
#1672=ORIENTED_EDGE('',*,*,#1214,.F.);
#1673=ORIENTED_EDGE('',*,*,#1046,.F.);
#1674=ORIENTED_EDGE('',*,*,#1215,.T.);
#1675=ORIENTED_EDGE('',*,*,#1174,.F.);
#1676=ORIENTED_EDGE('',*,*,#1215,.F.);
#1677=ORIENTED_EDGE('',*,*,#1045,.F.);
#1678=ORIENTED_EDGE('',*,*,#1216,.T.);
#1679=ORIENTED_EDGE('',*,*,#1175,.F.);
#1680=ORIENTED_EDGE('',*,*,#1216,.F.);
#1681=ORIENTED_EDGE('',*,*,#1044,.F.);
#1682=ORIENTED_EDGE('',*,*,#1209,.T.);
#1683=ORIENTED_EDGE('',*,*,#1168,.F.);
#1684=ORIENTED_EDGE('',*,*,#1217,.F.);
#1685=ORIENTED_EDGE('',*,*,#1035,.F.);
#1686=ORIENTED_EDGE('',*,*,#1218,.T.);
#1687=ORIENTED_EDGE('',*,*,#1169,.F.);
#1688=ORIENTED_EDGE('',*,*,#1218,.F.);
#1689=ORIENTED_EDGE('',*,*,#1034,.F.);
#1690=ORIENTED_EDGE('',*,*,#1219,.T.);
#1691=ORIENTED_EDGE('',*,*,#1170,.F.);
#1692=ORIENTED_EDGE('',*,*,#1219,.F.);
#1693=ORIENTED_EDGE('',*,*,#1033,.F.);
#1694=ORIENTED_EDGE('',*,*,#1220,.T.);
#1695=ORIENTED_EDGE('',*,*,#1171,.F.);
#1696=ORIENTED_EDGE('',*,*,#1220,.F.);
#1697=ORIENTED_EDGE('',*,*,#1032,.F.);
#1698=ORIENTED_EDGE('',*,*,#1221,.T.);
#1699=ORIENTED_EDGE('',*,*,#1164,.F.);
#1700=ORIENTED_EDGE('',*,*,#1221,.F.);
#1701=ORIENTED_EDGE('',*,*,#1031,.F.);
#1702=ORIENTED_EDGE('',*,*,#1222,.T.);
#1703=ORIENTED_EDGE('',*,*,#1165,.F.);
#1704=ORIENTED_EDGE('',*,*,#1222,.F.);
#1705=ORIENTED_EDGE('',*,*,#1038,.F.);
#1706=ORIENTED_EDGE('',*,*,#1223,.T.);
#1707=ORIENTED_EDGE('',*,*,#1166,.F.);
#1708=ORIENTED_EDGE('',*,*,#1223,.F.);
#1709=ORIENTED_EDGE('',*,*,#1037,.F.);
#1710=ORIENTED_EDGE('',*,*,#1224,.T.);
#1711=ORIENTED_EDGE('',*,*,#1167,.F.);
#1712=ORIENTED_EDGE('',*,*,#1224,.F.);
#1713=ORIENTED_EDGE('',*,*,#1036,.F.);
#1714=ORIENTED_EDGE('',*,*,#1217,.T.);
#1715=ORIENTED_EDGE('',*,*,#1160,.F.);
#1716=ORIENTED_EDGE('',*,*,#1225,.F.);
#1717=ORIENTED_EDGE('',*,*,#1027,.F.);
#1718=ORIENTED_EDGE('',*,*,#1226,.T.);
#1719=ORIENTED_EDGE('',*,*,#1161,.F.);
#1720=ORIENTED_EDGE('',*,*,#1226,.F.);
#1721=ORIENTED_EDGE('',*,*,#1026,.F.);
#1722=ORIENTED_EDGE('',*,*,#1227,.T.);
#1723=ORIENTED_EDGE('',*,*,#1162,.F.);
#1724=ORIENTED_EDGE('',*,*,#1227,.F.);
#1725=ORIENTED_EDGE('',*,*,#1025,.F.);
#1726=ORIENTED_EDGE('',*,*,#1228,.T.);
#1727=ORIENTED_EDGE('',*,*,#1163,.F.);
#1728=ORIENTED_EDGE('',*,*,#1228,.F.);
#1729=ORIENTED_EDGE('',*,*,#1024,.F.);
#1730=ORIENTED_EDGE('',*,*,#1229,.T.);
#1731=ORIENTED_EDGE('',*,*,#1156,.F.);
#1732=ORIENTED_EDGE('',*,*,#1229,.F.);
#1733=ORIENTED_EDGE('',*,*,#1023,.F.);
#1734=ORIENTED_EDGE('',*,*,#1230,.T.);
#1735=ORIENTED_EDGE('',*,*,#1157,.F.);
#1736=ORIENTED_EDGE('',*,*,#1230,.F.);
#1737=ORIENTED_EDGE('',*,*,#1030,.F.);
#1738=ORIENTED_EDGE('',*,*,#1231,.T.);
#1739=ORIENTED_EDGE('',*,*,#1158,.F.);
#1740=ORIENTED_EDGE('',*,*,#1231,.F.);
#1741=ORIENTED_EDGE('',*,*,#1029,.F.);
#1742=ORIENTED_EDGE('',*,*,#1232,.T.);
#1743=ORIENTED_EDGE('',*,*,#1159,.F.);
#1744=ORIENTED_EDGE('',*,*,#1232,.F.);
#1745=ORIENTED_EDGE('',*,*,#1028,.F.);
#1746=ORIENTED_EDGE('',*,*,#1225,.T.);
#1747=ORIENTED_EDGE('',*,*,#1152,.F.);
#1748=ORIENTED_EDGE('',*,*,#1233,.F.);
#1749=ORIENTED_EDGE('',*,*,#1019,.F.);
#1750=ORIENTED_EDGE('',*,*,#1234,.T.);
#1751=ORIENTED_EDGE('',*,*,#1153,.F.);
#1752=ORIENTED_EDGE('',*,*,#1234,.F.);
#1753=ORIENTED_EDGE('',*,*,#1018,.F.);
#1754=ORIENTED_EDGE('',*,*,#1235,.T.);
#1755=ORIENTED_EDGE('',*,*,#1154,.F.);
#1756=ORIENTED_EDGE('',*,*,#1235,.F.);
#1757=ORIENTED_EDGE('',*,*,#1017,.F.);
#1758=ORIENTED_EDGE('',*,*,#1236,.T.);
#1759=ORIENTED_EDGE('',*,*,#1155,.F.);
#1760=ORIENTED_EDGE('',*,*,#1236,.F.);
#1761=ORIENTED_EDGE('',*,*,#1016,.F.);
#1762=ORIENTED_EDGE('',*,*,#1237,.T.);
#1763=ORIENTED_EDGE('',*,*,#1148,.F.);
#1764=ORIENTED_EDGE('',*,*,#1237,.F.);
#1765=ORIENTED_EDGE('',*,*,#1015,.F.);
#1766=ORIENTED_EDGE('',*,*,#1238,.T.);
#1767=ORIENTED_EDGE('',*,*,#1149,.F.);
#1768=ORIENTED_EDGE('',*,*,#1238,.F.);
#1769=ORIENTED_EDGE('',*,*,#1022,.F.);
#1770=ORIENTED_EDGE('',*,*,#1239,.T.);
#1771=ORIENTED_EDGE('',*,*,#1150,.F.);
#1772=ORIENTED_EDGE('',*,*,#1239,.F.);
#1773=ORIENTED_EDGE('',*,*,#1021,.F.);
#1774=ORIENTED_EDGE('',*,*,#1240,.T.);
#1775=ORIENTED_EDGE('',*,*,#1151,.F.);
#1776=ORIENTED_EDGE('',*,*,#1240,.F.);
#1777=ORIENTED_EDGE('',*,*,#1020,.F.);
#1778=ORIENTED_EDGE('',*,*,#1233,.T.);
#1779=ORIENTED_EDGE('',*,*,#1144,.F.);
#1780=ORIENTED_EDGE('',*,*,#1241,.F.);
#1781=ORIENTED_EDGE('',*,*,#1011,.F.);
#1782=ORIENTED_EDGE('',*,*,#1242,.T.);
#1783=ORIENTED_EDGE('',*,*,#1145,.F.);
#1784=ORIENTED_EDGE('',*,*,#1242,.F.);
#1785=ORIENTED_EDGE('',*,*,#1010,.F.);
#1786=ORIENTED_EDGE('',*,*,#1243,.T.);
#1787=ORIENTED_EDGE('',*,*,#1146,.F.);
#1788=ORIENTED_EDGE('',*,*,#1243,.F.);
#1789=ORIENTED_EDGE('',*,*,#1009,.F.);
#1790=ORIENTED_EDGE('',*,*,#1244,.T.);
#1791=ORIENTED_EDGE('',*,*,#1147,.F.);
#1792=ORIENTED_EDGE('',*,*,#1244,.F.);
#1793=ORIENTED_EDGE('',*,*,#1008,.F.);
#1794=ORIENTED_EDGE('',*,*,#1245,.T.);
#1795=ORIENTED_EDGE('',*,*,#1140,.F.);
#1796=ORIENTED_EDGE('',*,*,#1245,.F.);
#1797=ORIENTED_EDGE('',*,*,#1007,.F.);
#1798=ORIENTED_EDGE('',*,*,#1246,.T.);
#1799=ORIENTED_EDGE('',*,*,#1141,.F.);
#1800=ORIENTED_EDGE('',*,*,#1246,.F.);
#1801=ORIENTED_EDGE('',*,*,#1014,.F.);
#1802=ORIENTED_EDGE('',*,*,#1247,.T.);
#1803=ORIENTED_EDGE('',*,*,#1142,.F.);
#1804=ORIENTED_EDGE('',*,*,#1247,.F.);
#1805=ORIENTED_EDGE('',*,*,#1013,.F.);
#1806=ORIENTED_EDGE('',*,*,#1248,.T.);
#1807=ORIENTED_EDGE('',*,*,#1143,.F.);
#1808=ORIENTED_EDGE('',*,*,#1248,.F.);
#1809=ORIENTED_EDGE('',*,*,#1012,.F.);
#1810=ORIENTED_EDGE('',*,*,#1241,.T.);
#1811=PLANE('',#1990);
#1812=PLANE('',#1993);
#1813=PLANE('',#1998);
#1814=PLANE('',#1999);
#1815=PLANE('',#2000);
#1816=PLANE('',#2001);
#1817=PLANE('',#2005);
#1818=PLANE('',#2006);
#1819=PLANE('',#2034);
#1820=PLANE('',#2039);
#1821=PLANE('',#2040);
#1822=PLANE('',#2041);
#1823=PLANE('',#2045);
#1824=PLANE('',#2046);
#1825=PLANE('',#2048);
#1826=PLANE('',#2049);
#1827=PLANE('',#2052);
#1828=PLANE('',#2057);
#1829=PLANE('',#2058);
#1830=PLANE('',#2059);
#1831=PLANE('',#2060);
#1832=PLANE('',#2063);
#1833=PLANE('',#2064);
#1834=PLANE('',#2067);
#1835=PLANE('',#2070);
#1836=PLANE('',#2071);
#1837=PLANE('',#2072);
#1838=PLANE('',#2073);
#1839=PLANE('',#2074);
#1840=PLANE('',#2075);
#1841=PLANE('',#2083);
#1842=PLANE('',#2085);
#1843=PLANE('',#2086);
#1844=PLANE('',#2090);
#1845=PLANE('',#2122);
#1846=PLANE('',#2125);
#1847=PLANE('',#2127);
#1848=PLANE('',#2132);
#1849=PLANE('',#2133);
#1850=PLANE('',#2135);
#1851=PLANE('',#2137);
#1852=PLANE('',#2139);
#1853=PLANE('',#2141);
#1854=PLANE('',#2143);
#1855=PLANE('',#2145);
#1856=PLANE('',#2147);
#1857=PLANE('',#2149);
#1858=PLANE('',#2151);
#1859=PLANE('',#2153);
#1860=PLANE('',#2155);
#1861=PLANE('',#2157);
#1862=PLANE('',#2159);
#1863=PLANE('',#2161);
#1864=PLANE('',#2163);
#1865=PLANE('',#2165);
#1866=PLANE('',#2167);
#1867=PLANE('',#2169);
#1868=PLANE('',#2171);
#1869=PLANE('',#2173);
#1870=PLANE('',#2175);
#1871=PLANE('',#2177);
#1872=PLANE('',#2179);
#1873=ADVANCED_FACE('',(#466,#442),#1811,.T.);
#1874=ADVANCED_FACE('',(#467),#1812,.T.);
#1875=ADVANCED_FACE('',(#468),#15,.F.);
#1876=ADVANCED_FACE('',(#469),#1813,.T.);
#1877=ADVANCED_FACE('',(#470),#1814,.T.);
#1878=ADVANCED_FACE('',(#471),#1815,.T.);
#1879=ADVANCED_FACE('',(#472),#1816,.T.);
#1880=ADVANCED_FACE('',(#473),#16,.T.);
#1881=ADVANCED_FACE('',(#474,#443),#1817,.F.);
#1882=ADVANCED_FACE('',(#475,#444,#445,#446,#447,#448,#449),#1818,.F.);
#1883=ADVANCED_FACE('',(#476,#450),#1819,.T.);
#1884=ADVANCED_FACE('',(#477),#17,.F.);
#1885=ADVANCED_FACE('',(#478),#1820,.T.);
#1886=ADVANCED_FACE('',(#479),#1821,.T.);
#1887=ADVANCED_FACE('',(#480),#1822,.T.);
#1888=ADVANCED_FACE('',(#481),#18,.T.);
#1889=ADVANCED_FACE('',(#482),#1823,.T.);
#1890=ADVANCED_FACE('',(#483),#1824,.T.);
#1891=ADVANCED_FACE('',(#484,#451),#1825,.F.);
#1892=ADVANCED_FACE('',(#485,#452),#1826,.T.);
#1893=ADVANCED_FACE('',(#486),#1827,.T.);
#1894=ADVANCED_FACE('',(#487),#19,.F.);
#1895=ADVANCED_FACE('',(#488),#1828,.T.);
#1896=ADVANCED_FACE('',(#489),#1829,.T.);
#1897=ADVANCED_FACE('',(#490),#1830,.T.);
#1898=ADVANCED_FACE('',(#491),#1831,.T.);
#1899=ADVANCED_FACE('',(#492),#20,.T.);
#1900=ADVANCED_FACE('',(#493,#453),#1832,.F.);
#1901=ADVANCED_FACE('',(#494,#454),#1833,.T.);
#1902=ADVANCED_FACE('',(#495),#1834,.T.);
#1903=ADVANCED_FACE('',(#496),#21,.F.);
#1904=ADVANCED_FACE('',(#497),#1835,.T.);
#1905=ADVANCED_FACE('',(#498),#1836,.T.);
#1906=ADVANCED_FACE('',(#499),#1837,.T.);
#1907=ADVANCED_FACE('',(#500),#1838,.T.);
#1908=ADVANCED_FACE('',(#501),#1839,.T.);
#1909=ADVANCED_FACE('',(#502),#1840,.T.);
#1910=ADVANCED_FACE('',(#503),#22,.T.);
#1911=ADVANCED_FACE('',(#504),#23,.T.);
#1912=ADVANCED_FACE('',(#505),#1841,.T.);
#1913=ADVANCED_FACE('',(#506,#455),#1842,.F.);
#1914=ADVANCED_FACE('',(#507),#1843,.F.);
#1915=ADVANCED_FACE('',(#508),#24,.T.);
#1916=ADVANCED_FACE('',(#509,#456,#457,#458,#459,#460,#461,#462,#463,#464,
#465),#1844,.T.);
#1917=ADVANCED_FACE('',(#510),#1845,.T.);
#1918=ADVANCED_FACE('',(#511),#25,.T.);
#1919=ADVANCED_FACE('',(#512),#26,.T.);
#1920=ADVANCED_FACE('',(#513),#1846,.T.);
#1921=ADVANCED_FACE('',(#514),#27,.T.);
#1922=ADVANCED_FACE('',(#515),#1847,.T.);
#1923=ADVANCED_FACE('',(#516),#28,.F.);
#1924=ADVANCED_FACE('',(#517),#29,.F.);
#1925=ADVANCED_FACE('',(#518),#30,.F.);
#1926=ADVANCED_FACE('',(#519),#31,.F.);
#1927=ADVANCED_FACE('',(#520),#1848,.T.);
#1928=ADVANCED_FACE('',(#521),#1849,.F.);
#1929=ADVANCED_FACE('',(#522),#32,.F.);
#1930=ADVANCED_FACE('',(#523),#1850,.F.);
#1931=ADVANCED_FACE('',(#524),#33,.F.);
#1932=ADVANCED_FACE('',(#525),#1851,.F.);
#1933=ADVANCED_FACE('',(#526),#34,.F.);
#1934=ADVANCED_FACE('',(#527),#1852,.F.);
#1935=ADVANCED_FACE('',(#528),#35,.F.);
#1936=ADVANCED_FACE('',(#529),#1853,.F.);
#1937=ADVANCED_FACE('',(#530),#36,.F.);
#1938=ADVANCED_FACE('',(#531),#1854,.F.);
#1939=ADVANCED_FACE('',(#532),#37,.F.);
#1940=ADVANCED_FACE('',(#533),#1855,.F.);
#1941=ADVANCED_FACE('',(#534),#38,.F.);
#1942=ADVANCED_FACE('',(#535),#1856,.F.);
#1943=ADVANCED_FACE('',(#536),#39,.F.);
#1944=ADVANCED_FACE('',(#537),#1857,.F.);
#1945=ADVANCED_FACE('',(#538),#40,.F.);
#1946=ADVANCED_FACE('',(#539),#1858,.F.);
#1947=ADVANCED_FACE('',(#540),#41,.F.);
#1948=ADVANCED_FACE('',(#541),#1859,.F.);
#1949=ADVANCED_FACE('',(#542),#42,.F.);
#1950=ADVANCED_FACE('',(#543),#1860,.F.);
#1951=ADVANCED_FACE('',(#544),#43,.F.);
#1952=ADVANCED_FACE('',(#545),#1861,.F.);
#1953=ADVANCED_FACE('',(#546),#44,.F.);
#1954=ADVANCED_FACE('',(#547),#1862,.F.);
#1955=ADVANCED_FACE('',(#548),#45,.F.);
#1956=ADVANCED_FACE('',(#549),#1863,.F.);
#1957=ADVANCED_FACE('',(#550),#46,.F.);
#1958=ADVANCED_FACE('',(#551),#1864,.F.);
#1959=ADVANCED_FACE('',(#552),#47,.F.);
#1960=ADVANCED_FACE('',(#553),#1865,.F.);
#1961=ADVANCED_FACE('',(#554),#48,.F.);
#1962=ADVANCED_FACE('',(#555),#1866,.F.);
#1963=ADVANCED_FACE('',(#556),#49,.F.);
#1964=ADVANCED_FACE('',(#557),#1867,.F.);
#1965=ADVANCED_FACE('',(#558),#50,.F.);
#1966=ADVANCED_FACE('',(#559),#1868,.F.);
#1967=ADVANCED_FACE('',(#560),#51,.F.);
#1968=ADVANCED_FACE('',(#561),#1869,.F.);
#1969=ADVANCED_FACE('',(#562),#52,.F.);
#1970=ADVANCED_FACE('',(#563),#1870,.F.);
#1971=ADVANCED_FACE('',(#564),#53,.F.);
#1972=ADVANCED_FACE('',(#565),#1871,.F.);
#1973=ADVANCED_FACE('',(#566),#54,.F.);
#1974=ADVANCED_FACE('',(#567),#1872,.F.);
#1975=ADVANCED_FACE('',(#568),#55,.F.);
#1976=CLOSED_SHELL('',(#1873,#1874,#1875,#1876,#1877,#1878,#1879,#1880,
#1881,#1882,#1883,#1884,#1885,#1886,#1887,#1888,#1889,#1890,#1891,#1892,
#1893,#1894,#1895,#1896,#1897,#1898,#1899,#1900,#1901,#1902,#1903,#1904,
#1905,#1906,#1907,#1908,#1909,#1910,#1911,#1912,#1913,#1914,#1915,#1916,
#1917,#1918,#1919,#1920,#1921,#1922,#1923,#1924,#1925,#1926,#1927,#1928,
#1929,#1930,#1931,#1932,#1933,#1934,#1935,#1936,#1937,#1938,#1939,#1940,
#1941,#1942,#1943,#1944,#1945,#1946,#1947,#1948,#1949,#1950,#1951,#1952,
#1953,#1954,#1955,#1956,#1957,#1958,#1959,#1960,#1961,#1962,#1963,#1964,
#1965,#1966,#1967,#1968,#1969,#1970,#1971,#1972,#1973,#1974,#1975));
#1977=DERIVED_UNIT_ELEMENT(#1979,1.);
#1978=DERIVED_UNIT_ELEMENT(#3332,-3.);
#1979=(
MASS_UNIT()
NAMED_UNIT(*)
SI_UNIT(.KILO.,.GRAM.)
);
#1980=DERIVED_UNIT((#1977,#1978));
#1981=MEASURE_REPRESENTATION_ITEM('density measure',
POSITIVE_RATIO_MEASURE(7850.),#1980);
#1982=PROPERTY_DEFINITION_REPRESENTATION(#1987,#1984);
#1983=PROPERTY_DEFINITION_REPRESENTATION(#1988,#1985);
#1984=REPRESENTATION('material name',(#1986),#3329);
#1985=REPRESENTATION('density',(#1981),#3329);
#1986=DESCRIPTIVE_REPRESENTATION_ITEM('Steel','Steel');
#1987=PROPERTY_DEFINITION('material property','material name',#3339);
#1988=PROPERTY_DEFINITION('material property','density of part',#3339);
#1989=AXIS2_PLACEMENT_3D('',#2758,#2181,#2182);
#1990=AXIS2_PLACEMENT_3D('',#2759,#2183,#2184);
#1991=AXIS2_PLACEMENT_3D('',#2761,#2185,#2186);
#1992=AXIS2_PLACEMENT_3D('',#2763,#2187,#2188);
#1993=AXIS2_PLACEMENT_3D('',#2764,#2189,#2190);
#1994=AXIS2_PLACEMENT_3D('',#2769,#2192,#2193);
#1995=AXIS2_PLACEMENT_3D('',#2771,#2194,#2195);
#1996=AXIS2_PLACEMENT_3D('',#2775,#2198,#2199);
#1997=AXIS2_PLACEMENT_3D('',#2778,#2201,#2202);
#1998=AXIS2_PLACEMENT_3D('',#2779,#2203,#2204);
#1999=AXIS2_PLACEMENT_3D('',#2788,#2209,#2210);
#2000=AXIS2_PLACEMENT_3D('',#2794,#2214,#2215);
#2001=AXIS2_PLACEMENT_3D('',#2799,#2219,#2220);
#2002=AXIS2_PLACEMENT_3D('',#2803,#2223,#2224);
#2003=AXIS2_PLACEMENT_3D('',#2804,#2225,#2226);
#2004=AXIS2_PLACEMENT_3D('',#2805,#2227,#2228);
#2005=AXIS2_PLACEMENT_3D('',#2806,#2229,#2230);
#2006=AXIS2_PLACEMENT_3D('',#2807,#2231,#2232);
#2007=AXIS2_PLACEMENT_3D('',#2809,#2233,#2234);
#2008=AXIS2_PLACEMENT_3D('',#2813,#2236,#2237);
#2009=AXIS2_PLACEMENT_3D('',#2815,#2238,#2239);
#2010=AXIS2_PLACEMENT_3D('',#2843,#2253,#2254);
#2011=AXIS2_PLACEMENT_3D('',#2847,#2256,#2257);
#2012=AXIS2_PLACEMENT_3D('',#2851,#2259,#2260);
#2013=AXIS2_PLACEMENT_3D('',#2854,#2262,#2263);
#2014=AXIS2_PLACEMENT_3D('',#2859,#2265,#2266);
#2015=AXIS2_PLACEMENT_3D('',#2863,#2268,#2269);
#2016=AXIS2_PLACEMENT_3D('',#2867,#2271,#2272);
#2017=AXIS2_PLACEMENT_3D('',#2870,#2274,#2275);
#2018=AXIS2_PLACEMENT_3D('',#2875,#2277,#2278);
#2019=AXIS2_PLACEMENT_3D('',#2879,#2280,#2281);
#2020=AXIS2_PLACEMENT_3D('',#2883,#2283,#2284);
#2021=AXIS2_PLACEMENT_3D('',#2886,#2286,#2287);
#2022=AXIS2_PLACEMENT_3D('',#2891,#2289,#2290);
#2023=AXIS2_PLACEMENT_3D('',#2895,#2292,#2293);
#2024=AXIS2_PLACEMENT_3D('',#2899,#2295,#2296);
#2025=AXIS2_PLACEMENT_3D('',#2902,#2298,#2299);
#2026=AXIS2_PLACEMENT_3D('',#2907,#2301,#2302);
#2027=AXIS2_PLACEMENT_3D('',#2911,#2304,#2305);
#2028=AXIS2_PLACEMENT_3D('',#2915,#2307,#2308);
#2029=AXIS2_PLACEMENT_3D('',#2918,#2310,#2311);
#2030=AXIS2_PLACEMENT_3D('',#2923,#2313,#2314);
#2031=AXIS2_PLACEMENT_3D('',#2927,#2316,#2317);
#2032=AXIS2_PLACEMENT_3D('',#2931,#2319,#2320);
#2033=AXIS2_PLACEMENT_3D('',#2934,#2322,#2323);
#2034=AXIS2_PLACEMENT_3D('',#2935,#2324,#2325);
#2035=AXIS2_PLACEMENT_3D('',#2937,#2326,#2327);
#2036=AXIS2_PLACEMENT_3D('',#2939,#2328,#2329);
#2037=AXIS2_PLACEMENT_3D('',#2940,#2330,#2331);
#2038=AXIS2_PLACEMENT_3D('',#2943,#2333,#2334);
#2039=AXIS2_PLACEMENT_3D('',#2944,#2335,#2336);
#2040=AXIS2_PLACEMENT_3D('',#2952,#2341,#2342);
#2041=AXIS2_PLACEMENT_3D('',#2958,#2346,#2347);
#2042=AXIS2_PLACEMENT_3D('',#2964,#2351,#2352);
#2043=AXIS2_PLACEMENT_3D('',#2966,#2353,#2354);
#2044=AXIS2_PLACEMENT_3D('',#2968,#2355,#2356);
#2045=AXIS2_PLACEMENT_3D('',#2970,#2358,#2359);
#2046=AXIS2_PLACEMENT_3D('',#2973,#2362,#2363);
#2047=AXIS2_PLACEMENT_3D('',#2978,#2366,#2367);
#2048=AXIS2_PLACEMENT_3D('',#2979,#2368,#2369);
#2049=AXIS2_PLACEMENT_3D('',#2980,#2370,#2371);
#2050=AXIS2_PLACEMENT_3D('',#2982,#2372,#2373);
#2051=AXIS2_PLACEMENT_3D('',#2984,#2374,#2375);
#2052=AXIS2_PLACEMENT_3D('',#2985,#2376,#2377);
#2053=AXIS2_PLACEMENT_3D('',#2987,#2378,#2379);
#2054=AXIS2_PLACEMENT_3D('',#2993,#2383,#2384);
#2055=AXIS2_PLACEMENT_3D('',#2994,#2385,#2386);
#2056=AXIS2_PLACEMENT_3D('',#2997,#2388,#2389);
#2057=AXIS2_PLACEMENT_3D('',#2998,#2390,#2391);
#2058=AXIS2_PLACEMENT_3D('',#3004,#2395,#2396);
#2059=AXIS2_PLACEMENT_3D('',#3008,#2399,#2400);
#2060=AXIS2_PLACEMENT_3D('',#3012,#2403,#2404);
#2061=AXIS2_PLACEMENT_3D('',#3016,#2407,#2408);
#2062=AXIS2_PLACEMENT_3D('',#3017,#2409,#2410);
#2063=AXIS2_PLACEMENT_3D('',#3018,#2411,#2412);
#2064=AXIS2_PLACEMENT_3D('',#3019,#2413,#2414);
#2065=AXIS2_PLACEMENT_3D('',#3021,#2415,#2416);
#2066=AXIS2_PLACEMENT_3D('',#3023,#2417,#2418);
#2067=AXIS2_PLACEMENT_3D('',#3024,#2419,#2420);
#2068=AXIS2_PLACEMENT_3D('',#3030,#2424,#2425);
#2069=AXIS2_PLACEMENT_3D('',#3033,#2427,#2428);
#2070=AXIS2_PLACEMENT_3D('',#3034,#2429,#2430);
#2071=AXIS2_PLACEMENT_3D('',#3042,#2435,#2436);
#2072=AXIS2_PLACEMENT_3D('',#3046,#2439,#2440);
#2073=AXIS2_PLACEMENT_3D('',#3050,#2443,#2444);
#2074=AXIS2_PLACEMENT_3D('',#3054,#2447,#2448);
#2075=AXIS2_PLACEMENT_3D('',#3060,#2452,#2453);
#2076=AXIS2_PLACEMENT_3D('',#3066,#2457,#2458);
#2077=AXIS2_PLACEMENT_3D('',#3068,#2459,#2460);
#2078=AXIS2_PLACEMENT_3D('',#3070,#2461,#2462);
#2079=AXIS2_PLACEMENT_3D('',#3072,#2464,#2465);
#2080=AXIS2_PLACEMENT_3D('',#3073,#2466,#2467);
#2081=AXIS2_PLACEMENT_3D('',#3075,#2468,#2469);
#2082=AXIS2_PLACEMENT_3D('',#3076,#2470,#2471);
#2083=AXIS2_PLACEMENT_3D('',#3077,#2472,#2473);
#2084=AXIS2_PLACEMENT_3D('',#3079,#2474,#2475);
#2085=AXIS2_PLACEMENT_3D('',#3081,#2477,#2478);
#2086=AXIS2_PLACEMENT_3D('',#3082,#2479,#2480);
#2087=AXIS2_PLACEMENT_3D('',#3084,#2481,#2482);
#2088=AXIS2_PLACEMENT_3D('',#3086,#2484,#2485);
#2089=AXIS2_PLACEMENT_3D('',#3090,#2487,#2488);
#2090=AXIS2_PLACEMENT_3D('',#3092,#2490,#2491);
#2091=AXIS2_PLACEMENT_3D('',#3096,#2493,#2494);
#2092=AXIS2_PLACEMENT_3D('',#3100,#2496,#2497);
#2093=AXIS2_PLACEMENT_3D('',#3104,#2499,#2500);
#2094=AXIS2_PLACEMENT_3D('',#3107,#2502,#2503);
#2095=AXIS2_PLACEMENT_3D('',#3112,#2505,#2506);
#2096=AXIS2_PLACEMENT_3D('',#3116,#2508,#2509);
#2097=AXIS2_PLACEMENT_3D('',#3120,#2511,#2512);
#2098=AXIS2_PLACEMENT_3D('',#3123,#2514,#2515);
#2099=AXIS2_PLACEMENT_3D('',#3128,#2517,#2518);
#2100=AXIS2_PLACEMENT_3D('',#3132,#2520,#2521);
#2101=AXIS2_PLACEMENT_3D('',#3136,#2523,#2524);
#2102=AXIS2_PLACEMENT_3D('',#3139,#2526,#2527);
#2103=AXIS2_PLACEMENT_3D('',#3144,#2529,#2530);
#2104=AXIS2_PLACEMENT_3D('',#3148,#2532,#2533);
#2105=AXIS2_PLACEMENT_3D('',#3152,#2535,#2536);
#2106=AXIS2_PLACEMENT_3D('',#3155,#2538,#2539);
#2107=AXIS2_PLACEMENT_3D('',#3160,#2541,#2542);
#2108=AXIS2_PLACEMENT_3D('',#3164,#2544,#2545);
#2109=AXIS2_PLACEMENT_3D('',#3168,#2547,#2548);
#2110=AXIS2_PLACEMENT_3D('',#3171,#2550,#2551);
#2111=AXIS2_PLACEMENT_3D('',#3176,#2553,#2554);
#2112=AXIS2_PLACEMENT_3D('',#3180,#2556,#2557);
#2113=AXIS2_PLACEMENT_3D('',#3184,#2559,#2560);
#2114=AXIS2_PLACEMENT_3D('',#3187,#2562,#2563);
#2115=AXIS2_PLACEMENT_3D('',#3192,#2565,#2566);
#2116=AXIS2_PLACEMENT_3D('',#3196,#2568,#2569);
#2117=AXIS2_PLACEMENT_3D('',#3200,#2571,#2572);
#2118=AXIS2_PLACEMENT_3D('',#3203,#2574,#2575);
#2119=AXIS2_PLACEMENT_3D('',#3205,#2576,#2577);
#2120=AXIS2_PLACEMENT_3D('',#3207,#2578,#2579);
#2121=AXIS2_PLACEMENT_3D('',#3209,#2580,#2581);
#2122=AXIS2_PLACEMENT_3D('',#3210,#2582,#2583);
#2123=AXIS2_PLACEMENT_3D('',#3212,#2585,#2586);
#2124=AXIS2_PLACEMENT_3D('',#3214,#2588,#2589);
#2125=AXIS2_PLACEMENT_3D('',#3217,#2592,#2593);
#2126=AXIS2_PLACEMENT_3D('',#3219,#2595,#2596);
#2127=AXIS2_PLACEMENT_3D('',#3221,#2598,#2599);
#2128=AXIS2_PLACEMENT_3D('',#3222,#2600,#2601);
#2129=AXIS2_PLACEMENT_3D('',#3224,#2603,#2604);
#2130=AXIS2_PLACEMENT_3D('',#3226,#2606,#2607);
#2131=AXIS2_PLACEMENT_3D('',#3228,#2609,#2610);
#2132=AXIS2_PLACEMENT_3D('',#3230,#2612,#2613);
#2133=AXIS2_PLACEMENT_3D('',#3231,#2614,#2615);
#2134=AXIS2_PLACEMENT_3D('',#3234,#2618,#2619);
#2135=AXIS2_PLACEMENT_3D('',#3236,#2621,#2622);
#2136=AXIS2_PLACEMENT_3D('',#3238,#2624,#2625);
#2137=AXIS2_PLACEMENT_3D('',#3240,#2627,#2628);
#2138=AXIS2_PLACEMENT_3D('',#3242,#2630,#2631);
#2139=AXIS2_PLACEMENT_3D('',#3244,#2633,#2634);
#2140=AXIS2_PLACEMENT_3D('',#3246,#2636,#2637);
#2141=AXIS2_PLACEMENT_3D('',#3247,#2638,#2639);
#2142=AXIS2_PLACEMENT_3D('',#3250,#2642,#2643);
#2143=AXIS2_PLACEMENT_3D('',#3252,#2645,#2646);
#2144=AXIS2_PLACEMENT_3D('',#3254,#2648,#2649);
#2145=AXIS2_PLACEMENT_3D('',#3256,#2651,#2652);
#2146=AXIS2_PLACEMENT_3D('',#3258,#2654,#2655);
#2147=AXIS2_PLACEMENT_3D('',#3260,#2657,#2658);
#2148=AXIS2_PLACEMENT_3D('',#3262,#2660,#2661);
#2149=AXIS2_PLACEMENT_3D('',#3263,#2662,#2663);
#2150=AXIS2_PLACEMENT_3D('',#3266,#2666,#2667);
#2151=AXIS2_PLACEMENT_3D('',#3268,#2669,#2670);
#2152=AXIS2_PLACEMENT_3D('',#3270,#2672,#2673);
#2153=AXIS2_PLACEMENT_3D('',#3272,#2675,#2676);
#2154=AXIS2_PLACEMENT_3D('',#3274,#2678,#2679);
#2155=AXIS2_PLACEMENT_3D('',#3276,#2681,#2682);
#2156=AXIS2_PLACEMENT_3D('',#3278,#2684,#2685);
#2157=AXIS2_PLACEMENT_3D('',#3279,#2686,#2687);
#2158=AXIS2_PLACEMENT_3D('',#3282,#2690,#2691);
#2159=AXIS2_PLACEMENT_3D('',#3284,#2693,#2694);
#2160=AXIS2_PLACEMENT_3D('',#3286,#2696,#2697);
#2161=AXIS2_PLACEMENT_3D('',#3288,#2699,#2700);
#2162=AXIS2_PLACEMENT_3D('',#3290,#2702,#2703);
#2163=AXIS2_PLACEMENT_3D('',#3292,#2705,#2706);
#2164=AXIS2_PLACEMENT_3D('',#3294,#2708,#2709);
#2165=AXIS2_PLACEMENT_3D('',#3295,#2710,#2711);
#2166=AXIS2_PLACEMENT_3D('',#3298,#2714,#2715);
#2167=AXIS2_PLACEMENT_3D('',#3300,#2717,#2718);
#2168=AXIS2_PLACEMENT_3D('',#3302,#2720,#2721);
#2169=AXIS2_PLACEMENT_3D('',#3304,#2723,#2724);
#2170=AXIS2_PLACEMENT_3D('',#3306,#2726,#2727);
#2171=AXIS2_PLACEMENT_3D('',#3308,#2729,#2730);
#2172=AXIS2_PLACEMENT_3D('',#3310,#2732,#2733);
#2173=AXIS2_PLACEMENT_3D('',#3311,#2734,#2735);
#2174=AXIS2_PLACEMENT_3D('',#3314,#2738,#2739);
#2175=AXIS2_PLACEMENT_3D('',#3316,#2741,#2742);
#2176=AXIS2_PLACEMENT_3D('',#3318,#2744,#2745);
#2177=AXIS2_PLACEMENT_3D('',#3320,#2747,#2748);
#2178=AXIS2_PLACEMENT_3D('',#3322,#2750,#2751);
#2179=AXIS2_PLACEMENT_3D('',#3324,#2753,#2754);
#2180=AXIS2_PLACEMENT_3D('',#3326,#2756,#2757);
#2181=DIRECTION('axis',(0.,0.,1.));
#2182=DIRECTION('refdir',(1.,0.,0.));
#2183=DIRECTION('center_axis',(0.,0.,1.));
#2184=DIRECTION('ref_axis',(-1.,0.,0.));
#2185=DIRECTION('center_axis',(0.,0.,1.));
#2186=DIRECTION('ref_axis',(1.,0.,0.));
#2187=DIRECTION('center_axis',(0.,0.,1.));
#2188=DIRECTION('ref_axis',(-1.,0.,0.));
#2189=DIRECTION('center_axis',(0.,0.,1.));
#2190=DIRECTION('ref_axis',(-1.,0.,0.));
#2191=DIRECTION('',(1.,0.,0.));
#2192=DIRECTION('center_axis',(0.,0.,1.));
#2193=DIRECTION('ref_axis',(0.707106781186547,0.707106781186547,0.));
#2194=DIRECTION('center_axis',(0.,0.,1.));
#2195=DIRECTION('ref_axis',(1.,0.,0.));
#2196=DIRECTION('',(-1.,0.,0.));
#2197=DIRECTION('',(0.,-1.,0.));
#2198=DIRECTION('center_axis',(0.,0.,1.));
#2199=DIRECTION('ref_axis',(-1.,0.,0.));
#2200=DIRECTION('',(0.,0.,-1.));
#2201=DIRECTION('center_axis',(0.,0.,1.));
#2202=DIRECTION('ref_axis',(-1.,0.,0.));
#2203=DIRECTION('center_axis',(1.,0.,0.));
#2204=DIRECTION('ref_axis',(0.,1.,0.));
#2205=DIRECTION('',(0.,1.,0.));
#2206=DIRECTION('',(0.,0.,1.));
#2207=DIRECTION('',(0.,1.,0.));
#2208=DIRECTION('',(0.,0.,1.));
#2209=DIRECTION('center_axis',(0.,-1.,0.));
#2210=DIRECTION('ref_axis',(1.,0.,0.));
#2211=DIRECTION('',(1.,0.,0.));
#2212=DIRECTION('',(1.,0.,0.));
#2213=DIRECTION('',(0.,0.,1.));
#2214=DIRECTION('center_axis',(-1.,0.,0.));
#2215=DIRECTION('ref_axis',(0.,-1.,0.));
#2216=DIRECTION('',(0.,-1.,0.));
#2217=DIRECTION('',(0.,-1.,0.));
#2218=DIRECTION('',(0.,0.,1.));
#2219=DIRECTION('center_axis',(0.,1.,0.));
#2220=DIRECTION('ref_axis',(-1.,0.,0.));
#2221=DIRECTION('',(-1.,0.,0.));
#2222=DIRECTION('',(0.,0.,1.));
#2223=DIRECTION('center_axis',(0.,0.,1.));
#2224=DIRECTION('ref_axis',(1.,0.,0.));
#2225=DIRECTION('center_axis',(0.,0.,1.));
#2226=DIRECTION('ref_axis',(1.,0.,0.));
#2227=DIRECTION('center_axis',(0.,0.,1.));
#2228=DIRECTION('ref_axis',(1.,0.,0.));
#2229=DIRECTION('center_axis',(0.,0.,1.));
#2230=DIRECTION('ref_axis',(-1.,0.,0.));
#2231=DIRECTION('center_axis',(0.,0.,1.));
#2232=DIRECTION('ref_axis',(1.,0.,0.));
#2233=DIRECTION('center_axis',(0.,0.,1.));
#2234=DIRECTION('ref_axis',(0.707106781186547,0.707106781186547,0.));
#2235=DIRECTION('',(0.,1.,0.));
#2236=DIRECTION('center_axis',(0.,0.,1.));
#2237=DIRECTION('ref_axis',(0.707106781186548,-0.707106781186547,0.));
#2238=DIRECTION('center_axis',(0.,0.,1.));
#2239=DIRECTION('ref_axis',(3.55271367880049E-15,-1.,0.));
#2240=DIRECTION('',(0.,1.,0.));
#2241=DIRECTION('',(-1.,0.,0.));
#2242=DIRECTION('',(0.,-1.,0.));
#2243=DIRECTION('',(-1.,0.,0.));
#2244=DIRECTION('',(-0.000380253151007301,0.999999927703768,0.));
#2245=DIRECTION('',(-1.,0.,0.));
#2246=DIRECTION('',(0.,1.,0.));
#2247=DIRECTION('',(-0.999999927703768,-0.000380253151007369,0.));
#2248=DIRECTION('',(0.,1.,0.));
#2249=DIRECTION('',(1.,0.,0.));
#2250=DIRECTION('',(0.,1.,0.));
#2251=DIRECTION('',(1.,0.,0.));
#2252=DIRECTION('',(-3.41607084500048E-16,1.,0.));
#2253=DIRECTION('center_axis',(0.,0.,1.));
#2254=DIRECTION('ref_axis',(1.,-8.88178419700132E-15,0.));
#2255=DIRECTION('',(-1.,0.,0.));
#2256=DIRECTION('center_axis',(0.,0.,1.));
#2257=DIRECTION('ref_axis',(0.,1.,0.));
#2258=DIRECTION('',(-6.83214169000096E-16,-1.,0.));
#2259=DIRECTION('center_axis',(0.,0.,1.));
#2260=DIRECTION('ref_axis',(-1.,0.,0.));
#2261=DIRECTION('',(1.,0.,0.));
#2262=DIRECTION('center_axis',(0.,0.,1.));
#2263=DIRECTION('ref_axis',(-1.33226762955019E-14,-1.,0.));
#2264=DIRECTION('',(-3.41607084500048E-16,1.,0.));
#2265=DIRECTION('center_axis',(0.,0.,1.));
#2266=DIRECTION('ref_axis',(1.,-8.88178419700132E-15,0.));
#2267=DIRECTION('',(-1.,0.,0.));
#2268=DIRECTION('center_axis',(0.,0.,1.));
#2269=DIRECTION('ref_axis',(0.,1.,0.));
#2270=DIRECTION('',(-6.83214169000096E-16,-1.,0.));
#2271=DIRECTION('center_axis',(0.,0.,1.));
#2272=DIRECTION('ref_axis',(-1.,0.,0.));
#2273=DIRECTION('',(1.,0.,0.));
#2274=DIRECTION('center_axis',(0.,0.,1.));
#2275=DIRECTION('ref_axis',(-1.33226762955019E-14,-1.,0.));
#2276=DIRECTION('',(-3.41607084500048E-16,1.,0.));
#2277=DIRECTION('center_axis',(0.,0.,1.));
#2278=DIRECTION('ref_axis',(1.,-8.88178419700132E-15,0.));
#2279=DIRECTION('',(-1.,0.,0.));
#2280=DIRECTION('center_axis',(0.,0.,1.));
#2281=DIRECTION('ref_axis',(0.,1.,0.));
#2282=DIRECTION('',(-6.83214169000096E-16,-1.,0.));
#2283=DIRECTION('center_axis',(0.,0.,1.));
#2284=DIRECTION('ref_axis',(-1.,0.,0.));
#2285=DIRECTION('',(1.,0.,0.));
#2286=DIRECTION('center_axis',(0.,0.,1.));
#2287=DIRECTION('ref_axis',(-1.33226762955019E-14,-1.,0.));
#2288=DIRECTION('',(-3.41607084500048E-16,1.,0.));
#2289=DIRECTION('center_axis',(0.,0.,1.));
#2290=DIRECTION('ref_axis',(1.,-8.88178419700132E-15,0.));
#2291=DIRECTION('',(-1.,0.,0.));
#2292=DIRECTION('center_axis',(0.,0.,1.));
#2293=DIRECTION('ref_axis',(0.,1.,0.));
#2294=DIRECTION('',(-6.83214169000096E-16,-1.,0.));
#2295=DIRECTION('center_axis',(0.,0.,1.));
#2296=DIRECTION('ref_axis',(-1.,0.,0.));
#2297=DIRECTION('',(1.,0.,0.));
#2298=DIRECTION('center_axis',(0.,0.,1.));
#2299=DIRECTION('ref_axis',(-1.33226762955019E-14,-1.,0.));
#2300=DIRECTION('',(-3.41607084500048E-16,1.,0.));
#2301=DIRECTION('center_axis',(0.,0.,1.));
#2302=DIRECTION('ref_axis',(1.,-8.88178419700132E-15,0.));
#2303=DIRECTION('',(-1.,0.,0.));
#2304=DIRECTION('center_axis',(0.,0.,1.));
#2305=DIRECTION('ref_axis',(0.,1.,0.));
#2306=DIRECTION('',(-6.83214169000096E-16,-1.,0.));
#2307=DIRECTION('center_axis',(0.,0.,1.));
#2308=DIRECTION('ref_axis',(-1.,0.,0.));
#2309=DIRECTION('',(1.,0.,0.));
#2310=DIRECTION('center_axis',(0.,0.,1.));
#2311=DIRECTION('ref_axis',(-1.33226762955019E-14,-1.,0.));
#2312=DIRECTION('',(-3.41607084500048E-16,1.,0.));
#2313=DIRECTION('center_axis',(0.,0.,1.));
#2314=DIRECTION('ref_axis',(1.,-8.88178419700132E-15,0.));
#2315=DIRECTION('',(-1.,0.,0.));
#2316=DIRECTION('center_axis',(0.,0.,1.));
#2317=DIRECTION('ref_axis',(0.,1.,0.));
#2318=DIRECTION('',(-6.83214169000096E-16,-1.,0.));
#2319=DIRECTION('center_axis',(0.,0.,1.));
#2320=DIRECTION('ref_axis',(-1.,0.,0.));
#2321=DIRECTION('',(1.,0.,0.));
#2322=DIRECTION('center_axis',(0.,0.,1.));
#2323=DIRECTION('ref_axis',(-1.33226762955019E-14,-1.,0.));
#2324=DIRECTION('center_axis',(0.,0.,1.));
#2325=DIRECTION('ref_axis',(-1.,0.,0.));
#2326=DIRECTION('center_axis',(0.,0.,1.));
#2327=DIRECTION('ref_axis',(1.,0.,0.));
#2328=DIRECTION('center_axis',(0.,0.,1.));
#2329=DIRECTION('ref_axis',(-1.,0.,0.));
#2330=DIRECTION('center_axis',(0.,0.,1.));
#2331=DIRECTION('ref_axis',(-1.,0.,0.));
#2332=DIRECTION('',(0.,0.,-1.));
#2333=DIRECTION('center_axis',(0.,0.,1.));
#2334=DIRECTION('ref_axis',(-1.,0.,0.));
#2335=DIRECTION('center_axis',(1.,0.,0.));
#2336=DIRECTION('ref_axis',(0.,1.,0.));
#2337=DIRECTION('',(0.,-1.,0.));
#2338=DIRECTION('',(0.,0.,1.));
#2339=DIRECTION('',(0.,1.,0.));
#2340=DIRECTION('',(0.,0.,1.));
#2341=DIRECTION('center_axis',(0.,-1.,0.));
#2342=DIRECTION('ref_axis',(1.,0.,0.));
#2343=DIRECTION('',(-1.,0.,0.));
#2344=DIRECTION('',(1.,0.,0.));
#2345=DIRECTION('',(0.,0.,1.));
#2346=DIRECTION('center_axis',(-1.,0.,0.));
#2347=DIRECTION('ref_axis',(0.,-1.,0.));
#2348=DIRECTION('',(0.,1.,0.));
#2349=DIRECTION('',(0.,-1.,0.));
#2350=DIRECTION('',(0.,0.,1.));
#2351=DIRECTION('center_axis',(0.,0.,1.));
#2352=DIRECTION('ref_axis',(6.10622663543836E-16,1.,0.));
#2353=DIRECTION('center_axis',(0.,0.,1.));
#2354=DIRECTION('ref_axis',(6.10622663543836E-16,1.,0.));
#2355=DIRECTION('center_axis',(0.,0.,1.));
#2356=DIRECTION('ref_axis',(6.10622663543836E-16,1.,0.));
#2357=DIRECTION('',(0.,0.,1.));
#2358=DIRECTION('center_axis',(0.,1.,0.));
#2359=DIRECTION('ref_axis',(-1.,0.,0.));
#2360=DIRECTION('',(1.,0.,0.));
#2361=DIRECTION('',(-1.,0.,0.));
#2362=DIRECTION('center_axis',(0.,0.,1.));
#2363=DIRECTION('ref_axis',(-1.,0.,0.));
#2364=DIRECTION('',(1.,0.,0.));
#2365=DIRECTION('',(0.,1.,0.));
#2366=DIRECTION('center_axis',(0.,0.,1.));
#2367=DIRECTION('ref_axis',(-0.707106781186547,0.707106781186547,0.));
#2368=DIRECTION('center_axis',(0.,0.,1.));
#2369=DIRECTION('ref_axis',(-1.,0.,0.));
#2370=DIRECTION('center_axis',(0.,0.,1.));
#2371=DIRECTION('ref_axis',(-1.,0.,0.));
#2372=DIRECTION('center_axis',(0.,0.,1.));
#2373=DIRECTION('ref_axis',(1.,0.,0.));
#2374=DIRECTION('center_axis',(0.,0.,1.));
#2375=DIRECTION('ref_axis',(-1.,0.,0.));
#2376=DIRECTION('center_axis',(0.,0.,1.));
#2377=DIRECTION('ref_axis',(-1.,0.,0.));
#2378=DIRECTION('center_axis',(0.,0.,1.));
#2379=DIRECTION('ref_axis',(0.707106781186548,-0.707106781186547,0.));
#2380=DIRECTION('',(-1.,0.,0.));
#2381=DIRECTION('',(0.,-1.,0.));
#2382=DIRECTION('',(1.,-1.02183435308344E-16,0.));
#2383=DIRECTION('center_axis',(0.,0.,1.));
#2384=DIRECTION('ref_axis',(3.55271367880049E-15,-1.,0.));
#2385=DIRECTION('center_axis',(0.,0.,1.));
#2386=DIRECTION('ref_axis',(-1.,0.,0.));
#2387=DIRECTION('',(0.,0.,-1.));
#2388=DIRECTION('center_axis',(0.,0.,1.));
#2389=DIRECTION('ref_axis',(-1.,0.,0.));
#2390=DIRECTION('center_axis',(-1.02183435308344E-16,-1.,0.));
#2391=DIRECTION('ref_axis',(1.,-1.02183435308344E-16,0.));
#2392=DIRECTION('',(1.,-1.02183435308344E-16,0.));
#2393=DIRECTION('',(0.,0.,1.));
#2394=DIRECTION('',(0.,0.,1.));
#2395=DIRECTION('center_axis',(-1.,0.,0.));
#2396=DIRECTION('ref_axis',(0.,-1.,0.));
#2397=DIRECTION('',(0.,-1.,0.));
#2398=DIRECTION('',(0.,0.,1.));
#2399=DIRECTION('center_axis',(0.,1.,0.));
#2400=DIRECTION('ref_axis',(-1.,0.,0.));
#2401=DIRECTION('',(-1.,0.,0.));
#2402=DIRECTION('',(0.,0.,1.));
#2403=DIRECTION('center_axis',(1.,0.,0.));
#2404=DIRECTION('ref_axis',(0.,1.,0.));
#2405=DIRECTION('',(0.,1.,0.));
#2406=DIRECTION('',(0.,0.,1.));
#2407=DIRECTION('center_axis',(0.,0.,1.));
#2408=DIRECTION('ref_axis',(3.55271367880049E-15,-1.,0.));
#2409=DIRECTION('center_axis',(0.,0.,1.));
#2410=DIRECTION('ref_axis',(3.55271367880049E-15,-1.,0.));
#2411=DIRECTION('center_axis',(0.,0.,1.));
#2412=DIRECTION('ref_axis',(-1.,0.,0.));
#2413=DIRECTION('center_axis',(0.,0.,1.));
#2414=DIRECTION('ref_axis',(-1.,0.,0.));
#2415=DIRECTION('center_axis',(0.,0.,1.));
#2416=DIRECTION('ref_axis',(-1.,0.,0.));
#2417=DIRECTION('center_axis',(0.,0.,1.));
#2418=DIRECTION('ref_axis',(-1.,0.,0.));
#2419=DIRECTION('center_axis',(0.,0.,1.));
#2420=DIRECTION('ref_axis',(-1.,0.,0.));
#2421=DIRECTION('',(0.,1.,0.));
#2422=DIRECTION('',(-0.999999927703768,-0.000380253151007369,0.));
#2423=DIRECTION('',(0.000380253151007399,-0.999999927703768,0.));
#2424=DIRECTION('center_axis',(0.,0.,1.));
#2425=DIRECTION('ref_axis',(-1.,0.,0.));
#2426=DIRECTION('',(0.,0.,-1.));
#2427=DIRECTION('center_axis',(0.,0.,1.));
#2428=DIRECTION('ref_axis',(-1.,0.,0.));
#2429=DIRECTION('center_axis',(-0.999999927703768,-0.000380253151007399,
0.));
#2430=DIRECTION('ref_axis',(0.000380253151007399,-0.999999927703768,0.));
#2431=DIRECTION('',(0.000380253151007399,-0.999999927703768,0.));
#2432=DIRECTION('',(0.,0.,1.));
#2433=DIRECTION('',(0.000380253151007399,-0.999999927703768,0.));
#2434=DIRECTION('',(0.,0.,1.));
#2435=DIRECTION('center_axis',(-0.000380253151007369,0.999999927703768,
0.));
#2436=DIRECTION('ref_axis',(-0.999999927703768,-0.000380253151007369,0.));
#2437=DIRECTION('',(-0.999999927703768,-0.000380253151007369,0.));
#2438=DIRECTION('',(0.,0.,1.));
#2439=DIRECTION('center_axis',(1.,0.,0.));
#2440=DIRECTION('ref_axis',(0.,1.,0.));
#2441=DIRECTION('',(0.,1.,0.));
#2442=DIRECTION('',(0.,0.,1.));
#2443=DIRECTION('center_axis',(0.,1.,0.));
#2444=DIRECTION('ref_axis',(-1.,0.,0.));
#2445=DIRECTION('',(-1.,0.,0.));
#2446=DIRECTION('',(0.,0.,1.));
#2447=DIRECTION('center_axis',(0.999999927703768,0.000380253151007301,0.));
#2448=DIRECTION('ref_axis',(-0.000380253151007301,0.999999927703768,0.));
#2449=DIRECTION('',(-0.000380253151007301,0.999999927703768,0.));
#2450=DIRECTION('',(-0.000380253151007301,0.999999927703768,0.));
#2451=DIRECTION('',(0.,0.,1.));
#2452=DIRECTION('center_axis',(-1.34956910548247E-17,-1.,0.));
#2453=DIRECTION('ref_axis',(1.,-1.34956910548247E-17,0.));
#2454=DIRECTION('',(1.,-1.34956910548247E-17,0.));
#2455=DIRECTION('',(1.,-1.34956910548247E-17,0.));
#2456=DIRECTION('',(0.,0.,1.));
#2457=DIRECTION('center_axis',(0.,0.,1.));
#2458=DIRECTION('ref_axis',(-1.,-1.66533453693773E-16,0.));
#2459=DIRECTION('center_axis',(0.,0.,1.));
#2460=DIRECTION('ref_axis',(-1.,-1.66533453693773E-16,0.));
#2461=DIRECTION('center_axis',(0.,0.,1.));
#2462=DIRECTION('ref_axis',(-1.,-1.66533453693773E-16,0.));
#2463=DIRECTION('',(0.,0.,1.));
#2464=DIRECTION('center_axis',(0.,0.,1.));
#2465=DIRECTION('ref_axis',(-0.999999927703768,-0.000380253151007038,0.));
#2466=DIRECTION('center_axis',(0.,0.,1.));
#2467=DIRECTION('ref_axis',(-0.999999927703768,-0.000380253151007038,0.));
#2468=DIRECTION('center_axis',(0.,0.,1.));
#2469=DIRECTION('ref_axis',(-0.999999927703768,-0.000380253151007038,0.));
#2470=DIRECTION('center_axis',(0.,0.,1.));
#2471=DIRECTION('ref_axis',(-0.999999927703768,-0.000380253151007038,0.));
#2472=DIRECTION('center_axis',(0.,0.,1.));
#2473=DIRECTION('ref_axis',(-1.,0.,0.));
#2474=DIRECTION('center_axis',(0.,0.,1.));
#2475=DIRECTION('ref_axis',(-0.707106781186548,-0.707106781186547,0.));
#2476=DIRECTION('',(-1.,0.,0.));
#2477=DIRECTION('center_axis',(0.,0.,1.));
#2478=DIRECTION('ref_axis',(-1.,0.,0.));
#2479=DIRECTION('center_axis',(0.,0.,1.));
#2480=DIRECTION('ref_axis',(1.,0.,0.));
#2481=DIRECTION('center_axis',(0.,0.,1.));
#2482=DIRECTION('ref_axis',(-0.707106781186548,-0.707106781186547,0.));
#2483=DIRECTION('',(0.,1.,0.));
#2484=DIRECTION('center_axis',(0.,0.,-1.));
#2485=DIRECTION('ref_axis',(-0.707106781186547,0.707106781186547,0.));
#2486=DIRECTION('',(0.,0.,1.));
#2487=DIRECTION('center_axis',(0.,0.,-1.));
#2488=DIRECTION('ref_axis',(-0.707106781186547,0.707106781186547,0.));
#2489=DIRECTION('',(0.,0.,-1.));
#2490=DIRECTION('center_axis',(0.,0.,1.));
#2491=DIRECTION('ref_axis',(1.,0.,0.));
#2492=DIRECTION('',(0.,1.,0.));
#2493=DIRECTION('center_axis',(0.,0.,-1.));
#2494=DIRECTION('ref_axis',(-0.707106781186548,-0.707106781186547,0.));
#2495=DIRECTION('',(-1.,0.,0.));
#2496=DIRECTION('center_axis',(0.,0.,-1.));
#2497=DIRECTION('ref_axis',(0.707106781186548,-0.707106781186547,0.));
#2498=DIRECTION('',(0.,-1.,0.));
#2499=DIRECTION('center_axis',(0.,0.,-1.));
#2500=DIRECTION('ref_axis',(0.707106781186547,0.707106781186547,0.));
#2501=DIRECTION('',(1.,0.,0.));
#2502=DIRECTION('center_axis',(0.,0.,-1.));
#2503=DIRECTION('ref_axis',(1.,0.,0.));
#2504=DIRECTION('',(3.41607084500048E-16,-1.,0.));
#2505=DIRECTION('center_axis',(0.,0.,-1.));
#2506=DIRECTION('ref_axis',(-1.33226762955019E-14,-1.,0.));
#2507=DIRECTION('',(-1.,0.,0.));
#2508=DIRECTION('center_axis',(0.,0.,-1.));
#2509=DIRECTION('ref_axis',(-1.,0.,0.));
#2510=DIRECTION('',(6.83214169000096E-16,1.,0.));
#2511=DIRECTION('center_axis',(0.,0.,-1.));
#2512=DIRECTION('ref_axis',(0.,1.,0.));
#2513=DIRECTION('',(1.,0.,0.));
#2514=DIRECTION('center_axis',(0.,0.,-1.));
#2515=DIRECTION('ref_axis',(1.,-8.88178419700132E-15,0.));
#2516=DIRECTION('',(3.41607084500048E-16,-1.,0.));
#2517=DIRECTION('center_axis',(0.,0.,-1.));
#2518=DIRECTION('ref_axis',(-1.33226762955019E-14,-1.,0.));
#2519=DIRECTION('',(-1.,0.,0.));
#2520=DIRECTION('center_axis',(0.,0.,-1.));
#2521=DIRECTION('ref_axis',(-1.,0.,0.));
#2522=DIRECTION('',(6.83214169000096E-16,1.,0.));
#2523=DIRECTION('center_axis',(0.,0.,-1.));
#2524=DIRECTION('ref_axis',(0.,1.,0.));
#2525=DIRECTION('',(1.,0.,0.));
#2526=DIRECTION('center_axis',(0.,0.,-1.));
#2527=DIRECTION('ref_axis',(1.,-8.88178419700132E-15,0.));
#2528=DIRECTION('',(3.41607084500048E-16,-1.,0.));
#2529=DIRECTION('center_axis',(0.,0.,-1.));
#2530=DIRECTION('ref_axis',(-1.33226762955019E-14,-1.,0.));
#2531=DIRECTION('',(-1.,0.,0.));
#2532=DIRECTION('center_axis',(0.,0.,-1.));
#2533=DIRECTION('ref_axis',(-1.,0.,0.));
#2534=DIRECTION('',(6.83214169000096E-16,1.,0.));
#2535=DIRECTION('center_axis',(0.,0.,-1.));
#2536=DIRECTION('ref_axis',(0.,1.,0.));
#2537=DIRECTION('',(1.,0.,0.));
#2538=DIRECTION('center_axis',(0.,0.,-1.));
#2539=DIRECTION('ref_axis',(1.,-8.88178419700132E-15,0.));
#2540=DIRECTION('',(3.41607084500048E-16,-1.,0.));
#2541=DIRECTION('center_axis',(0.,0.,-1.));
#2542=DIRECTION('ref_axis',(-1.33226762955019E-14,-1.,0.));
#2543=DIRECTION('',(-1.,0.,0.));
#2544=DIRECTION('center_axis',(0.,0.,-1.));
#2545=DIRECTION('ref_axis',(-1.,0.,0.));
#2546=DIRECTION('',(6.83214169000096E-16,1.,0.));
#2547=DIRECTION('center_axis',(0.,0.,-1.));
#2548=DIRECTION('ref_axis',(0.,1.,0.));
#2549=DIRECTION('',(1.,0.,0.));
#2550=DIRECTION('center_axis',(0.,0.,-1.));
#2551=DIRECTION('ref_axis',(1.,-8.88178419700132E-15,0.));
#2552=DIRECTION('',(3.41607084500048E-16,-1.,0.));
#2553=DIRECTION('center_axis',(0.,0.,-1.));
#2554=DIRECTION('ref_axis',(-1.33226762955019E-14,-1.,0.));
#2555=DIRECTION('',(-1.,0.,0.));
#2556=DIRECTION('center_axis',(0.,0.,-1.));
#2557=DIRECTION('ref_axis',(-1.,0.,0.));
#2558=DIRECTION('',(6.83214169000096E-16,1.,0.));
#2559=DIRECTION('center_axis',(0.,0.,-1.));
#2560=DIRECTION('ref_axis',(0.,1.,0.));
#2561=DIRECTION('',(1.,0.,0.));
#2562=DIRECTION('center_axis',(0.,0.,-1.));
#2563=DIRECTION('ref_axis',(1.,-8.88178419700132E-15,0.));
#2564=DIRECTION('',(3.41607084500048E-16,-1.,0.));
#2565=DIRECTION('center_axis',(0.,0.,-1.));
#2566=DIRECTION('ref_axis',(-1.33226762955019E-14,-1.,0.));
#2567=DIRECTION('',(-1.,0.,0.));
#2568=DIRECTION('center_axis',(0.,0.,-1.));
#2569=DIRECTION('ref_axis',(-1.,0.,0.));
#2570=DIRECTION('',(6.83214169000096E-16,1.,0.));
#2571=DIRECTION('center_axis',(0.,0.,-1.));
#2572=DIRECTION('ref_axis',(0.,1.,0.));
#2573=DIRECTION('',(1.,0.,0.));
#2574=DIRECTION('center_axis',(0.,0.,-1.));
#2575=DIRECTION('ref_axis',(1.,-8.88178419700132E-15,0.));
#2576=DIRECTION('center_axis',(0.,0.,-1.));
#2577=DIRECTION('ref_axis',(1.,0.,0.));
#2578=DIRECTION('center_axis',(0.,0.,-1.));
#2579=DIRECTION('ref_axis',(-1.,0.,0.));
#2580=DIRECTION('center_axis',(0.,0.,-1.));
#2581=DIRECTION('ref_axis',(1.,0.,0.));
#2582=DIRECTION('center_axis',(-1.,0.,0.));
#2583=DIRECTION('ref_axis',(0.,1.,0.));
#2584=DIRECTION('',(0.,0.,-1.));
#2585=DIRECTION('center_axis',(0.,0.,1.));
#2586=DIRECTION('ref_axis',(-0.707106781186548,-0.707106781186547,0.));
#2587=DIRECTION('',(0.,0.,1.));
#2588=DIRECTION('center_axis',(0.,0.,-1.));
#2589=DIRECTION('ref_axis',(0.707106781186548,-0.707106781186547,0.));
#2590=DIRECTION('',(0.,0.,1.));
#2591=DIRECTION('',(0.,0.,-1.));
#2592=DIRECTION('center_axis',(1.,0.,0.));
#2593=DIRECTION('ref_axis',(0.,0.,-1.));
#2594=DIRECTION('',(0.,0.,-1.));
#2595=DIRECTION('center_axis',(0.,0.,1.));
#2596=DIRECTION('ref_axis',(0.707106781186547,0.707106781186547,0.));
#2597=DIRECTION('',(0.,0.,1.));
#2598=DIRECTION('center_axis',(0.,1.,0.));
#2599=DIRECTION('ref_axis',(1.,0.,0.));
#2600=DIRECTION('center_axis',(0.,0.,1.));
#2601=DIRECTION('ref_axis',(1.,0.,0.));
#2602=DIRECTION('',(0.,0.,1.));
#2603=DIRECTION('center_axis',(0.,0.,1.));
#2604=DIRECTION('ref_axis',(1.,0.,0.));
#2605=DIRECTION('',(0.,0.,1.));
#2606=DIRECTION('center_axis',(0.,0.,1.));
#2607=DIRECTION('ref_axis',(-1.,0.,0.));
#2608=DIRECTION('',(0.,0.,1.));
#2609=DIRECTION('center_axis',(0.,0.,1.));
#2610=DIRECTION('ref_axis',(1.,0.,0.));
#2611=DIRECTION('',(0.,0.,1.));
#2612=DIRECTION('center_axis',(0.,-1.,0.));
#2613=DIRECTION('ref_axis',(-1.,0.,0.));
#2614=DIRECTION('center_axis',(-1.,6.83214169000096E-16,0.));
#2615=DIRECTION('ref_axis',(-6.83214169000096E-16,-1.,0.));
#2616=DIRECTION('',(0.,0.,1.));
#2617=DIRECTION('',(0.,0.,1.));
#2618=DIRECTION('center_axis',(0.,0.,1.));
#2619=DIRECTION('ref_axis',(0.,1.,0.));
#2620=DIRECTION('',(0.,0.,1.));
#2621=DIRECTION('center_axis',(0.,1.,0.));
#2622=DIRECTION('ref_axis',(-1.,0.,0.));
#2623=DIRECTION('',(0.,0.,1.));
#2624=DIRECTION('center_axis',(0.,0.,1.));
#2625=DIRECTION('ref_axis',(1.,-8.88178419700132E-15,0.));
#2626=DIRECTION('',(0.,0.,1.));
#2627=DIRECTION('center_axis',(1.,3.41607084500048E-16,0.));
#2628=DIRECTION('ref_axis',(-3.41607084500048E-16,1.,0.));
#2629=DIRECTION('',(0.,0.,1.));
#2630=DIRECTION('center_axis',(0.,0.,1.));
#2631=DIRECTION('ref_axis',(-1.33226762955019E-14,-1.,0.));
#2632=DIRECTION('',(0.,0.,1.));
#2633=DIRECTION('center_axis',(0.,-1.,0.));
#2634=DIRECTION('ref_axis',(1.,0.,0.));
#2635=DIRECTION('',(0.,0.,1.));
#2636=DIRECTION('center_axis',(0.,0.,1.));
#2637=DIRECTION('ref_axis',(-1.,0.,0.));
#2638=DIRECTION('center_axis',(-1.,6.83214169000096E-16,0.));
#2639=DIRECTION('ref_axis',(-6.83214169000096E-16,-1.,0.));
#2640=DIRECTION('',(0.,0.,1.));
#2641=DIRECTION('',(0.,0.,1.));
#2642=DIRECTION('center_axis',(0.,0.,1.));
#2643=DIRECTION('ref_axis',(0.,1.,0.));
#2644=DIRECTION('',(0.,0.,1.));
#2645=DIRECTION('center_axis',(0.,1.,0.));
#2646=DIRECTION('ref_axis',(-1.,0.,0.));
#2647=DIRECTION('',(0.,0.,1.));
#2648=DIRECTION('center_axis',(0.,0.,1.));
#2649=DIRECTION('ref_axis',(1.,-8.88178419700132E-15,0.));
#2650=DIRECTION('',(0.,0.,1.));
#2651=DIRECTION('center_axis',(1.,3.41607084500048E-16,0.));
#2652=DIRECTION('ref_axis',(-3.41607084500048E-16,1.,0.));
#2653=DIRECTION('',(0.,0.,1.));
#2654=DIRECTION('center_axis',(0.,0.,1.));
#2655=DIRECTION('ref_axis',(-1.33226762955019E-14,-1.,0.));
#2656=DIRECTION('',(0.,0.,1.));
#2657=DIRECTION('center_axis',(0.,-1.,0.));
#2658=DIRECTION('ref_axis',(1.,0.,0.));
#2659=DIRECTION('',(0.,0.,1.));
#2660=DIRECTION('center_axis',(0.,0.,1.));
#2661=DIRECTION('ref_axis',(-1.,0.,0.));
#2662=DIRECTION('center_axis',(-1.,6.83214169000096E-16,0.));
#2663=DIRECTION('ref_axis',(-6.83214169000096E-16,-1.,0.));
#2664=DIRECTION('',(0.,0.,1.));
#2665=DIRECTION('',(0.,0.,1.));
#2666=DIRECTION('center_axis',(0.,0.,1.));
#2667=DIRECTION('ref_axis',(0.,1.,0.));
#2668=DIRECTION('',(0.,0.,1.));
#2669=DIRECTION('center_axis',(0.,1.,0.));
#2670=DIRECTION('ref_axis',(-1.,0.,0.));
#2671=DIRECTION('',(0.,0.,1.));
#2672=DIRECTION('center_axis',(0.,0.,1.));
#2673=DIRECTION('ref_axis',(1.,-8.88178419700132E-15,0.));
#2674=DIRECTION('',(0.,0.,1.));
#2675=DIRECTION('center_axis',(1.,3.41607084500048E-16,0.));
#2676=DIRECTION('ref_axis',(-3.41607084500048E-16,1.,0.));
#2677=DIRECTION('',(0.,0.,1.));
#2678=DIRECTION('center_axis',(0.,0.,1.));
#2679=DIRECTION('ref_axis',(-1.33226762955019E-14,-1.,0.));
#2680=DIRECTION('',(0.,0.,1.));
#2681=DIRECTION('center_axis',(0.,-1.,0.));
#2682=DIRECTION('ref_axis',(1.,0.,0.));
#2683=DIRECTION('',(0.,0.,1.));
#2684=DIRECTION('center_axis',(0.,0.,1.));
#2685=DIRECTION('ref_axis',(-1.,0.,0.));
#2686=DIRECTION('center_axis',(-1.,6.83214169000096E-16,0.));
#2687=DIRECTION('ref_axis',(-6.83214169000096E-16,-1.,0.));
#2688=DIRECTION('',(0.,0.,1.));
#2689=DIRECTION('',(0.,0.,1.));
#2690=DIRECTION('center_axis',(0.,0.,1.));
#2691=DIRECTION('ref_axis',(0.,1.,0.));
#2692=DIRECTION('',(0.,0.,1.));
#2693=DIRECTION('center_axis',(0.,1.,0.));
#2694=DIRECTION('ref_axis',(-1.,0.,0.));
#2695=DIRECTION('',(0.,0.,1.));
#2696=DIRECTION('center_axis',(0.,0.,1.));
#2697=DIRECTION('ref_axis',(1.,-8.88178419700132E-15,0.));
#2698=DIRECTION('',(0.,0.,1.));
#2699=DIRECTION('center_axis',(1.,3.41607084500048E-16,0.));
#2700=DIRECTION('ref_axis',(-3.41607084500048E-16,1.,0.));
#2701=DIRECTION('',(0.,0.,1.));
#2702=DIRECTION('center_axis',(0.,0.,1.));
#2703=DIRECTION('ref_axis',(-1.33226762955019E-14,-1.,0.));
#2704=DIRECTION('',(0.,0.,1.));
#2705=DIRECTION('center_axis',(0.,-1.,0.));
#2706=DIRECTION('ref_axis',(1.,0.,0.));
#2707=DIRECTION('',(0.,0.,1.));
#2708=DIRECTION('center_axis',(0.,0.,1.));
#2709=DIRECTION('ref_axis',(-1.,0.,0.));
#2710=DIRECTION('center_axis',(-1.,6.83214169000096E-16,0.));
#2711=DIRECTION('ref_axis',(-6.83214169000096E-16,-1.,0.));
#2712=DIRECTION('',(0.,0.,1.));
#2713=DIRECTION('',(0.,0.,1.));
#2714=DIRECTION('center_axis',(0.,0.,1.));
#2715=DIRECTION('ref_axis',(0.,1.,0.));
#2716=DIRECTION('',(0.,0.,1.));
#2717=DIRECTION('center_axis',(0.,1.,0.));
#2718=DIRECTION('ref_axis',(-1.,0.,0.));
#2719=DIRECTION('',(0.,0.,1.));
#2720=DIRECTION('center_axis',(0.,0.,1.));
#2721=DIRECTION('ref_axis',(1.,-8.88178419700132E-15,0.));
#2722=DIRECTION('',(0.,0.,1.));
#2723=DIRECTION('center_axis',(1.,3.41607084500048E-16,0.));
#2724=DIRECTION('ref_axis',(-3.41607084500048E-16,1.,0.));
#2725=DIRECTION('',(0.,0.,1.));
#2726=DIRECTION('center_axis',(0.,0.,1.));
#2727=DIRECTION('ref_axis',(-1.33226762955019E-14,-1.,0.));
#2728=DIRECTION('',(0.,0.,1.));
#2729=DIRECTION('center_axis',(0.,-1.,0.));
#2730=DIRECTION('ref_axis',(1.,0.,0.));
#2731=DIRECTION('',(0.,0.,1.));
#2732=DIRECTION('center_axis',(0.,0.,1.));
#2733=DIRECTION('ref_axis',(-1.,0.,0.));
#2734=DIRECTION('center_axis',(-1.,6.83214169000096E-16,0.));
#2735=DIRECTION('ref_axis',(-6.83214169000096E-16,-1.,0.));
#2736=DIRECTION('',(0.,0.,1.));
#2737=DIRECTION('',(0.,0.,1.));
#2738=DIRECTION('center_axis',(0.,0.,1.));
#2739=DIRECTION('ref_axis',(0.,1.,0.));
#2740=DIRECTION('',(0.,0.,1.));
#2741=DIRECTION('center_axis',(0.,1.,0.));
#2742=DIRECTION('ref_axis',(-1.,0.,0.));
#2743=DIRECTION('',(0.,0.,1.));
#2744=DIRECTION('center_axis',(0.,0.,1.));
#2745=DIRECTION('ref_axis',(1.,-8.88178419700132E-15,0.));
#2746=DIRECTION('',(0.,0.,1.));
#2747=DIRECTION('center_axis',(1.,3.41607084500048E-16,0.));
#2748=DIRECTION('ref_axis',(-3.41607084500048E-16,1.,0.));
#2749=DIRECTION('',(0.,0.,1.));
#2750=DIRECTION('center_axis',(0.,0.,1.));
#2751=DIRECTION('ref_axis',(-1.33226762955019E-14,-1.,0.));
#2752=DIRECTION('',(0.,0.,1.));
#2753=DIRECTION('center_axis',(0.,-1.,0.));
#2754=DIRECTION('ref_axis',(1.,0.,0.));
#2755=DIRECTION('',(0.,0.,1.));
#2756=DIRECTION('center_axis',(0.,0.,1.));
#2757=DIRECTION('ref_axis',(-1.,0.,0.));
#2758=CARTESIAN_POINT('',(0.,0.,0.));
#2759=CARTESIAN_POINT('Origin',(84.361252320355,73.77575,30.157));
#2760=CARTESIAN_POINT('',(81.175,74.05,30.157));
#2761=CARTESIAN_POINT('Origin',(84.175,74.05,30.157));
#2762=CARTESIAN_POINT('',(85.675,74.05,30.157));
#2763=CARTESIAN_POINT('Origin',(84.175,74.05,30.157));
#2764=CARTESIAN_POINT('Origin',(84.361252320355,73.77575,30.157));
#2765=CARTESIAN_POINT('',(79.89000464071,78.751,30.157));
#2766=CARTESIAN_POINT('',(83.833,78.751,30.157));
#2767=CARTESIAN_POINT('',(21.6885,78.751,30.157));
#2768=CARTESIAN_POINT('',(87.3682838970994,77.2867838970884,30.157));
#2769=CARTESIAN_POINT('Origin',(83.833,73.751,30.157));
#2770=CARTESIAN_POINT('',(83.8325,78.7515,30.157));
#2771=CARTESIAN_POINT('Origin',(83.8325,73.7515,30.157));
#2772=CARTESIAN_POINT('',(79.89000464071,78.7515,30.157));
#2773=CARTESIAN_POINT('',(83.8325,78.7515,30.157));
#2774=CARTESIAN_POINT('',(79.89000464071,78.7515,30.157));
#2775=CARTESIAN_POINT('Origin',(84.175,74.05,28.157));
#2776=CARTESIAN_POINT('',(85.675,74.05,28.157));
#2777=CARTESIAN_POINT('',(85.675,74.05,28.157));
#2778=CARTESIAN_POINT('Origin',(84.175,74.05,28.157));
#2779=CARTESIAN_POINT('Origin',(88.8325,68.8,28.157));
#2780=CARTESIAN_POINT('',(88.8325,68.8,28.157));
#2781=CARTESIAN_POINT('',(88.8325,73.7515,28.157));
#2782=CARTESIAN_POINT('',(88.8325,68.8,28.157));
#2783=CARTESIAN_POINT('',(88.8325,73.7515,30.157));
#2784=CARTESIAN_POINT('',(88.8325,73.7515,28.157));
#2785=CARTESIAN_POINT('',(88.8325,68.8,30.157));
#2786=CARTESIAN_POINT('',(88.8325,54.501,30.157));
#2787=CARTESIAN_POINT('',(88.8325,68.8,28.157));
#2788=CARTESIAN_POINT('Origin',(79.89000464071,68.8,28.157));
#2789=CARTESIAN_POINT('',(79.89000464071,68.8,28.157));
#2790=CARTESIAN_POINT('',(79.89000464071,68.8,28.157));
#2791=CARTESIAN_POINT('',(79.89000464071,68.8,30.157));
#2792=CARTESIAN_POINT('',(61.633502320355,68.8,30.157));
#2793=CARTESIAN_POINT('',(79.89000464071,68.8,28.157));
#2794=CARTESIAN_POINT('Origin',(79.89000464071,78.7515,28.157));
#2795=CARTESIAN_POINT('',(79.89000464071,78.7515,28.157));
#2796=CARTESIAN_POINT('',(79.89000464071,78.7515,28.157));
#2797=CARTESIAN_POINT('',(79.89000464071,59.47675,30.157));
#2798=CARTESIAN_POINT('',(79.89000464071,78.7515,28.157));
#2799=CARTESIAN_POINT('Origin',(83.8325,78.7515,28.157));
#2800=CARTESIAN_POINT('',(83.8325,78.7515,28.157));
#2801=CARTESIAN_POINT('',(83.8325,78.7515,28.157));
#2802=CARTESIAN_POINT('',(83.8325,78.7515,28.157));
#2803=CARTESIAN_POINT('Origin',(83.8325,73.7515,28.157));
#2804=CARTESIAN_POINT('Origin',(83.8325,73.7515,28.157));
#2805=CARTESIAN_POINT('Origin',(83.8325,73.7515,30.157));
#2806=CARTESIAN_POINT('Origin',(84.361252320355,73.77575,28.157));
#2807=CARTESIAN_POINT('Origin',(43.377,40.202,30.157));
#2808=CARTESIAN_POINT('',(88.833,73.751,30.157));
#2809=CARTESIAN_POINT('Origin',(83.833,73.751,30.157));
#2810=CARTESIAN_POINT('',(88.833,2.04899999999999,30.157));
#2811=CARTESIAN_POINT('',(88.833,58.304,30.157));
#2812=CARTESIAN_POINT('',(87.3682838970336,-1.48678389715418,30.157));
#2813=CARTESIAN_POINT('Origin',(83.833,2.049,30.157));
#2814=CARTESIAN_POINT('',(88.8325,2.0485,30.157));
#2815=CARTESIAN_POINT('Origin',(83.8325,2.04850000000001,30.157));
#2816=CARTESIAN_POINT('',(88.8325,7.00000000000003,30.157));
#2817=CARTESIAN_POINT('',(88.8325,21.12525,30.157));
#2818=CARTESIAN_POINT('',(78.4,7.00000000000003,30.157));
#2819=CARTESIAN_POINT('',(66.10475,7.00000000000003,30.157));
#2820=CARTESIAN_POINT('',(78.4,-2.951,30.157));
#2821=CARTESIAN_POINT('',(78.4,23.601,30.157));
#2822=CARTESIAN_POINT('',(7.00378389937926,-2.951,30.157));
#2823=CARTESIAN_POINT('',(64.3885,-2.951,30.157));
#2824=CARTESIAN_POINT('',(7.00187274690413,2.07500000000003,30.157));
#2825=CARTESIAN_POINT('',(6.99558209229581,18.6183320851394,30.157));
#2826=CARTESIAN_POINT('',(7.00000000000003,2.07500000000003,30.157));
#2827=CARTESIAN_POINT('',(25.1894363734521,2.07500000000003,30.157));
#2828=CARTESIAN_POINT('',(7.00000000000003,7.00000000000003,30.157));
#2829=CARTESIAN_POINT('',(7.00000000000003,21.1385,30.157));
#2830=CARTESIAN_POINT('',(-3.432,6.99603319884193,30.157));
#2831=CARTESIAN_POINT('',(25.1948099521836,7.00691863431652,30.157));
#2832=CARTESIAN_POINT('',(-3.432,68.8,30.157));
#2833=CARTESIAN_POINT('',(-3.432,20.202,30.157));
#2834=CARTESIAN_POINT('',(5.74000464071002,68.8,30.157));
#2835=CARTESIAN_POINT('',(19.97225,68.8,30.157));
#2836=CARTESIAN_POINT('',(5.74000464071002,78.751,30.157));
#2837=CARTESIAN_POINT('',(5.74000464071002,54.501,30.157));
#2838=CARTESIAN_POINT('',(21.6885,78.751,30.157));
#2839=CARTESIAN_POINT('',(50.377,52.202,30.157));
#2840=CARTESIAN_POINT('',(50.377,65.202,30.157));
#2841=CARTESIAN_POINT('',(50.377,46.202,30.157));
#2842=CARTESIAN_POINT('',(49.377,66.202,30.157));
#2843=CARTESIAN_POINT('Origin',(49.377,65.202,30.157));
#2844=CARTESIAN_POINT('',(36.377,66.202,30.157));
#2845=CARTESIAN_POINT('',(46.377,66.202,30.157));
#2846=CARTESIAN_POINT('',(35.377,65.202,30.157));
#2847=CARTESIAN_POINT('Origin',(36.377,65.202,30.157));
#2848=CARTESIAN_POINT('',(35.377,52.202,30.157));
#2849=CARTESIAN_POINT('',(35.377,52.702,30.157));
#2850=CARTESIAN_POINT('',(36.377,51.202,30.157));
#2851=CARTESIAN_POINT('Origin',(36.377,52.202,30.157));
#2852=CARTESIAN_POINT('',(49.377,51.202,30.157));
#2853=CARTESIAN_POINT('',(39.877,51.202,30.157));
#2854=CARTESIAN_POINT('Origin',(49.377,52.202,30.157));
#2855=CARTESIAN_POINT('',(69.377,52.202,30.157));
#2856=CARTESIAN_POINT('',(69.377,65.202,30.157));
#2857=CARTESIAN_POINT('',(69.377,46.202,30.157));
#2858=CARTESIAN_POINT('',(68.377,66.202,30.157));
#2859=CARTESIAN_POINT('Origin',(68.377,65.202,30.157));
#2860=CARTESIAN_POINT('',(55.377,66.202,30.157));
#2861=CARTESIAN_POINT('',(55.877,66.202,30.157));
#2862=CARTESIAN_POINT('',(54.377,65.202,30.157));
#2863=CARTESIAN_POINT('Origin',(55.377,65.202,30.157));
#2864=CARTESIAN_POINT('',(54.377,52.202,30.157));
#2865=CARTESIAN_POINT('',(54.377,52.702,30.157));
#2866=CARTESIAN_POINT('',(55.377,51.202,30.157));
#2867=CARTESIAN_POINT('Origin',(55.377,52.202,30.157));
#2868=CARTESIAN_POINT('',(68.377,51.202,30.157));
#2869=CARTESIAN_POINT('',(49.377,51.202,30.157));
#2870=CARTESIAN_POINT('Origin',(68.377,52.202,30.157));
#2871=CARTESIAN_POINT('',(31.377,52.202,30.157));
#2872=CARTESIAN_POINT('',(31.377,65.202,30.157));
#2873=CARTESIAN_POINT('',(31.377,46.202,30.157));
#2874=CARTESIAN_POINT('',(30.377,66.202,30.157));
#2875=CARTESIAN_POINT('Origin',(30.377,65.202,30.157));
#2876=CARTESIAN_POINT('',(17.377,66.202,30.157));
#2877=CARTESIAN_POINT('',(36.877,66.202,30.157));
#2878=CARTESIAN_POINT('',(16.377,65.202,30.157));
#2879=CARTESIAN_POINT('Origin',(17.377,65.202,30.157));
#2880=CARTESIAN_POINT('',(16.377,52.202,30.157));
#2881=CARTESIAN_POINT('',(16.377,52.702,30.157));
#2882=CARTESIAN_POINT('',(17.377,51.202,30.157));
#2883=CARTESIAN_POINT('Origin',(17.377,52.202,30.157));
#2884=CARTESIAN_POINT('',(30.377,51.202,30.157));
#2885=CARTESIAN_POINT('',(30.377,51.202,30.157));
#2886=CARTESIAN_POINT('Origin',(30.377,52.202,30.157));
#2887=CARTESIAN_POINT('',(31.377,33.202,30.157));
#2888=CARTESIAN_POINT('',(31.377,46.202,30.157));
#2889=CARTESIAN_POINT('',(31.377,36.702,30.157));
#2890=CARTESIAN_POINT('',(30.377,47.202,30.157));
#2891=CARTESIAN_POINT('Origin',(30.377,46.202,30.157));
#2892=CARTESIAN_POINT('',(17.377,47.202,30.157));
#2893=CARTESIAN_POINT('',(36.877,47.202,30.157));
#2894=CARTESIAN_POINT('',(16.377,46.202,30.157));
#2895=CARTESIAN_POINT('Origin',(17.377,46.202,30.157));
#2896=CARTESIAN_POINT('',(16.377,33.202,30.157));
#2897=CARTESIAN_POINT('',(16.377,43.202,30.157));
#2898=CARTESIAN_POINT('',(17.377,32.202,30.157));
#2899=CARTESIAN_POINT('Origin',(17.377,33.202,30.157));
#2900=CARTESIAN_POINT('',(30.377,32.202,30.157));
#2901=CARTESIAN_POINT('',(30.377,32.202,30.157));
#2902=CARTESIAN_POINT('Origin',(30.377,33.202,30.157));
#2903=CARTESIAN_POINT('',(50.377,33.202,30.157));
#2904=CARTESIAN_POINT('',(50.377,46.202,30.157));
#2905=CARTESIAN_POINT('',(50.377,36.702,30.157));
#2906=CARTESIAN_POINT('',(49.377,47.202,30.157));
#2907=CARTESIAN_POINT('Origin',(49.377,46.202,30.157));
#2908=CARTESIAN_POINT('',(36.377,47.202,30.157));
#2909=CARTESIAN_POINT('',(46.377,47.202,30.157));
#2910=CARTESIAN_POINT('',(35.377,46.202,30.157));
#2911=CARTESIAN_POINT('Origin',(36.377,46.202,30.157));
#2912=CARTESIAN_POINT('',(35.377,33.202,30.157));
#2913=CARTESIAN_POINT('',(35.377,43.202,30.157));
#2914=CARTESIAN_POINT('',(36.377,32.202,30.157));
#2915=CARTESIAN_POINT('Origin',(36.377,33.202,30.157));
#2916=CARTESIAN_POINT('',(49.377,32.202,30.157));
#2917=CARTESIAN_POINT('',(39.877,32.202,30.157));
#2918=CARTESIAN_POINT('Origin',(49.377,33.202,30.157));
#2919=CARTESIAN_POINT('',(69.377,33.202,30.157));
#2920=CARTESIAN_POINT('',(69.377,46.202,30.157));
#2921=CARTESIAN_POINT('',(69.377,36.702,30.157));
#2922=CARTESIAN_POINT('',(68.377,47.202,30.157));
#2923=CARTESIAN_POINT('Origin',(68.377,46.202,30.157));
#2924=CARTESIAN_POINT('',(55.377,47.202,30.157));
#2925=CARTESIAN_POINT('',(55.877,47.202,30.157));
#2926=CARTESIAN_POINT('',(54.377,46.202,30.157));
#2927=CARTESIAN_POINT('Origin',(55.377,46.202,30.157));
#2928=CARTESIAN_POINT('',(54.377,33.202,30.157));
#2929=CARTESIAN_POINT('',(54.377,43.202,30.157));
#2930=CARTESIAN_POINT('',(55.377,32.202,30.157));
#2931=CARTESIAN_POINT('Origin',(55.377,33.202,30.157));
#2932=CARTESIAN_POINT('',(68.377,32.202,30.157));
#2933=CARTESIAN_POINT('',(49.377,32.202,30.157));
#2934=CARTESIAN_POINT('Origin',(68.377,33.202,30.157));
#2935=CARTESIAN_POINT('Origin',(1.153752320355,73.77575,30.157));
#2936=CARTESIAN_POINT('',(-1.975,74.05,30.157));
#2937=CARTESIAN_POINT('Origin',(1.025,74.05,30.157));
#2938=CARTESIAN_POINT('',(2.525,74.05,30.157));
#2939=CARTESIAN_POINT('Origin',(1.025,74.05,30.157));
#2940=CARTESIAN_POINT('Origin',(1.025,74.05,28.157));
#2941=CARTESIAN_POINT('',(2.525,74.05,28.157));
#2942=CARTESIAN_POINT('',(2.525,74.05,28.157));
#2943=CARTESIAN_POINT('Origin',(1.025,74.05,28.157));
#2944=CARTESIAN_POINT('Origin',(5.74000464071002,68.8,28.157));
#2945=CARTESIAN_POINT('',(5.74000464071002,78.7515,28.157));
#2946=CARTESIAN_POINT('',(5.74000464071002,68.8,28.157));
#2947=CARTESIAN_POINT('',(5.74000464071002,78.7515,28.157));
#2948=CARTESIAN_POINT('',(5.74000464071002,78.7515,30.157));
#2949=CARTESIAN_POINT('',(5.74000464071002,78.7515,28.157));
#2950=CARTESIAN_POINT('',(5.74000464071002,78.7515,30.157));
#2951=CARTESIAN_POINT('',(5.74000464071002,68.8,28.157));
#2952=CARTESIAN_POINT('Origin',(-3.43250000000001,68.8,28.157));
#2953=CARTESIAN_POINT('',(-3.43250000000001,68.8,28.157));
#2954=CARTESIAN_POINT('',(5.74000464071002,68.8,28.157));
#2955=CARTESIAN_POINT('',(-3.43250000000001,68.8,30.157));
#2956=CARTESIAN_POINT('',(5.74000464071002,68.8,30.157));
#2957=CARTESIAN_POINT('',(-3.43250000000001,68.8,28.157));
#2958=CARTESIAN_POINT('Origin',(-3.43250000000001,73.7515,28.157));
#2959=CARTESIAN_POINT('',(-3.43250000000002,73.7515,28.157));
#2960=CARTESIAN_POINT('',(-3.43250000000001,68.8,28.157));
#2961=CARTESIAN_POINT('',(-3.43250000000002,73.7515,30.157));
#2962=CARTESIAN_POINT('',(-3.43250000000001,68.8,30.157));
#2963=CARTESIAN_POINT('',(-3.43250000000002,73.7515,28.157));
#2964=CARTESIAN_POINT('Origin',(1.56749999999998,73.7515,28.157));
#2965=CARTESIAN_POINT('',(1.56749999999998,78.7515,28.157));
#2966=CARTESIAN_POINT('Origin',(1.56749999999998,73.7515,28.157));
#2967=CARTESIAN_POINT('',(1.56749999999998,78.7515,30.157));
#2968=CARTESIAN_POINT('Origin',(1.56749999999998,73.7515,30.157));
#2969=CARTESIAN_POINT('',(1.56749999999998,78.7515,28.157));
#2970=CARTESIAN_POINT('Origin',(5.74000464071002,78.7515,28.157));
#2971=CARTESIAN_POINT('',(1.56749999999998,78.7515,28.157));
#2972=CARTESIAN_POINT('',(1.56749999999998,78.7515,30.157));
#2973=CARTESIAN_POINT('Origin',(1.153752320355,73.77575,30.157));
#2974=CARTESIAN_POINT('',(1.568,78.751,30.157));
#2975=CARTESIAN_POINT('',(21.6885,78.751,30.157));
#2976=CARTESIAN_POINT('',(-3.432,73.751,30.157));
#2977=CARTESIAN_POINT('',(-3.432,20.202,30.157));
#2978=CARTESIAN_POINT('Origin',(1.568,73.751,30.157));
#2979=CARTESIAN_POINT('Origin',(1.153752320355,73.77575,28.157));
#2980=CARTESIAN_POINT('Origin',(83.61625,2.02425000000002,30.157));
#2981=CARTESIAN_POINT('',(81.175,1.364,30.157));
#2982=CARTESIAN_POINT('Origin',(84.175,1.364,30.157));
#2983=CARTESIAN_POINT('',(85.675,1.364,30.157));
#2984=CARTESIAN_POINT('Origin',(84.175,1.364,30.157));
#2985=CARTESIAN_POINT('Origin',(83.61625,2.02425000000002,30.157));
#2986=CARTESIAN_POINT('',(83.833,-2.951,30.157));
#2987=CARTESIAN_POINT('Origin',(83.833,2.049,30.157));
#2988=CARTESIAN_POINT('',(64.3885,-2.951,30.157));
#2989=CARTESIAN_POINT('',(78.4,-2.9515,30.157));
#2990=CARTESIAN_POINT('',(78.4,7.00000000000003,30.157));
#2991=CARTESIAN_POINT('',(83.8325,-2.9515,30.157));
#2992=CARTESIAN_POINT('',(78.4,-2.9515,30.157));
#2993=CARTESIAN_POINT('Origin',(83.8325,2.04850000000001,30.157));
#2994=CARTESIAN_POINT('Origin',(84.175,1.364,28.157));
#2995=CARTESIAN_POINT('',(85.675,1.364,28.157));
#2996=CARTESIAN_POINT('',(85.675,1.364,28.157));
#2997=CARTESIAN_POINT('Origin',(84.175,1.364,28.157));
#2998=CARTESIAN_POINT('Origin',(78.4,-2.9515,28.157));
#2999=CARTESIAN_POINT('',(78.4,-2.9515,28.157));
#3000=CARTESIAN_POINT('',(83.8325,-2.9515,28.157));
#3001=CARTESIAN_POINT('',(78.4,-2.9515,28.157));
#3002=CARTESIAN_POINT('',(83.8325,-2.9515,28.157));
#3003=CARTESIAN_POINT('',(78.4,-2.9515,28.157));
#3004=CARTESIAN_POINT('Origin',(78.4,7.00000000000003,28.157));
#3005=CARTESIAN_POINT('',(78.4,7.00000000000003,28.157));
#3006=CARTESIAN_POINT('',(78.4,7.00000000000003,28.157));
#3007=CARTESIAN_POINT('',(78.4,7.00000000000003,28.157));
#3008=CARTESIAN_POINT('Origin',(88.8325,7.00000000000003,28.157));
#3009=CARTESIAN_POINT('',(88.8325,7.00000000000003,28.157));
#3010=CARTESIAN_POINT('',(88.8325,7.00000000000003,28.157));
#3011=CARTESIAN_POINT('',(88.8325,7.00000000000003,28.157));
#3012=CARTESIAN_POINT('Origin',(88.8325,2.0485,28.157));
#3013=CARTESIAN_POINT('',(88.8325,2.0485,28.157));
#3014=CARTESIAN_POINT('',(88.8325,2.0485,28.157));
#3015=CARTESIAN_POINT('',(88.8325,2.0485,28.157));
#3016=CARTESIAN_POINT('Origin',(83.8325,2.04850000000001,28.157));
#3017=CARTESIAN_POINT('Origin',(83.8325,2.04850000000001,28.157));
#3018=CARTESIAN_POINT('Origin',(83.61625,2.02425000000002,28.157));
#3019=CARTESIAN_POINT('Origin',(1.78564204447935,2.02425000000002,30.157));
#3020=CARTESIAN_POINT('',(4.025,1.364,30.157));
#3021=CARTESIAN_POINT('Origin',(1.025,1.364,30.157));
#3022=CARTESIAN_POINT('',(2.525,1.364,30.157));
#3023=CARTESIAN_POINT('Origin',(1.025,1.364,30.157));
#3024=CARTESIAN_POINT('Origin',(1.78564204447935,2.02425000000002,30.157));
#3025=CARTESIAN_POINT('',(-3.432,5.68111960815586,30.157));
#3026=CARTESIAN_POINT('',(-3.432,20.202,30.157));
#3027=CARTESIAN_POINT('',(-3.43250000000001,6.99603300871535,30.157));
#3028=CARTESIAN_POINT('',(7.00000000000003,7.00000000000003,30.157));
#3029=CARTESIAN_POINT('',(-3.43250000000001,6.99603300871535,30.157));
#3030=CARTESIAN_POINT('Origin',(1.025,1.364,28.157));
#3031=CARTESIAN_POINT('',(2.525,1.364,28.157));
#3032=CARTESIAN_POINT('',(2.525,1.364,28.157));
#3033=CARTESIAN_POINT('Origin',(1.025,1.364,28.157));
#3034=CARTESIAN_POINT('Origin',(-3.43250000000001,6.99603300871535,28.157));
#3035=CARTESIAN_POINT('',(-3.43250000000001,6.99603300871535,28.157));
#3036=CARTESIAN_POINT('',(-3.43061717679638,2.04453408614601,28.157));
#3037=CARTESIAN_POINT('',(-3.43250000000001,6.99603300871535,28.157));
#3038=CARTESIAN_POINT('',(-3.43061717679638,2.04453408614601,30.157));
#3039=CARTESIAN_POINT('',(-3.43061717679638,2.04453408614601,28.157));
#3040=CARTESIAN_POINT('',(-3.43880995218357,23.5901143743988,30.157));
#3041=CARTESIAN_POINT('',(-3.43250000000001,6.99603300871535,28.157));
#3042=CARTESIAN_POINT('Origin',(7.00000000000003,7.00000000000003,28.157));
#3043=CARTESIAN_POINT('',(7.00000000000003,7.00000000000003,28.157));
#3044=CARTESIAN_POINT('',(7.00000000000003,7.00000000000003,28.157));
#3045=CARTESIAN_POINT('',(7.00000000000003,7.00000000000003,28.157));
#3046=CARTESIAN_POINT('Origin',(7.00000000000003,2.07500000000003,28.157));
#3047=CARTESIAN_POINT('',(7.00000000000003,2.07500000000003,28.157));
#3048=CARTESIAN_POINT('',(7.00000000000003,2.07500000000003,28.157));
#3049=CARTESIAN_POINT('',(7.00000000000003,2.07500000000003,28.157));
#3050=CARTESIAN_POINT('Origin',(7.00187274690413,2.07500000000003,28.157));
#3051=CARTESIAN_POINT('',(7.00187274690413,2.07500000000003,28.157));
#3052=CARTESIAN_POINT('',(78.4,2.07500000000003,28.157));
#3053=CARTESIAN_POINT('',(7.00187274690413,2.07500000000003,28.157));
#3054=CARTESIAN_POINT('Origin',(7.0037840889587,-2.95149856108814,28.157));
#3055=CARTESIAN_POINT('',(7.0037840889587,-2.95149856108814,28.157));
#3056=CARTESIAN_POINT('',(7.0037840889587,-2.95149856108814,28.157));
#3057=CARTESIAN_POINT('',(7.0037840889587,-2.95149856108814,30.157));
#3058=CARTESIAN_POINT('',(7.0037840889587,-2.95149856108814,30.157));
#3059=CARTESIAN_POINT('',(7.0037840889587,-2.95149856108814,28.157));
#3060=CARTESIAN_POINT('Origin',(1.56749999999999,-2.95149999999999,28.157));
#3061=CARTESIAN_POINT('',(1.56749999999999,-2.95149999999999,28.157));
#3062=CARTESIAN_POINT('',(1.56749999999999,-2.95149999999999,28.157));
#3063=CARTESIAN_POINT('',(1.56749999999999,-2.95149999999999,30.157));
#3064=CARTESIAN_POINT('',(1.56749999999999,-2.95149999999999,30.157));
#3065=CARTESIAN_POINT('',(1.56749999999999,-2.95149999999999,28.157));
#3066=CARTESIAN_POINT('Origin',(1.56749999999999,2.0485,28.157));
#3067=CARTESIAN_POINT('',(-2.12634813003434,-1.3212902000335,28.157));
#3068=CARTESIAN_POINT('Origin',(1.56749999999999,2.0485,28.157));
#3069=CARTESIAN_POINT('',(-2.12634813003434,-1.3212902000335,30.157));
#3070=CARTESIAN_POINT('Origin',(1.56749999999999,2.0485,30.157));
#3071=CARTESIAN_POINT('',(-2.12634813003434,-1.3212902000335,28.157));
#3072=CARTESIAN_POINT('Origin',(1.56938246172246,2.04643535190105,28.157));
#3073=CARTESIAN_POINT('Origin',(1.56938246172246,2.04643535190105,28.157));
#3074=CARTESIAN_POINT('',(-2.83259096895292,-0.324773182924162,30.157));
#3075=CARTESIAN_POINT('Origin',(1.56938246172246,2.04643535190105,30.157));
#3076=CARTESIAN_POINT('Origin',(1.56938246172246,2.04643535190105,30.157));
#3077=CARTESIAN_POINT('Origin',(1.78564204447935,2.02425000000002,30.157));
#3078=CARTESIAN_POINT('',(1.568,-2.951,30.157));
#3079=CARTESIAN_POINT('Origin',(1.568,2.049,30.157));
#3080=CARTESIAN_POINT('',(64.3885,-2.951,30.157));
#3081=CARTESIAN_POINT('Origin',(1.78564204447935,2.02425000000002,28.157));
#3082=CARTESIAN_POINT('Origin',(43.377,40.202,30.157));
#3083=CARTESIAN_POINT('',(-3.432,2.049,30.157));
#3084=CARTESIAN_POINT('Origin',(1.568,2.049,30.157));
#3085=CARTESIAN_POINT('',(-3.432,20.202,30.157));
#3086=CARTESIAN_POINT('Origin',(1.568,73.751,33.157));
#3087=CARTESIAN_POINT('',(-3.432,73.751,32.157));
#3088=CARTESIAN_POINT('',(-3.432,73.751,33.157));
#3089=CARTESIAN_POINT('',(1.568,78.751,32.157));
#3090=CARTESIAN_POINT('Origin',(1.568,73.751,32.157));
#3091=CARTESIAN_POINT('',(1.568,78.751,33.157));
#3092=CARTESIAN_POINT('Origin',(43.377,40.202,32.157));
#3093=CARTESIAN_POINT('',(-3.432,2.049,32.157));
#3094=CARTESIAN_POINT('',(-3.432,20.202,32.157));
#3095=CARTESIAN_POINT('',(1.568,-2.951,32.157));
#3096=CARTESIAN_POINT('Origin',(1.568,2.049,32.157));
#3097=CARTESIAN_POINT('',(83.833,-2.951,32.157));
#3098=CARTESIAN_POINT('',(64.3885,-2.951,32.157));
#3099=CARTESIAN_POINT('',(88.833,2.049,32.157));
#3100=CARTESIAN_POINT('Origin',(83.833,2.049,32.157));
#3101=CARTESIAN_POINT('',(88.833,73.751,32.157));
#3102=CARTESIAN_POINT('',(88.833,39.048,32.157));
#3103=CARTESIAN_POINT('',(83.833,78.751,32.157));
#3104=CARTESIAN_POINT('Origin',(83.833,73.751,32.157));
#3105=CARTESIAN_POINT('',(21.6885,78.751,32.157));
#3106=CARTESIAN_POINT('',(81.175,1.364,32.157));
#3107=CARTESIAN_POINT('Origin',(84.175,1.364,32.157));
#3108=CARTESIAN_POINT('',(50.377,65.202,32.157));
#3109=CARTESIAN_POINT('',(50.377,52.202,32.157));
#3110=CARTESIAN_POINT('',(50.377,46.202,32.157));
#3111=CARTESIAN_POINT('',(49.377,51.202,32.157));
#3112=CARTESIAN_POINT('Origin',(49.377,52.202,32.157));
#3113=CARTESIAN_POINT('',(36.377,51.202,32.157));
#3114=CARTESIAN_POINT('',(39.877,51.202,32.157));
#3115=CARTESIAN_POINT('',(35.377,52.202,32.157));
#3116=CARTESIAN_POINT('Origin',(36.377,52.202,32.157));
#3117=CARTESIAN_POINT('',(35.377,65.202,32.157));
#3118=CARTESIAN_POINT('',(35.377,52.702,32.157));
#3119=CARTESIAN_POINT('',(36.377,66.202,32.157));
#3120=CARTESIAN_POINT('Origin',(36.377,65.202,32.157));
#3121=CARTESIAN_POINT('',(49.377,66.202,32.157));
#3122=CARTESIAN_POINT('',(46.377,66.202,32.157));
#3123=CARTESIAN_POINT('Origin',(49.377,65.202,32.157));
#3124=CARTESIAN_POINT('',(69.377,65.202,32.157));
#3125=CARTESIAN_POINT('',(69.377,52.202,32.157));
#3126=CARTESIAN_POINT('',(69.377,46.202,32.157));
#3127=CARTESIAN_POINT('',(68.377,51.202,32.157));
#3128=CARTESIAN_POINT('Origin',(68.377,52.202,32.157));
#3129=CARTESIAN_POINT('',(55.377,51.202,32.157));
#3130=CARTESIAN_POINT('',(49.377,51.202,32.157));
#3131=CARTESIAN_POINT('',(54.377,52.202,32.157));
#3132=CARTESIAN_POINT('Origin',(55.377,52.202,32.157));
#3133=CARTESIAN_POINT('',(54.377,65.202,32.157));
#3134=CARTESIAN_POINT('',(54.377,52.702,32.157));
#3135=CARTESIAN_POINT('',(55.377,66.202,32.157));
#3136=CARTESIAN_POINT('Origin',(55.377,65.202,32.157));
#3137=CARTESIAN_POINT('',(68.377,66.202,32.157));
#3138=CARTESIAN_POINT('',(55.877,66.202,32.157));
#3139=CARTESIAN_POINT('Origin',(68.377,65.202,32.157));
#3140=CARTESIAN_POINT('',(31.377,65.202,32.157));
#3141=CARTESIAN_POINT('',(31.377,52.202,32.157));
#3142=CARTESIAN_POINT('',(31.377,46.202,32.157));
#3143=CARTESIAN_POINT('',(30.377,51.202,32.157));
#3144=CARTESIAN_POINT('Origin',(30.377,52.202,32.157));
#3145=CARTESIAN_POINT('',(17.377,51.202,32.157));
#3146=CARTESIAN_POINT('',(30.377,51.202,32.157));
#3147=CARTESIAN_POINT('',(16.377,52.202,32.157));
#3148=CARTESIAN_POINT('Origin',(17.377,52.202,32.157));
#3149=CARTESIAN_POINT('',(16.377,65.202,32.157));
#3150=CARTESIAN_POINT('',(16.377,52.702,32.157));
#3151=CARTESIAN_POINT('',(17.377,66.202,32.157));
#3152=CARTESIAN_POINT('Origin',(17.377,65.202,32.157));
#3153=CARTESIAN_POINT('',(30.377,66.202,32.157));
#3154=CARTESIAN_POINT('',(36.877,66.202,32.157));
#3155=CARTESIAN_POINT('Origin',(30.377,65.202,32.157));
#3156=CARTESIAN_POINT('',(31.377,46.202,32.157));
#3157=CARTESIAN_POINT('',(31.377,33.202,32.157));
#3158=CARTESIAN_POINT('',(31.377,36.702,32.157));
#3159=CARTESIAN_POINT('',(30.377,32.202,32.157));
#3160=CARTESIAN_POINT('Origin',(30.377,33.202,32.157));
#3161=CARTESIAN_POINT('',(17.377,32.202,32.157));
#3162=CARTESIAN_POINT('',(30.377,32.202,32.157));
#3163=CARTESIAN_POINT('',(16.377,33.202,32.157));
#3164=CARTESIAN_POINT('Origin',(17.377,33.202,32.157));
#3165=CARTESIAN_POINT('',(16.377,46.202,32.157));
#3166=CARTESIAN_POINT('',(16.377,43.202,32.157));
#3167=CARTESIAN_POINT('',(17.377,47.202,32.157));
#3168=CARTESIAN_POINT('Origin',(17.377,46.202,32.157));
#3169=CARTESIAN_POINT('',(30.377,47.202,32.157));
#3170=CARTESIAN_POINT('',(36.877,47.202,32.157));
#3171=CARTESIAN_POINT('Origin',(30.377,46.202,32.157));
#3172=CARTESIAN_POINT('',(50.377,46.202,32.157));
#3173=CARTESIAN_POINT('',(50.377,33.202,32.157));
#3174=CARTESIAN_POINT('',(50.377,36.702,32.157));
#3175=CARTESIAN_POINT('',(49.377,32.202,32.157));
#3176=CARTESIAN_POINT('Origin',(49.377,33.202,32.157));
#3177=CARTESIAN_POINT('',(36.377,32.202,32.157));
#3178=CARTESIAN_POINT('',(39.877,32.202,32.157));
#3179=CARTESIAN_POINT('',(35.377,33.202,32.157));
#3180=CARTESIAN_POINT('Origin',(36.377,33.202,32.157));
#3181=CARTESIAN_POINT('',(35.377,46.202,32.157));
#3182=CARTESIAN_POINT('',(35.377,43.202,32.157));
#3183=CARTESIAN_POINT('',(36.377,47.202,32.157));
#3184=CARTESIAN_POINT('Origin',(36.377,46.202,32.157));
#3185=CARTESIAN_POINT('',(49.377,47.202,32.157));
#3186=CARTESIAN_POINT('',(46.377,47.202,32.157));
#3187=CARTESIAN_POINT('Origin',(49.377,46.202,32.157));
#3188=CARTESIAN_POINT('',(69.377,46.202,32.157));
#3189=CARTESIAN_POINT('',(69.377,33.202,32.157));
#3190=CARTESIAN_POINT('',(69.377,36.702,32.157));
#3191=CARTESIAN_POINT('',(68.377,32.202,32.157));
#3192=CARTESIAN_POINT('Origin',(68.377,33.202,32.157));
#3193=CARTESIAN_POINT('',(55.377,32.202,32.157));
#3194=CARTESIAN_POINT('',(49.377,32.202,32.157));
#3195=CARTESIAN_POINT('',(54.377,33.202,32.157));
#3196=CARTESIAN_POINT('Origin',(55.377,33.202,32.157));
#3197=CARTESIAN_POINT('',(54.377,46.202,32.157));
#3198=CARTESIAN_POINT('',(54.377,43.202,32.157));
#3199=CARTESIAN_POINT('',(55.377,47.202,32.157));
#3200=CARTESIAN_POINT('Origin',(55.377,46.202,32.157));
#3201=CARTESIAN_POINT('',(68.377,47.202,32.157));
#3202=CARTESIAN_POINT('',(55.877,47.202,32.157));
#3203=CARTESIAN_POINT('Origin',(68.377,46.202,32.157));
#3204=CARTESIAN_POINT('',(-1.975,74.05,32.157));
#3205=CARTESIAN_POINT('Origin',(1.025,74.05,32.157));
#3206=CARTESIAN_POINT('',(4.025,1.364,32.157));
#3207=CARTESIAN_POINT('Origin',(1.025,1.364,32.157));
#3208=CARTESIAN_POINT('',(81.175,74.05,32.157));
#3209=CARTESIAN_POINT('Origin',(84.175,74.05,32.157));
#3210=CARTESIAN_POINT('Origin',(-3.432,0.202,33.157));
#3211=CARTESIAN_POINT('',(-3.432,2.049,33.157));
#3212=CARTESIAN_POINT('Origin',(1.568,2.049,33.157));
#3213=CARTESIAN_POINT('',(1.568,-2.951,33.157));
#3214=CARTESIAN_POINT('Origin',(83.833,2.049,33.157));
#3215=CARTESIAN_POINT('',(88.833,2.049,33.157));
#3216=CARTESIAN_POINT('',(83.833,-2.951,33.157));
#3217=CARTESIAN_POINT('Origin',(88.833,76.204,33.157));
#3218=CARTESIAN_POINT('',(88.833,73.751,33.157));
#3219=CARTESIAN_POINT('Origin',(83.833,73.751,33.157));
#3220=CARTESIAN_POINT('',(83.833,78.751,33.157));
#3221=CARTESIAN_POINT('Origin',(0.,78.751,33.157));
#3222=CARTESIAN_POINT('Origin',(84.175,74.05,32.15));
#3223=CARTESIAN_POINT('',(81.175,74.05,32.15));
#3224=CARTESIAN_POINT('Origin',(84.175,1.364,32.15));
#3225=CARTESIAN_POINT('',(81.175,1.364,32.15));
#3226=CARTESIAN_POINT('Origin',(1.025,1.364,30.15));
#3227=CARTESIAN_POINT('',(4.025,1.364,30.15));
#3228=CARTESIAN_POINT('Origin',(1.025,74.05,32.15));
#3229=CARTESIAN_POINT('',(-1.975,74.05,32.15));
#3230=CARTESIAN_POINT('Origin',(85.4,-2.951,33.157));
#3231=CARTESIAN_POINT('Origin',(54.377,46.202,26.157));
#3232=CARTESIAN_POINT('',(54.377,33.202,26.157));
#3233=CARTESIAN_POINT('',(54.377,46.202,26.157));
#3234=CARTESIAN_POINT('Origin',(55.377,46.202,26.157));
#3235=CARTESIAN_POINT('',(55.377,47.202,26.157));
#3236=CARTESIAN_POINT('Origin',(68.377,47.202,26.157));
#3237=CARTESIAN_POINT('',(68.377,47.202,26.157));
#3238=CARTESIAN_POINT('Origin',(68.377,46.202,26.157));
#3239=CARTESIAN_POINT('',(69.377,46.202,26.157));
#3240=CARTESIAN_POINT('Origin',(69.377,33.202,26.157));
#3241=CARTESIAN_POINT('',(69.377,33.202,26.157));
#3242=CARTESIAN_POINT('Origin',(68.377,33.202,26.157));
#3243=CARTESIAN_POINT('',(68.377,32.202,26.157));
#3244=CARTESIAN_POINT('Origin',(55.377,32.202,26.157));
#3245=CARTESIAN_POINT('',(55.377,32.202,26.157));
#3246=CARTESIAN_POINT('Origin',(55.377,33.202,26.157));
#3247=CARTESIAN_POINT('Origin',(35.377,46.202,26.157));
#3248=CARTESIAN_POINT('',(35.377,33.202,26.157));
#3249=CARTESIAN_POINT('',(35.377,46.202,26.157));
#3250=CARTESIAN_POINT('Origin',(36.377,46.202,26.157));
#3251=CARTESIAN_POINT('',(36.377,47.202,26.157));
#3252=CARTESIAN_POINT('Origin',(49.377,47.202,26.157));
#3253=CARTESIAN_POINT('',(49.377,47.202,26.157));
#3254=CARTESIAN_POINT('Origin',(49.377,46.202,26.157));
#3255=CARTESIAN_POINT('',(50.377,46.202,26.157));
#3256=CARTESIAN_POINT('Origin',(50.377,33.202,26.157));
#3257=CARTESIAN_POINT('',(50.377,33.202,26.157));
#3258=CARTESIAN_POINT('Origin',(49.377,33.202,26.157));
#3259=CARTESIAN_POINT('',(49.377,32.202,26.157));
#3260=CARTESIAN_POINT('Origin',(36.377,32.202,26.157));
#3261=CARTESIAN_POINT('',(36.377,32.202,26.157));
#3262=CARTESIAN_POINT('Origin',(36.377,33.202,26.157));
#3263=CARTESIAN_POINT('Origin',(16.377,46.202,26.157));
#3264=CARTESIAN_POINT('',(16.377,33.202,26.157));
#3265=CARTESIAN_POINT('',(16.377,46.202,26.157));
#3266=CARTESIAN_POINT('Origin',(17.377,46.202,26.157));
#3267=CARTESIAN_POINT('',(17.377,47.202,26.157));
#3268=CARTESIAN_POINT('Origin',(30.377,47.202,26.157));
#3269=CARTESIAN_POINT('',(30.377,47.202,26.157));
#3270=CARTESIAN_POINT('Origin',(30.377,46.202,26.157));
#3271=CARTESIAN_POINT('',(31.377,46.202,26.157));
#3272=CARTESIAN_POINT('Origin',(31.377,33.202,26.157));
#3273=CARTESIAN_POINT('',(31.377,33.202,26.157));
#3274=CARTESIAN_POINT('Origin',(30.377,33.202,26.157));
#3275=CARTESIAN_POINT('',(30.377,32.202,26.157));
#3276=CARTESIAN_POINT('Origin',(17.377,32.202,26.157));
#3277=CARTESIAN_POINT('',(17.377,32.202,26.157));
#3278=CARTESIAN_POINT('Origin',(17.377,33.202,26.157));
#3279=CARTESIAN_POINT('Origin',(16.377,65.202,26.157));
#3280=CARTESIAN_POINT('',(16.377,52.202,26.157));
#3281=CARTESIAN_POINT('',(16.377,65.202,26.157));
#3282=CARTESIAN_POINT('Origin',(17.377,65.202,26.157));
#3283=CARTESIAN_POINT('',(17.377,66.202,26.157));
#3284=CARTESIAN_POINT('Origin',(30.377,66.202,26.157));
#3285=CARTESIAN_POINT('',(30.377,66.202,26.157));
#3286=CARTESIAN_POINT('Origin',(30.377,65.202,26.157));
#3287=CARTESIAN_POINT('',(31.377,65.202,26.157));
#3288=CARTESIAN_POINT('Origin',(31.377,52.202,26.157));
#3289=CARTESIAN_POINT('',(31.377,52.202,26.157));
#3290=CARTESIAN_POINT('Origin',(30.377,52.202,26.157));
#3291=CARTESIAN_POINT('',(30.377,51.202,26.157));
#3292=CARTESIAN_POINT('Origin',(17.377,51.202,26.157));
#3293=CARTESIAN_POINT('',(17.377,51.202,26.157));
#3294=CARTESIAN_POINT('Origin',(17.377,52.202,26.157));
#3295=CARTESIAN_POINT('Origin',(54.377,65.202,26.157));
#3296=CARTESIAN_POINT('',(54.377,52.202,26.157));
#3297=CARTESIAN_POINT('',(54.377,65.202,26.157));
#3298=CARTESIAN_POINT('Origin',(55.377,65.202,26.157));
#3299=CARTESIAN_POINT('',(55.377,66.202,26.157));
#3300=CARTESIAN_POINT('Origin',(68.377,66.202,26.157));
#3301=CARTESIAN_POINT('',(68.377,66.202,26.157));
#3302=CARTESIAN_POINT('Origin',(68.377,65.202,26.157));
#3303=CARTESIAN_POINT('',(69.377,65.202,26.157));
#3304=CARTESIAN_POINT('Origin',(69.377,52.202,26.157));
#3305=CARTESIAN_POINT('',(69.377,52.202,26.157));
#3306=CARTESIAN_POINT('Origin',(68.377,52.202,26.157));
#3307=CARTESIAN_POINT('',(68.377,51.202,26.157));
#3308=CARTESIAN_POINT('Origin',(55.377,51.202,26.157));
#3309=CARTESIAN_POINT('',(55.377,51.202,26.157));
#3310=CARTESIAN_POINT('Origin',(55.377,52.202,26.157));
#3311=CARTESIAN_POINT('Origin',(35.377,65.202,26.157));
#3312=CARTESIAN_POINT('',(35.377,52.202,26.157));
#3313=CARTESIAN_POINT('',(35.377,65.202,26.157));
#3314=CARTESIAN_POINT('Origin',(36.377,65.202,26.157));
#3315=CARTESIAN_POINT('',(36.377,66.202,26.157));
#3316=CARTESIAN_POINT('Origin',(49.377,66.202,26.157));
#3317=CARTESIAN_POINT('',(49.377,66.202,26.157));
#3318=CARTESIAN_POINT('Origin',(49.377,65.202,26.157));
#3319=CARTESIAN_POINT('',(50.377,65.202,26.157));
#3320=CARTESIAN_POINT('Origin',(50.377,52.202,26.157));
#3321=CARTESIAN_POINT('',(50.377,52.202,26.157));
#3322=CARTESIAN_POINT('Origin',(49.377,52.202,26.157));
#3323=CARTESIAN_POINT('',(49.377,51.202,26.157));
#3324=CARTESIAN_POINT('Origin',(36.377,51.202,26.157));
#3325=CARTESIAN_POINT('',(36.377,51.202,26.157));
#3326=CARTESIAN_POINT('Origin',(36.377,52.202,26.157));
#3327=UNCERTAINTY_MEASURE_WITH_UNIT(LENGTH_MEASURE(0.01),#3331,
'DISTANCE_ACCURACY_VALUE',
'Maximum model space distance between geometric entities at asserted c
onnectivities');
#3328=UNCERTAINTY_MEASURE_WITH_UNIT(LENGTH_MEASURE(0.01),#3331,
'DISTANCE_ACCURACY_VALUE',
'Maximum model space distance between geometric entities at asserted c
onnectivities');
#3329=(
GEOMETRIC_REPRESENTATION_CONTEXT(3)
GLOBAL_UNCERTAINTY_ASSIGNED_CONTEXT((#3327))
GLOBAL_UNIT_ASSIGNED_CONTEXT((#3331,#3333,#3334))
REPRESENTATION_CONTEXT('','3D')
);
#3330=(
GEOMETRIC_REPRESENTATION_CONTEXT(3)
GLOBAL_UNCERTAINTY_ASSIGNED_CONTEXT((#3328))
GLOBAL_UNIT_ASSIGNED_CONTEXT((#3331,#3333,#3334))
REPRESENTATION_CONTEXT('','3D')
);
#3331=(
LENGTH_UNIT()
NAMED_UNIT(*)
SI_UNIT(.MILLI.,.METRE.)
);
#3332=(
LENGTH_UNIT()
NAMED_UNIT(*)
SI_UNIT($,.METRE.)
);
#3333=(
NAMED_UNIT(*)
PLANE_ANGLE_UNIT()
SI_UNIT($,.RADIAN.)
);
#3334=(
NAMED_UNIT(*)
SI_UNIT($,.STERADIAN.)
SOLID_ANGLE_UNIT()
);
#3335=SHAPE_DEFINITION_REPRESENTATION(#3336,#3337);
#3336=PRODUCT_DEFINITION_SHAPE('',$,#3339);
#3337=SHAPE_REPRESENTATION('',(#1989),#3329);
#3338=PRODUCT_DEFINITION_CONTEXT('part definition',#3343,'design');
#3339=PRODUCT_DEFINITION('2026-09-06-00-19-12-033','Blare V2',#3340,#3338);
#3340=PRODUCT_DEFINITION_FORMATION('',$,#3345);
#3341=PRODUCT_RELATED_PRODUCT_CATEGORY('Blare V2','Blare V2',(#3345));
#3342=APPLICATION_PROTOCOL_DEFINITION('international standard',
'automotive_design',2009,#3343);
#3343=APPLICATION_CONTEXT(
'Core Data for Automotive Mechanical Design Process');
#3344=PRODUCT_CONTEXT('part definition',#3343,'mechanical');
#3345=PRODUCT('2026-09-06-00-19-12-033','Blare V2',$,(#3344));
#3346=PRESENTATION_STYLE_ASSIGNMENT((#3364));
#3347=PRESENTATION_STYLE_ASSIGNMENT((#3365));
#3348=PRESENTATION_STYLE_ASSIGNMENT((#3366));
#3349=PRESENTATION_STYLE_ASSIGNMENT((#3367));
#3350=PRESENTATION_STYLE_ASSIGNMENT((#3368));
#3351=PRESENTATION_STYLE_ASSIGNMENT((#3369));
#3352=PRESENTATION_STYLE_ASSIGNMENT((#3370));
#3353=PRESENTATION_STYLE_ASSIGNMENT((#3371));
#3354=PRESENTATION_STYLE_ASSIGNMENT((#3372));
#3355=PRESENTATION_STYLE_ASSIGNMENT((#3373));
#3356=PRESENTATION_STYLE_ASSIGNMENT((#3374));
#3357=PRESENTATION_STYLE_ASSIGNMENT((#3375));
#3358=PRESENTATION_STYLE_ASSIGNMENT((#3376));
#3359=PRESENTATION_STYLE_ASSIGNMENT((#3377));
#3360=PRESENTATION_STYLE_ASSIGNMENT((#3378));
#3361=PRESENTATION_STYLE_ASSIGNMENT((#3379));
#3362=PRESENTATION_STYLE_ASSIGNMENT((#3380));
#3363=PRESENTATION_STYLE_ASSIGNMENT((#3381));
#3364=SURFACE_STYLE_USAGE(.BOTH.,#3382);
#3365=SURFACE_STYLE_USAGE(.BOTH.,#3383);
#3366=SURFACE_STYLE_USAGE(.BOTH.,#3384);
#3367=SURFACE_STYLE_USAGE(.BOTH.,#3385);
#3368=SURFACE_STYLE_USAGE(.BOTH.,#3386);
#3369=SURFACE_STYLE_USAGE(.BOTH.,#3387);
#3370=SURFACE_STYLE_USAGE(.BOTH.,#3388);
#3371=SURFACE_STYLE_USAGE(.BOTH.,#3389);
#3372=SURFACE_STYLE_USAGE(.BOTH.,#3390);
#3373=SURFACE_STYLE_USAGE(.BOTH.,#3391);
#3374=SURFACE_STYLE_USAGE(.BOTH.,#3392);
#3375=SURFACE_STYLE_USAGE(.BOTH.,#3393);
#3376=SURFACE_STYLE_USAGE(.BOTH.,#3394);
#3377=SURFACE_STYLE_USAGE(.BOTH.,#3395);
#3378=SURFACE_STYLE_USAGE(.BOTH.,#3396);
#3379=SURFACE_STYLE_USAGE(.BOTH.,#3397);
#3380=SURFACE_STYLE_USAGE(.BOTH.,#3398);
#3381=SURFACE_STYLE_USAGE(.BOTH.,#3399);
#3382=SURFACE_SIDE_STYLE('',(#3400));
#3383=SURFACE_SIDE_STYLE('',(#3401));
#3384=SURFACE_SIDE_STYLE('',(#3402));
#3385=SURFACE_SIDE_STYLE('',(#3403));
#3386=SURFACE_SIDE_STYLE('',(#3404));
#3387=SURFACE_SIDE_STYLE('',(#3405));
#3388=SURFACE_SIDE_STYLE('',(#3406));
#3389=SURFACE_SIDE_STYLE('',(#3407));
#3390=SURFACE_SIDE_STYLE('',(#3408));
#3391=SURFACE_SIDE_STYLE('',(#3409));
#3392=SURFACE_SIDE_STYLE('',(#3410));
#3393=SURFACE_SIDE_STYLE('',(#3411));
#3394=SURFACE_SIDE_STYLE('',(#3412));
#3395=SURFACE_SIDE_STYLE('',(#3413));
#3396=SURFACE_SIDE_STYLE('',(#3414));
#3397=SURFACE_SIDE_STYLE('',(#3415));
#3398=SURFACE_SIDE_STYLE('',(#3416));
#3399=SURFACE_SIDE_STYLE('',(#3417));
#3400=SURFACE_STYLE_FILL_AREA(#3418);
#3401=SURFACE_STYLE_FILL_AREA(#3419);
#3402=SURFACE_STYLE_FILL_AREA(#3420);
#3403=SURFACE_STYLE_FILL_AREA(#3421);
#3404=SURFACE_STYLE_FILL_AREA(#3422);
#3405=SURFACE_STYLE_FILL_AREA(#3423);
#3406=SURFACE_STYLE_FILL_AREA(#3424);
#3407=SURFACE_STYLE_FILL_AREA(#3425);
#3408=SURFACE_STYLE_FILL_AREA(#3426);
#3409=SURFACE_STYLE_FILL_AREA(#3427);
#3410=SURFACE_STYLE_FILL_AREA(#3428);
#3411=SURFACE_STYLE_FILL_AREA(#3429);
#3412=SURFACE_STYLE_FILL_AREA(#3430);
#3413=SURFACE_STYLE_FILL_AREA(#3431);
#3414=SURFACE_STYLE_FILL_AREA(#3432);
#3415=SURFACE_STYLE_FILL_AREA(#3433);
#3416=SURFACE_STYLE_FILL_AREA(#3434);
#3417=SURFACE_STYLE_FILL_AREA(#3435);
#3418=FILL_AREA_STYLE('Steel - Satin',(#3436));
#3419=FILL_AREA_STYLE('Opaque(25,25,25)',(#3437));
#3420=FILL_AREA_STYLE('Opaque(196,197,196)',(#3438));
#3421=FILL_AREA_STYLE('Opaque(214,48,48)',(#3439));
#3422=FILL_AREA_STYLE('ABS (White)',(#3440));
#3423=FILL_AREA_STYLE('Opaque(210,209,199)',(#3441));
#3424=FILL_AREA_STYLE('Opaque(178,25,13)',(#3442));
#3425=FILL_AREA_STYLE('Opaque(0,161,191)',(#3443));
#3426=FILL_AREA_STYLE('Opaque(247,224,153)',(#3444));
#3427=FILL_AREA_STYLE('Opaque(244,229,167)',(#3445));
#3428=FILL_AREA_STYLE('Opaque(160,160,160)',(#3446));
#3429=FILL_AREA_STYLE('Opaque(246,246,243)',(#3447));
#3430=FILL_AREA_STYLE('Opaque(80,124,105)',(#3448));
#3431=FILL_AREA_STYLE('Opaque(38,37,37)',(#3449));
#3432=FILL_AREA_STYLE('Opaque(219,188,126)',(#3450));
#3433=FILL_AREA_STYLE('Opaque(206,109,38)',(#3451));
#3434=FILL_AREA_STYLE('Opaque(157,207,237)',(#3452));
#3435=FILL_AREA_STYLE('Opaque(40,40,40)',(#3453));
#3436=FILL_AREA_STYLE_COLOUR('Steel - Satin',#3454);
#3437=FILL_AREA_STYLE_COLOUR('Opaque(25,25,25)',#3455);
#3438=FILL_AREA_STYLE_COLOUR('Opaque(196,197,196)',#3456);
#3439=FILL_AREA_STYLE_COLOUR('Opaque(214,48,48)',#3457);
#3440=FILL_AREA_STYLE_COLOUR('ABS (White)',#3458);
#3441=FILL_AREA_STYLE_COLOUR('Opaque(210,209,199)',#3459);
#3442=FILL_AREA_STYLE_COLOUR('Opaque(178,25,13)',#3460);
#3443=FILL_AREA_STYLE_COLOUR('Opaque(0,161,191)',#3461);
#3444=FILL_AREA_STYLE_COLOUR('Opaque(247,224,153)',#3462);
#3445=FILL_AREA_STYLE_COLOUR('Opaque(244,229,167)',#3463);
#3446=FILL_AREA_STYLE_COLOUR('Opaque(160,160,160)',#3464);
#3447=FILL_AREA_STYLE_COLOUR('Opaque(246,246,243)',#3465);
#3448=FILL_AREA_STYLE_COLOUR('Opaque(80,124,105)',#3466);
#3449=FILL_AREA_STYLE_COLOUR('Opaque(38,37,37)',#3467);
#3450=FILL_AREA_STYLE_COLOUR('Opaque(219,188,126)',#3468);
#3451=FILL_AREA_STYLE_COLOUR('Opaque(206,109,38)',#3469);
#3452=FILL_AREA_STYLE_COLOUR('Opaque(157,207,237)',#3470);
#3453=FILL_AREA_STYLE_COLOUR('Opaque(40,40,40)',#3471);
#3454=COLOUR_RGB('Steel - Satin',0.627450980392157,0.627450980392157,0.627450980392157);
#3455=COLOUR_RGB('Opaque(25,25,25)',0.0980392156862745,0.0980392156862745,
0.0980392156862745);
#3456=COLOUR_RGB('Opaque(196,197,196)',0.768627450980392,0.772549019607843,
0.768627450980392);
#3457=COLOUR_RGB('Opaque(214,48,48)',0.83921568627451,0.188235294117647,
0.188235294117647);
#3458=COLOUR_RGB('ABS (White)',0.964705882352941,0.964705882352941,0.952941176470588);
#3459=COLOUR_RGB('Opaque(210,209,199)',0.823529411764706,0.819607843137255,
0.780392156862745);
#3460=COLOUR_RGB('Opaque(178,25,13)',0.698039215686274,0.0980392156862745,
0.0509803921568627);
#3461=COLOUR_RGB('Opaque(0,161,191)',0.,0.631372549019608,0.749019607843137);
#3462=COLOUR_RGB('Opaque(247,224,153)',0.968627450980392,0.87843137254902,
0.6);
#3463=COLOUR_RGB('Opaque(244,229,167)',0.956862745098039,0.898039215686275,
0.654901960784314);
#3464=COLOUR_RGB('Opaque(160,160,160)',0.627450980392157,0.627450980392157,
0.627450980392157);
#3465=COLOUR_RGB('Opaque(246,246,243)',0.964705882352941,0.964705882352941,
0.952941176470588);
#3466=COLOUR_RGB('Opaque(80,124,105)',0.313725490196078,0.486274509803922,
0.411764705882353);
#3467=COLOUR_RGB('Opaque(38,37,37)',0.149019607843137,0.145098039215686,
0.145098039215686);
#3468=COLOUR_RGB('Opaque(219,188,126)',0.858823529411765,0.737254901960784,
0.494117647058824);
#3469=COLOUR_RGB('Opaque(206,109,38)',0.807843137254902,0.427450980392157,
0.149019607843137);
#3470=COLOUR_RGB('Opaque(157,207,237)',0.615686274509804,0.811764705882353,
0.929411764705882);
#3471=COLOUR_RGB('Opaque(40,40,40)',0.156862745098039,0.156862745098039,
0.156862745098039);
ENDSEC;
END-ISO-10303-21;
